main,source,source_line,source_pos,branch,raw_speaker_id,raw_name,raw_text,dialogue_id,audit_key,scene,sequence_order,resolved_speaker,runtime_speaker_id,runtime_speaker_display_name,runtime_subtitle_text,spoken_text,heard_text,listening_evidence,canonical_story_doc,canonical_story_doc_text,manifest_dialogue_id,manifest_speaker,manifest_text,manifest_file,expected_voice_character,catalog_audioclip,catalog_guid,wav_file,source_hash_equal,replacement_source,runtime_listening_pass,runtime_playback_pass,source_rms_db,semantic_listening_required,portrait_character,expected_portrait_rule,audit_result,notes,wav_seconds,wav_sample_rate,wav_channels,wav_sha256,semantic_risk,semantic_priority,risk_score,risk_reasons,current_semantic_state,protected_pass,pcm_hash,rms_dbfs,peak_dbfs,sample_count,sentence_count,text_length,gameplay_sequence,gameplay_sequence_rank,gameplay_page,playback_locations,recommended_action
0,Unity/Client/Assets/_Project/Scripts/Core/OpeningIntroSequence.cs,26,899,Intro,narrator,Narrator,"태초에, 신은 세상을 창조했다.",opening_001,M00:Unity/Client/Assets/_Project/Scripts/Core/OpeningIntroSequence.cs:899,OpeningIntro,1,narrator,narrator,Narrator,"태초에, 신은 세상을 창조했다.","태초에, 신은 세상을 창조했다.",,,문서\03_스토리\LOCAL_Story_Dialogue_원문_부록.md,"태초에, 신은 세상을 창조했다.",opening_001,Narrator,"태초에, 신은 세상을 창조했다.",Tools/TTS/opening_narration.csv,narrator,Unity/Client/Assets/_Project/Audio/Voice/Opening/opening_001.wav,898a4dc5497d4cb89e69e12a3b775454,opening_001.wav,,,False,False,-20.527977278008187,False,NONE,narrator (미제작은 NONE),NEEDS_LISTENING,,4.06,24000,1,0f6aa2903fda54f0dee187a3c42603b81885cbb4de4f73cfee373ade983234d0,MEDIUM,SEMANTIC_LISTENING_PRIORITY_MEDIUM,20,IMPORTANT_STORY_UNLISTENED,NEEDS_LISTENING,False,e2c36149e771b5beb731fa211813330f1b588e0e5d1c9f43510318d47f0ae88f,-20.527977278008187,-5.521006836878608,97440,1,12,Intro,1,1,,LISTEN_COMPARE_FULL_RUNTIME_TEXT
0,Unity/Client/Assets/_Project/Scripts/Core/OpeningIntroSequence.cs,27,1000,Intro,narrator,Narrator,그 세상은 완전했다.,opening_002,M00:Unity/Client/Assets/_Project/Scripts/Core/OpeningIntroSequence.cs:1000,OpeningIntro,2,narrator,narrator,Narrator,그 세상은 완전했다.,그 세상은 완전했다.,,,문서\03_스토리\LOCAL_Story_Dialogue_원문_부록.md,그 세상은 완전했다.,opening_002,Narrator,그 세상은 완전했다.,Tools/TTS/opening_narration.csv,narrator,Unity/Client/Assets/_Project/Audio/Voice/Opening/opening_002.wav,6d60a144bd8f4cd4829e46775d17749f,opening_002.wav,,,False,False,-22.65825665024313,False,NONE,narrator (미제작은 NONE),NEEDS_LISTENING,,3.21,24000,1,e283a7c284bb38daf7761edcf2f29f81392cf199c414b185224c5b65bce6346a,MEDIUM,SEMANTIC_LISTENING_PRIORITY_MEDIUM,20,IMPORTANT_STORY_UNLISTENED,NEEDS_LISTENING,False,c882812d957440eefcf053fdea75d83a09288e3e99832b81a4cdb151d3b55bf5,-22.65825665024313,-8.472846759160857,77040,1,8,Intro,1,2,,LISTEN_COMPARE_FULL_RUNTIME_TEXT
0,Unity/Client/Assets/_Project/Scripts/Core/OpeningIntroSequence.cs,28,1095,Intro,narrator,Narrator,"아픔도 없었고,
슬픔도 없었으며,
부족함도 없었다.",opening_003,M00:Unity/Client/Assets/_Project/Scripts/Core/OpeningIntroSequence.cs:1095,OpeningIntro,3,narrator,narrator,Narrator,"아픔도 없었고,
슬픔도 없었으며,
부족함도 없었다.","아픔도 없었고,
슬픔도 없었으며,
부족함도 없었다.",,,문서\03_스토리\LOCAL_Story_Dialogue_원문_부록.md,"아픔도 없었고,
슬픔도 없었으며,
부족함도 없었다.",opening_003,Narrator,"아픔도 없었고,
슬픔도 없었으며,
부족함도 없었다.",Tools/TTS/opening_narration.csv,narrator,Unity/Client/Assets/_Project/Audio/Voice/Opening/opening_003.wav,b160e6e630bd46b1bc0ec62ec4f25a2f,opening_003.wav,,,False,False,-24.772706107852265,False,NONE,narrator (미제작은 NONE),NEEDS_LISTENING,,6.63,24000,1,dcdf306ac193519e12aa8cdae113ef55404150f97116b76409d639db1025db29,MEDIUM,SEMANTIC_LISTENING_PRIORITY_MEDIUM,45,LONG_MULTI_SENTENCE_OR_3_LINES;IMPORTANT_STORY_UNLISTENED,NEEDS_LISTENING,False,72ab89634b12e4cadafa4fe7c949b6b2b62c3ad567bf32c206bed5262b132e0d,-24.772706107852265,-4.786658915923482,159120,1,20,Intro,1,3,,LISTEN_COMPARE_FULL_RUNTIME_TEXT
0,Unity/Client/Assets/_Project/Scripts/Core/OpeningIntroSequence.cs,29,1209,Intro,narrator,Narrator,"모든 존재는 강했고,
누구의 도움도 필요로 하지 않았다.",opening_004,M00:Unity/Client/Assets/_Project/Scripts/Core/OpeningIntroSequence.cs:1209,OpeningIntro,4,narrator,narrator,Narrator,"모든 존재는 강했고,
누구의 도움도 필요로 하지 않았다.","모든 존재는 강했고,
누구의 도움도 필요로 하지 않았다.",,,문서\03_스토리\LOCAL_Story_Dialogue_원문_부록.md,"모든 존재는 강했고,
누구의 도움도 필요로 하지 않았다.",opening_004,Narrator,"모든 존재는 강했고,
누구의 도움도 필요로 하지 않았다.",Tools/TTS/opening_narration.csv,narrator,Unity/Client/Assets/_Project/Audio/Voice/Opening/opening_004.wav,ab7d8b89bc2a4030845802c462a866d9,opening_004.wav,,,False,False,-21.271991723664854,False,NONE,narrator (미제작은 NONE),NEEDS_LISTENING,,5.97,24000,1,2cbde3ef967e1a2745afb018ba5cbddc4035d77520d5351d18cbc769d7b478db,MEDIUM,SEMANTIC_LISTENING_PRIORITY_MEDIUM,20,IMPORTANT_STORY_UNLISTENED,NEEDS_LISTENING,False,145db63284de593901131fc87821b09f6d0652a6298ccb074b3afe40d98ec68d,-21.271991723664854,-4.101930918294466,143280,1,22,Intro,1,4,,LISTEN_COMPARE_FULL_RUNTIME_TEXT
0,Unity/Client/Assets/_Project/Scripts/Core/OpeningIntroSequence.cs,30,1325,Intro,narrator,Narrator,완벽한 존재는 누구도 필요로 하지 않는다.,opening_005,M00:Unity/Client/Assets/_Project/Scripts/Core/OpeningIntroSequence.cs:1325,OpeningIntro,5,narrator,narrator,Narrator,완벽한 존재는 누구도 필요로 하지 않는다.,완벽한 존재는 누구도 필요로 하지 않는다.,,,문서\03_스토리\LOCAL_Story_Dialogue_원문_부록.md,완벽한 존재는 누구도 필요로 하지 않는다.,opening_005,Narrator,완벽한 존재는 누구도 필요로 하지 않는다.,Tools/TTS/opening_narration.csv,narrator,Unity/Client/Assets/_Project/Audio/Voice/Opening/opening_005.wav,6ab436724ad54c988981dcc955675a84,opening_005.wav,,,False,False,-22.564126737345905,False,NONE,narrator (미제작은 NONE),NEEDS_LISTENING,,4.45,24000,1,e8c459908dde7cb230fd55a4306a288c9050b6e232c5ba5e02c37f6dc6e385a9,MEDIUM,SEMANTIC_LISTENING_PRIORITY_MEDIUM,20,IMPORTANT_STORY_UNLISTENED,NEEDS_LISTENING,False,1c631d9fb0818a36e6b981e90bd08e3e9bd92023056a0ab6f2990ec878eadf65,-22.564126737345905,-5.163589053216695,106800,1,17,Intro,1,5,,LISTEN_COMPARE_FULL_RUNTIME_TEXT
0,Unity/Client/Assets/_Project/Scripts/Core/OpeningIntroSequence.cs,31,1436,Intro,narrator,Narrator,"그러나 시간이 흐를수록
세상은 조금씩 멈춰 갔다.",opening_006,M00:Unity/Client/Assets/_Project/Scripts/Core/OpeningIntroSequence.cs:1436,OpeningIntro,6,narrator,narrator,Narrator,"그러나 시간이 흐를수록
세상은 조금씩 멈춰 갔다.","그러나 시간이 흐를수록
세상은 조금씩 멈춰 갔다.",,,문서\03_스토리\LOCAL_Story_Dialogue_원문_부록.md,"그러나 시간이 흐를수록
세상은 조금씩 멈춰 갔다.",opening_006,Narrator,"그러나 시간이 흐를수록
세상은 조금씩 멈춰 갔다.",Tools/TTS/opening_narration.csv,narrator,Unity/Client/Assets/_Project/Audio/Voice/Opening/opening_006.wav,a9a1d71cb4234fe2916222ed673964b9,opening_006.wav,,,False,False,-22.75763050244163,False,NONE,narrator (미제작은 NONE),NEEDS_LISTENING,,5.5,24000,1,b0b56b18aa31165522790a158b7a3bfe79f7aa738a2478a2169ec079d7d47099,MEDIUM,SEMANTIC_LISTENING_PRIORITY_MEDIUM,20,IMPORTANT_STORY_UNLISTENED,NEEDS_LISTENING,False,670085fd400936e83ab56d968188d617d1e073901eeb37c18b6d887c631ca29c,-22.75763050244163,-6.633355673653135,132000,1,20,Intro,1,6,,LISTEN_COMPARE_FULL_RUNTIME_TEXT
0,Unity/Client/Assets/_Project/Scripts/Core/OpeningIntroSequence.cs,32,1552,Intro,narrator,Narrator,누구도 서로를 필요로 하지 않았기 때문이다.,opening_007,M00:Unity/Client/Assets/_Project/Scripts/Core/OpeningIntroSequence.cs:1552,OpeningIntro,7,narrator,narrator,Narrator,누구도 서로를 필요로 하지 않았기 때문이다.,누구도 서로를 필요로 하지 않았기 때문이다.,,,문서\03_스토리\LOCAL_Story_Dialogue_원문_부록.md,누구도 서로를 필요로 하지 않았기 때문이다.,opening_007,Narrator,누구도 서로를 필요로 하지 않았기 때문이다.,Tools/TTS/opening_narration.csv,narrator,Unity/Client/Assets/_Project/Audio/Voice/Opening/opening_007.wav,d7b78bb93e5a44e2bb6881a5455baf36,opening_007.wav,,,False,False,-21.99422714617111,False,NONE,narrator (미제작은 NONE),NEEDS_LISTENING,,4.04,24000,1,de1b9e02db27284a8a19f429463473df392f63c13e145cbe751f4eba0fd1e010,MEDIUM,SEMANTIC_LISTENING_PRIORITY_MEDIUM,20,IMPORTANT_STORY_UNLISTENED,NEEDS_LISTENING,False,7f799031e49fe79588e9da3266fb2b9b69d0b514225962ea6e2136cf6c77167f,-21.99422714617111,-7.353617773991417,96960,1,18,Intro,1,7,,LISTEN_COMPARE_FULL_RUNTIME_TEXT
0,Unity/Client/Assets/_Project/Scripts/Core/OpeningIntroSequence.cs,33,1664,Intro,narrator,Narrator,신은 자신이 만든 세상을 바라보았다.,opening_008,M00:Unity/Client/Assets/_Project/Scripts/Core/OpeningIntroSequence.cs:1664,OpeningIntro,8,narrator,narrator,Narrator,신은 자신이 만든 세상을 바라보았다.,신은 자신이 만든 세상을 바라보았다.,,,문서\03_스토리\LOCAL_Story_Dialogue_원문_부록.md,신은 자신이 만든 세상을 바라보았다.,opening_008,Narrator,신은 자신이 만든 세상을 바라보았다.,Tools/TTS/opening_narration.csv,narrator,Unity/Client/Assets/_Project/Audio/Voice/Opening/opening_008.wav,af25648b3a3a4439b06adae3a184669f,opening_008.wav,,,False,False,-20.79900543501195,False,NONE,narrator (미제작은 NONE),NEEDS_LISTENING,,3.94,24000,1,fd59c1358baa5936e3ced73b6b78ad3ab86369cec173cbe02db937e8b0a35c07,MEDIUM,SEMANTIC_LISTENING_PRIORITY_MEDIUM,20,IMPORTANT_STORY_UNLISTENED,NEEDS_LISTENING,False,c96c8a0e9eb28bef900936edb68ae022f060c75257eab7f10129c98078f44406,-20.79900543501195,-3.6392471316161505,94560,1,15,Intro,1,8,,LISTEN_COMPARE_FULL_RUNTIME_TEXT
0,Unity/Client/Assets/_Project/Scripts/Core/OpeningIntroSequence.cs,34,1767,Intro,narrator,Narrator,그리고 세상에 하나의 선물을 남겼다.,opening_009,M00:Unity/Client/Assets/_Project/Scripts/Core/OpeningIntroSequence.cs:1767,OpeningIntro,9,narrator,narrator,Narrator,그리고 세상에 하나의 선물을 남겼다.,그리고 세상에 하나의 선물을 남겼다.,,,문서\03_스토리\LOCAL_Story_Dialogue_원문_부록.md,그리고 세상에 하나의 선물을 남겼다.,opening_009,Narrator,그리고 세상에 하나의 선물을 남겼다.,Tools/TTS/opening_narration.csv,narrator,Unity/Client/Assets/_Project/Audio/Voice/Opening/opening_009.wav,1bd4e4be00544f36b37abfca1a275ddd,opening_009.wav,,,False,False,-22.56120034799011,False,NONE,narrator (미제작은 NONE),NEEDS_LISTENING,,4.44,24000,1,2d1565a577c367f97ce0059734d35fe0f0c0f482f6b1a06b93a3dfc6bbf049ee,MEDIUM,SEMANTIC_LISTENING_PRIORITY_MEDIUM,20,IMPORTANT_STORY_UNLISTENED,NEEDS_LISTENING,False,10fe3722d140c5e264e47d580d415c1c0b231afc5d368e9acc2284c33db28f44,-22.56120034799011,-6.045552518257972,106560,1,15,Intro,1,9,,LISTEN_COMPARE_FULL_RUNTIME_TEXT
0,Unity/Client/Assets/_Project/Scripts/Core/OpeningIntroSequence.cs,35,1870,Intro,narrator,Narrator,Limit,opening_010,M00:Unity/Client/Assets/_Project/Scripts/Core/OpeningIntroSequence.cs:1870,OpeningIntro,10,narrator,narrator,Narrator,Limit,Limit,,,문서\03_스토리\LOCAL_Story_Dialogue_원문_부록.md;문서\00_프로젝트\Intro_Storyteller4_적용_QA.md,Limit,opening_010,Narrator,Limit,Tools/TTS/opening_narration.csv,narrator,Unity/Client/Assets/_Project/Audio/Voice/Opening/opening_010.wav,c14e94ebcb1447279492ae87ff6466af,opening_010.wav,,,False,False,-21.628416480467877,False,NONE,narrator (미제작은 NONE),NEEDS_LISTENING,,1.82,24000,1,fa68a5dd52ca3c8af937a0c520171c92aab732ff8be3eac3e88045c32dedc59e,MEDIUM,SEMANTIC_LISTENING_PRIORITY_MEDIUM,20,IMPORTANT_STORY_UNLISTENED,NEEDS_LISTENING,False,cae27b063782d0d654b10b613bc450b015cb00f503f61564bc341081878082e7,-21.628416480467877,-5.884888345714279,43680,1,5,Intro,1,10,,LISTEN_COMPARE_FULL_RUNTIME_TEXT
0,Unity/Client/Assets/_Project/Scripts/Core/OpeningIntroSequence.cs,36,1959,Intro,narrator,Narrator,사람들은 서로 달라졌다.,opening_011,M00:Unity/Client/Assets/_Project/Scripts/Core/OpeningIntroSequence.cs:1959,OpeningIntro,11,narrator,narrator,Narrator,사람들은 서로 달라졌다.,사람들은 서로 달라졌다.,,,문서\03_스토리\LOCAL_Story_Dialogue_원문_부록.md,사람들은 서로 달라졌다.,opening_011,Narrator,사람들은 서로 달라졌다.,Tools/TTS/opening_narration.csv,narrator,Unity/Client/Assets/_Project/Audio/Voice/Opening/opening_011.wav,56ea0ef7c1ea4440bff2555168092651,opening_011.wav,,,False,False,-22.769390237565833,False,NONE,narrator (미제작은 NONE),NEEDS_LISTENING,,3.01,24000,1,6cf54a3897ae70716ffe004ac91f76f634cc51fb0a38355c99f70a9aed3d0955,MEDIUM,SEMANTIC_LISTENING_PRIORITY_MEDIUM,20,IMPORTANT_STORY_UNLISTENED,NEEDS_LISTENING,False,f01661c781605a1f52d135bef662ff0abcd1d9b67a8ac110782886a562ca8287,-22.769390237565833,-6.095673813012032,72240,1,10,Intro,1,11,,LISTEN_COMPARE_FULL_RUNTIME_TEXT
0,Unity/Client/Assets/_Project/Scripts/Core/OpeningIntroSequence.cs,37,2057,Intro,narrator,Narrator,"혼자서는 할 수 없는 일이 생겼고,
때로는 누군가의 손이 필요해졌다.",opening_012,M00:Unity/Client/Assets/_Project/Scripts/Core/OpeningIntroSequence.cs:2057,OpeningIntro,12,narrator,narrator,Narrator,"혼자서는 할 수 없는 일이 생겼고,
때로는 누군가의 손이 필요해졌다.","혼자서는 할 수 없는 일이 생겼고,
때로는 누군가의 손이 필요해졌다.",,,문서\03_스토리\LOCAL_Story_Dialogue_원문_부록.md,"혼자서는 할 수 없는 일이 생겼고,
때로는 누군가의 손이 필요해졌다.",opening_012,Narrator,"혼자서는 할 수 없는 일이 생겼고,
때로는 누군가의 손이 필요해졌다.",Tools/TTS/opening_narration.csv,narrator,Unity/Client/Assets/_Project/Audio/Voice/Opening/opening_012.wav,b6b90e6dfc3241a49333fc34c25a728c,opening_012.wav,,,False,False,-19.917873579980707,False,NONE,narrator (미제작은 NONE),NEEDS_LISTENING,,6.59,24000,1,d17633f46a695843840e7ba3ade618d8999b51c6eb6b89aaf6fa2a904f809317,MEDIUM,SEMANTIC_LISTENING_PRIORITY_MEDIUM,20,IMPORTANT_STORY_UNLISTENED,NEEDS_LISTENING,False,c6edac6b686e6ad881a6296bf6b2afdf82c7b34748c26a28d55a6cf648c2bb3b,-19.917873579980707,-5.780094044229809,158160,1,27,Intro,1,12,,LISTEN_COMPARE_FULL_RUNTIME_TEXT
0,Unity/Client/Assets/_Project/Scripts/Core/OpeningIntroSequence.cs,38,2181,Intro,narrator,Narrator,"그리고 아주 오랜 시간이 흐른 뒤
사람들은 조금씩 깨닫기 시작했다.",opening_013,M00:Unity/Client/Assets/_Project/Scripts/Core/OpeningIntroSequence.cs:2181,OpeningIntro,13,narrator,narrator,Narrator,"그리고 아주 오랜 시간이 흐른 뒤
사람들은 조금씩 깨닫기 시작했다.","그리고 아주 오랜 시간이 흐른 뒤
사람들은 조금씩 깨닫기 시작했다.",,,문서\03_스토리\LOCAL_Story_Dialogue_원문_부록.md,"그리고 아주 오랜 시간이 흐른 뒤
사람들은 조금씩 깨닫기 시작했다.",opening_013,Narrator,"그리고 아주 오랜 시간이 흐른 뒤
사람들은 조금씩 깨닫기 시작했다.",Tools/TTS/opening_narration.csv,narrator,Unity/Client/Assets/_Project/Audio/Voice/Opening/opening_013.wav,32bdcbfa215e41fcad3fb552a2a5857b,opening_013.wav,,,False,False,-22.395398635932064,False,NONE,narrator (미제작은 NONE),NEEDS_LISTENING,,7.36,24000,1,66690a9065abafe874c60a88d736554abd87e63f712e5713133a30f3b64cd207,MEDIUM,SEMANTIC_LISTENING_PRIORITY_MEDIUM,20,IMPORTANT_STORY_UNLISTENED,NEEDS_LISTENING,False,029bc20167a28e9b7ddf762e7fcc5971d7c9c09626ad6cc9465f126e68118cfe,-22.395398635932064,-5.524010429659873,176640,1,27,Intro,1,13,,LISTEN_COMPARE_FULL_RUNTIME_TEXT
0,Unity/Client/Assets/_Project/Scripts/Core/OpeningIntroSequence.cs,39,2303,Intro,narrator,Narrator,한계는 단지 약함이 아니었다.,opening_014,M00:Unity/Client/Assets/_Project/Scripts/Core/OpeningIntroSequence.cs:2303,OpeningIntro,14,narrator,narrator,Narrator,한계는 단지 약함이 아니었다.,한계는 단지 약함이 아니었다.,,,문서\03_스토리\LOCAL_Story_Dialogue_원문_부록.md,한계는 단지 약함이 아니었다.,opening_014,Narrator,한계는 단지 약함이 아니었다.,Tools/TTS/opening_narration.csv,narrator,Unity/Client/Assets/_Project/Audio/Voice/Opening/opening_014.wav,bf47465911e34e25a98f2b7e8eb8be81,opening_014.wav,,,False,False,-20.023520329468035,False,NONE,narrator (미제작은 NONE),NEEDS_LISTENING,,3.56,24000,1,0941c1781a899884cf82febb11159a1ba075ea67d86545927cf0f8426ec5e1d3,MEDIUM,SEMANTIC_LISTENING_PRIORITY_MEDIUM,20,IMPORTANT_STORY_UNLISTENED,NEEDS_LISTENING,False,baeb56b8fa026c1564ad4b60afda06cf46bd8279815da3175185ceb64ab9812d,-20.023520329468035,-5.44575639717333,85440,1,12,Intro,1,14,,LISTEN_COMPARE_FULL_RUNTIME_TEXT
0,Unity/Client/Assets/_Project/Scripts/Core/OpeningIntroSequence.cs,40,2403,Intro,narrator,Narrator,"서로를 만나게 하는 이유였고,
서로 다른 힘을 이어 주는 시작이었다.",opening_015,M00:Unity/Client/Assets/_Project/Scripts/Core/OpeningIntroSequence.cs:2403,OpeningIntro,15,narrator,narrator,Narrator,"서로를 만나게 하는 이유였고,
서로 다른 힘을 이어 주는 시작이었다.","서로를 만나게 하는 이유였고,
서로 다른 힘을 이어 주는 시작이었다.",,,문서\03_스토리\LOCAL_Story_Dialogue_원문_부록.md,"서로를 만나게 하는 이유였고,
서로 다른 힘을 이어 주는 시작이었다.",opening_015,Narrator,"서로를 만나게 하는 이유였고,
서로 다른 힘을 이어 주는 시작이었다.",Tools/TTS/opening_narration.csv,narrator,Unity/Client/Assets/_Project/Audio/Voice/Opening/opening_015.wav,5f085a66aaa24d5dbd22994323623ef3,opening_015.wav,,,False,False,-20.11522194367827,False,NONE,narrator (미제작은 NONE),NEEDS_LISTENING,,6.11,24000,1,1ba51dda21ac85a2c3d98c6d2960bb36a5571431d6e09c6b0b121b0792a92fea,MEDIUM,SEMANTIC_LISTENING_PRIORITY_MEDIUM,20,IMPORTANT_STORY_UNLISTENED,NEEDS_LISTENING,False,94e92074a53deb35d7f3fa43b17cf6633abc3dcbfc879f7de3c3c6445dd07c88,-20.11522194367827,-5.930939681937777,146640,1,27,Intro,1,15,,LISTEN_COMPARE_FULL_RUNTIME_TEXT
0,Unity/Client/Assets/_Project/Scripts/Core/OpeningIntroSequence.cs,41,2526,Intro,narrator,Narrator,모든 사람에게는 한계가 있다.,opening_016,M00:Unity/Client/Assets/_Project/Scripts/Core/OpeningIntroSequence.cs:2526,OpeningIntro,16,narrator,narrator,Narrator,모든 사람에게는 한계가 있다.,모든 사람에게는 한계가 있다.,,,문서\03_스토리\LOCAL_Story_Dialogue_원문_부록.md,모든 사람에게는 한계가 있다.,opening_016,Narrator,모든 사람에게는 한계가 있다.,Tools/TTS/opening_narration.csv,narrator,Unity/Client/Assets/_Project/Audio/Voice/Opening/opening_016.wav,6223342999d7401b89a9fb8edc7f92b1,opening_016.wav,,,False,False,-19.76739610228806,False,NONE,narrator (미제작은 NONE),NEEDS_LISTENING,,3.33,24000,1,fd263a8bf537c0a286acc888e622fb58b7f14f71dcdf42254fa8f1c025061236,MEDIUM,SEMANTIC_LISTENING_PRIORITY_MEDIUM,20,IMPORTANT_STORY_UNLISTENED,NEEDS_LISTENING,False,1b70d398ab0b92010978023ed0828880d1518792775329561aeeaa6ad664a06d,-19.76739610228806,-4.329755060792023,79920,1,12,Intro,1,16,,LISTEN_COMPARE_FULL_RUNTIME_TEXT
0,Unity/Client/Assets/_Project/Scripts/Core/OpeningIntroSequence.cs,42,2628,Intro,narrator,Narrator,"그리고 모든 사람에게는
그 너머로 나아갈 길이 있다.",opening_017,M00:Unity/Client/Assets/_Project/Scripts/Core/OpeningIntroSequence.cs:2628,OpeningIntro,17,narrator,narrator,Narrator,"그리고 모든 사람에게는
그 너머로 나아갈 길이 있다.","그리고 모든 사람에게는
그 너머로 나아갈 길이 있다.",,,문서\03_스토리\LOCAL_Story_Dialogue_원문_부록.md,"그리고 모든 사람에게는
그 너머로 나아갈 길이 있다.",opening_017,Narrator,"그리고 모든 사람에게는
그 너머로 나아갈 길이 있다.",Tools/TTS/opening_narration.csv,narrator,Unity/Client/Assets/_Project/Audio/Voice/Opening/opening_017.wav,fc6c3fc29e86496cb252ee6c8f30274d,opening_017.wav,,,False,False,-21.056619656734078,False,NONE,narrator (미제작은 NONE),NEEDS_LISTENING,,5.4,24000,1,a0ed16c17d7a0257209984c1e0d0d3e9a537ef36865206cb709a1d4134bea4a0,MEDIUM,SEMANTIC_LISTENING_PRIORITY_MEDIUM,20,IMPORTANT_STORY_UNLISTENED,NEEDS_LISTENING,False,ee0aea79469518ff89b4aeddff54326cb235647bb4c1c022461dfc74b2585ee1,-21.056619656734078,-5.879149058163897,129600,1,21,Intro,1,17,,LISTEN_COMPARE_FULL_RUNTIME_TEXT
0,Unity/Client/Assets/_Project/Scripts/Core/OpeningIntroSequence.cs,43,2744,Intro,narrator,Narrator,"이제, 당신의 길을 선택할 시간이다.",opening_018,M00:Unity/Client/Assets/_Project/Scripts/Core/OpeningIntroSequence.cs:2744,OpeningIntro,18,narrator,narrator,Narrator,"이제, 당신의 길을 선택할 시간이다.","이제, 당신의 길을 선택할 시간이다.",,,문서\03_스토리\LOCAL_Story_Dialogue_원문_부록.md,"이제, 당신의 길을 선택할 시간이다.",opening_018,Narrator,"이제, 당신의 길을 선택할 시간이다.",Tools/TTS/opening_narration.csv,narrator,Unity/Client/Assets/_Project/Audio/Voice/Opening/opening_018.wav,1c3c8094ed314d9abe729fd92016d1ae,opening_018.wav,,,False,False,-22.999388643820737,False,NONE,narrator (미제작은 NONE),NEEDS_LISTENING,,3.78,24000,1,9abbcd549044e41ee11cea90b08d49de9a3bfd6dade45db19326c371c8853f5d,MEDIUM,SEMANTIC_LISTENING_PRIORITY_MEDIUM,20,IMPORTANT_STORY_UNLISTENED,NEEDS_LISTENING,False,adc11e6175fb5adbda6a3a3da49e13eef0581cbe49ce988dd98b3fc3a25a3df2,-22.999388643820737,-4.977779913457524,90720,1,14,Intro,1,18,,LISTEN_COMPARE_FULL_RUNTIME_TEXT
1,Unity/Client/Assets/_Project/Scripts/NPC/MainQuest01NpcFlow.cs,15,517,RepresentativeDialogue,starter-village-main-guide,주민 대표,처음 보는 얼굴이군요. 여행자이십니까?,,M01:Unity/Client/Assets/_Project/Scripts/NPC/MainQuest01NpcFlow.cs:517,World_StarterVillage,1,starter-village-main-guide,starter-village-main-guide,주민 대표,처음 보는 얼굴이군요. 여행자이십니까?,처음 보는 얼굴이군요. 여행자이십니까?,,,문서\03_스토리\LOCAL_Story_Dialogue_원문_부록.md,처음 보는 얼굴이군요. 여행자이십니까?,,,,,NONE,,,,,,False,False,,False,NONE,starter-village-main-guide (미제작은 NONE),OK,,,,,,NOT_VOICE_TARGET,,,,OK,False,,,,,,,RepresentativeDialogue,1,1,,
1,Unity/Client/Assets/_Project/Scripts/NPC/MainQuest01NpcFlow.cs,16,554,RepresentativeDialogue,starter-village-main-guide,주민 대표,"마침 잘 오셨다고 해야 할지 모르겠군요.
요 며칠 초원의 몬스터들이 마을 가까이까지 내려오고 있습니다.",,M01:Unity/Client/Assets/_Project/Scripts/NPC/MainQuest01NpcFlow.cs:554,World_StarterVillage,2,starter-village-main-guide,starter-village-main-guide,주민 대표,"마침 잘 오셨다고 해야 할지 모르겠군요.
요 며칠 초원의 몬스터들이 마을 가까이까지 내려오고 있습니다.","마침 잘 오셨다고 해야 할지 모르겠군요.
요 며칠 초원의 몬스터들이 마을 가까이까지 내려오고 있습니다.",,,문서\03_스토리\LOCAL_Story_Dialogue_원문_부록.md,"마침 잘 오셨다고 해야 할지 모르겠군요.
요 며칠 초원의 몬스터들이 마을 가까이까지 내려오고 있습니다.",,,,,NONE,,,,,,False,False,,False,NONE,starter-village-main-guide (미제작은 NONE),OK,,,,,,NOT_VOICE_TARGET,,,,OK,False,,,,,,,RepresentativeDialogue,1,2,,
1,Unity/Client/Assets/_Project/Scripts/NPC/MainQuest01NpcFlow.cs,17,628,RepresentativeDialogue,starter-village-main-guide,주민 대표,"아직 큰 피해는 없지만, 평소와는 분명히 달라요.",,M01:Unity/Client/Assets/_Project/Scripts/NPC/MainQuest01NpcFlow.cs:628,World_StarterVillage,3,starter-village-main-guide,starter-village-main-guide,주민 대표,"아직 큰 피해는 없지만, 평소와는 분명히 달라요.","아직 큰 피해는 없지만, 평소와는 분명히 달라요.",,,문서\03_스토리\LOCAL_Story_Dialogue_원문_부록.md,"아직 큰 피해는 없지만, 평소와는 분명히 달라요.",,,,,NONE,,,,,,False,False,,False,NONE,starter-village-main-guide (미제작은 NONE),OK,,,,,,NOT_VOICE_TARGET,,,,OK,False,,,,,,,RepresentativeDialogue,1,3,,
1,Unity/Client/Assets/_Project/Scripts/NPC/MainQuest01NpcFlow.cs,18,671,RepresentativeDialogue,starter-village-main-guide,주민 대표,"남문을 지키는 경비가 상황을 가장 잘 알고 있을 겁니다.
시간이 괜찮으시다면 한번 이야기를 들어주시겠습니까?",,M01:Unity/Client/Assets/_Project/Scripts/NPC/MainQuest01NpcFlow.cs:671,World_StarterVillage,4,starter-village-main-guide,starter-village-main-guide,주민 대표,"남문을 지키는 경비가 상황을 가장 잘 알고 있을 겁니다.
시간이 괜찮으시다면 한번 이야기를 들어주시겠습니까?","남문을 지키는 경비가 상황을 가장 잘 알고 있을 겁니다.
시간이 괜찮으시다면 한번 이야기를 들어주시겠습니까?",,,문서\03_스토리\LOCAL_Story_Dialogue_원문_부록.md,"남문을 지키는 경비가 상황을 가장 잘 알고 있을 겁니다.
시간이 괜찮으시다면 한번 이야기를 들어주시겠습니까?",,,,,NONE,,,,,,False,False,,False,NONE,starter-village-main-guide (미제작은 NONE),OK,,,,,,NOT_VOICE_TARGET,,,,OK,False,,,,,,,RepresentativeDialogue,1,4,,
1,Unity/Client/Assets/_Project/Scripts/NPC/MainQuest01NpcFlow.cs,19,748,RepresentativeDialogue,starter-village-main-guide,주민 대표,무슨 일이 있었는지 들어보겠습니다.,,M01:Unity/Client/Assets/_Project/Scripts/NPC/MainQuest01NpcFlow.cs:748,World_StarterVillage,5,starter-village-main-guide,starter-village-main-guide,주민 대표,무슨 일이 있었는지 들어보겠습니다.,무슨 일이 있었는지 들어보겠습니다.,,,문서\03_스토리\LOCAL_Story_Dialogue_원문_부록.md,무슨 일이 있었는지 들어보겠습니다.,,,,,NONE,,,,,,False,False,,False,NONE,starter-village-main-guide (미제작은 NONE),OK,,,,,,NOT_VOICE_TARGET,,,,OK,False,,,,,,,RepresentativeDialogue,1,5,,
1,Unity/Client/Assets/_Project/Scripts/NPC/MainQuest01NpcFlow.cs,24,861,GuardDialogue,starter-village-gate-guard,남문 경비병,주민 대표에게 이야기를 들으셨군요.,,M01:Unity/Client/Assets/_Project/Scripts/NPC/MainQuest01NpcFlow.cs:861,World_StarterVillage,1,starter-village-gate-guard,starter-village-gate-guard,남문 경비병,주민 대표에게 이야기를 들으셨군요.,주민 대표에게 이야기를 들으셨군요.,,,문서\03_스토리\LOCAL_Story_Dialogue_원문_부록.md,주민 대표에게 이야기를 들으셨군요.,,,,,NONE,,,,,,False,False,,False,NONE,starter-village-gate-guard (미제작은 NONE),OK,,,,,,NOT_VOICE_TARGET,,,,OK,False,,,,,,,GuardDialogue,2,1,,
1,Unity/Client/Assets/_Project/Scripts/NPC/MainQuest01NpcFlow.cs,25,896,GuardDialogue,starter-village-gate-guard,남문 경비병,"평소라면 초원 안쪽에서나 보이던 녀석들입니다.
그런데 며칠 전부터 길 근처까지 내려오기 시작했습니다.",,M01:Unity/Client/Assets/_Project/Scripts/NPC/MainQuest01NpcFlow.cs:896,World_StarterVillage,2,starter-village-gate-guard,starter-village-gate-guard,남문 경비병,"평소라면 초원 안쪽에서나 보이던 녀석들입니다.
그런데 며칠 전부터 길 근처까지 내려오기 시작했습니다.","평소라면 초원 안쪽에서나 보이던 녀석들입니다.
그런데 며칠 전부터 길 근처까지 내려오기 시작했습니다.",,,문서\03_스토리\LOCAL_Story_Dialogue_원문_부록.md,"평소라면 초원 안쪽에서나 보이던 녀석들입니다.
그런데 며칠 전부터 길 근처까지 내려오기 시작했습니다.",,,,,NONE,,,,,,False,False,,False,NONE,starter-village-gate-guard (미제작은 NONE),OK,,,,,,NOT_VOICE_TARGET,,,,OK,False,,,,,,,GuardDialogue,2,2,,
1,Unity/Client/Assets/_Project/Scripts/NPC/MainQuest01NpcFlow.cs,26,969,GuardDialogue,starter-village-gate-guard,남문 경비병,쫓아내도 다시 나타나고요.,,M01:Unity/Client/Assets/_Project/Scripts/NPC/MainQuest01NpcFlow.cs:969,World_StarterVillage,3,starter-village-gate-guard,starter-village-gate-guard,남문 경비병,쫓아내도 다시 나타나고요.,쫓아내도 다시 나타나고요.,,,문서\03_스토리\LOCAL_Story_Dialogue_원문_부록.md,쫓아내도 다시 나타나고요.,,,,,NONE,,,,,,False,False,,False,NONE,starter-village-gate-guard (미제작은 NONE),OK,,,,,,NOT_VOICE_TARGET,,,,OK,False,,,,,,,GuardDialogue,2,3,,
1,Unity/Client/Assets/_Project/Scripts/NPC/MainQuest01NpcFlow.cs,27,999,GuardDialogue,starter-village-gate-guard,남문 경비병,"이상한 건, 마을을 노리고 오는 것 같지는 않다는 겁니다.",,M01:Unity/Client/Assets/_Project/Scripts/NPC/MainQuest01NpcFlow.cs:999,World_StarterVillage,4,starter-village-gate-guard,starter-village-gate-guard,남문 경비병,"이상한 건, 마을을 노리고 오는 것 같지는 않다는 겁니다.","이상한 건, 마을을 노리고 오는 것 같지는 않다는 겁니다.",,,문서\03_스토리\LOCAL_Story_Dialogue_원문_부록.md,"이상한 건, 마을을 노리고 오는 것 같지는 않다는 겁니다.",,,,,NONE,,,,,,False,False,,False,NONE,starter-village-gate-guard (미제작은 NONE),OK,,,,,,NOT_VOICE_TARGET,,,,OK,False,,,,,,,GuardDialogue,2,4,,
1,Unity/Client/Assets/_Project/Scripts/NPC/MainQuest01NpcFlow.cs,28,1047,GuardDialogue,starter-village-gate-guard,남문 경비병,놈들이 어디서부터 내려오는 건지 확인할 수 있다면 도움이 될 텐데요.,,M01:Unity/Client/Assets/_Project/Scripts/NPC/MainQuest01NpcFlow.cs:1047,World_StarterVillage,5,starter-village-gate-guard,starter-village-gate-guard,남문 경비병,놈들이 어디서부터 내려오는 건지 확인할 수 있다면 도움이 될 텐데요.,놈들이 어디서부터 내려오는 건지 확인할 수 있다면 도움이 될 텐데요.,,,문서\03_스토리\LOCAL_Story_Dialogue_원문_부록.md,놈들이 어디서부터 내려오는 건지 확인할 수 있다면 도움이 될 텐데요.,,,,,NONE,,,,,,False,False,,False,NONE,starter-village-gate-guard (미제작은 NONE),OK,,,,,,NOT_VOICE_TARGET,,,,OK,False,,,,,,,GuardDialogue,2,5,,
2,Unity/Client/Assets/_Project/Scripts/World/MainQuest02FieldFlow.cs,92,4362,all_paths/common_conclusion,,조사,"이 흔적을 보면, 몬스터들이 마을을 향해 몰려온 것이라기보다 무언가를 피해 이쪽으로 밀려온 것 같다.",,M02:Unity/Client/Assets/_Project/Scripts/World/MainQuest02FieldFlow.cs:4362,Field_01,1,,,조사,"이 흔적을 보면, 몬스터들이 마을을 향해 몰려온 것이라기보다 무언가를 피해 이쪽으로 밀려온 것 같다.","이 흔적을 보면, 몬스터들이 마을을 향해 몰려온 것이라기보다 무언가를 피해 이쪽으로 밀려온 것 같다.",,,문서\03_스토리\LOCAL_Story_Dialogue_원문_부록.md,"이 흔적을 보면, 몬스터들이 마을을 향해 몰려온 것이라기보다 무언가를 피해 이쪽으로 밀려온 것 같다.",,,,,NONE,,,,,,False,False,,False,NONE,NONE,OK,,,,,,NOT_VOICE_TARGET,,,,OK,False,,,,,,,all_paths/common_conclusion,2,1,,
2,Unity/Client/Assets/_Project/Scripts/World/MainQuest02FieldFlow.cs,167,7486,path.emotional-scar,,조사,"위험은 지나간 듯하지만, 이곳에는 아직 불안하게 흩어진 흔적이 남아 있다.",,M02:Unity/Client/Assets/_Project/Scripts/World/MainQuest02FieldFlow.cs:7486,Field_01,1,,,조사,"위험은 지나간 듯하지만, 이곳에는 아직 불안하게 흩어진 흔적이 남아 있다.","위험은 지나간 듯하지만, 이곳에는 아직 불안하게 흩어진 흔적이 남아 있다.",,,문서\03_스토리\LOCAL_Story_Dialogue_원문_부록.md,"위험은 지나간 듯하지만, 이곳에는 아직 불안하게 흩어진 흔적이 남아 있다.",,,,,NONE,,,,,,False,False,,False,NONE,NONE,OK,,,,,,NOT_VOICE_TARGET,,,,OK,False,,,,,,,path.emotional-scar,1,1,,
2,Unity/Client/Assets/_Project/Scripts/World/MainQuest02FieldFlow.cs,168,7582,path.hearing,,조사,"주변은 다시 조용해졌지만, 움직임이 한쪽으로 급히 쏠렸던 분위기가 남아 있다.",,M02:Unity/Client/Assets/_Project/Scripts/World/MainQuest02FieldFlow.cs:7582,Field_01,1,,,조사,"주변은 다시 조용해졌지만, 움직임이 한쪽으로 급히 쏠렸던 분위기가 남아 있다.","주변은 다시 조용해졌지만, 움직임이 한쪽으로 급히 쏠렸던 분위기가 남아 있다.",,,문서\03_스토리\LOCAL_Story_Dialogue_원문_부록.md,"주변은 다시 조용해졌지만, 움직임이 한쪽으로 급히 쏠렸던 분위기가 남아 있다.",,,,,NONE,,,,,,False,False,,False,NONE,NONE,OK,,,,,,NOT_VOICE_TARGET,,,,OK,False,,,,,,,path.hearing,1,1,,
2,Unity/Client/Assets/_Project/Scripts/World/MainQuest02FieldFlow.cs,169,7673,path.vision,,조사,"흩어진 흔적을 차례로 정리해 보니, 움직임이 한 방향으로 이어져 있다.",,M02:Unity/Client/Assets/_Project/Scripts/World/MainQuest02FieldFlow.cs:7673,Field_01,1,,,조사,"흩어진 흔적을 차례로 정리해 보니, 움직임이 한 방향으로 이어져 있다.","흩어진 흔적을 차례로 정리해 보니, 움직임이 한 방향으로 이어져 있다.",,,문서\03_스토리\LOCAL_Story_Dialogue_원문_부록.md,"흩어진 흔적을 차례로 정리해 보니, 움직임이 한 방향으로 이어져 있다.",,,,,NONE,,,,,,False,False,,False,NONE,NONE,OK,,,,,,NOT_VOICE_TARGET,,,,OK,False,,,,,,,path.vision,1,1,,
2,Unity/Client/Assets/_Project/Scripts/World/MainQuest02FieldFlow.cs,170,7759,path.mobility,,조사,"눌린 풀과 비켜 난 자리를 따라가 보니, 여러 몬스터가 열린 쪽으로 급히 움직인 듯하다.",,M02:Unity/Client/Assets/_Project/Scripts/World/MainQuest02FieldFlow.cs:7759,Field_01,1,,,조사,"눌린 풀과 비켜 난 자리를 따라가 보니, 여러 몬스터가 열린 쪽으로 급히 움직인 듯하다.","눌린 풀과 비켜 난 자리를 따라가 보니, 여러 몬스터가 열린 쪽으로 급히 움직인 듯하다.",,,문서\03_스토리\LOCAL_Story_Dialogue_원문_부록.md,"눌린 풀과 비켜 난 자리를 따라가 보니, 여러 몬스터가 열린 쪽으로 급히 움직인 듯하다.",,,,,NONE,,,,,,False,False,,False,NONE,NONE,OK,,,,,,NOT_VOICE_TARGET,,,,OK,False,,,,,,,path.mobility,1,1,,
2,Unity/Client/Assets/_Project/Scripts/World/MainQuest02FieldFlow.cs,171,7857,path.intellectual,,조사,"여러 흔적의 순서를 하나씩 맞춰 보니, 같은 방향으로 급히 움직인 흐름이 보인다.",,M02:Unity/Client/Assets/_Project/Scripts/World/MainQuest02FieldFlow.cs:7857,Field_01,1,,,조사,"여러 흔적의 순서를 하나씩 맞춰 보니, 같은 방향으로 급히 움직인 흐름이 보인다.","여러 흔적의 순서를 하나씩 맞춰 보니, 같은 방향으로 급히 움직인 흐름이 보인다.",,,문서\03_스토리\LOCAL_Story_Dialogue_원문_부록.md,"여러 흔적의 순서를 하나씩 맞춰 보니, 같은 방향으로 급히 움직인 흐름이 보인다.",,,,,NONE,,,,,,False,False,,False,NONE,NONE,OK,,,,,,NOT_VOICE_TARGET,,,,OK,False,,,,,,,path.intellectual,1,1,,
2,Unity/Client/Assets/_Project/Scripts/World/MainQuest02FieldFlow.cs,172,7955,default,,조사,"흩어진 흔적을 천천히 살펴보니, 여러 몬스터가 같은 방향으로 급히 움직인 듯하다.",,M02:Unity/Client/Assets/_Project/Scripts/World/MainQuest02FieldFlow.cs:7955,Field_01,1,,,조사,"흩어진 흔적을 천천히 살펴보니, 여러 몬스터가 같은 방향으로 급히 움직인 듯하다.","흩어진 흔적을 천천히 살펴보니, 여러 몬스터가 같은 방향으로 급히 움직인 듯하다.",,,문서\03_스토리\LOCAL_Story_Dialogue_원문_부록.md,"흩어진 흔적을 천천히 살펴보니, 여러 몬스터가 같은 방향으로 급히 움직인 듯하다.",,,,,NONE,,,,,,False,False,,False,NONE,NONE,OK,,,,,,NOT_VOICE_TARGET,,,,OK,False,,,,,,,default,1,1,,
3,Unity/Client/Assets/_Project/Scripts/World/MainQuest03FieldFlow.cs,136,6306,TryReach,companion_taeon,태온,바닥에 간단히 치료한 흔적과 떨어진 붕대가 남아 있습니다.,main03_taeon_supp_001,M03:Unity/Client/Assets/_Project/Scripts/World/MainQuest03FieldFlow.cs:6306,Field_01,1,companion_taeon,companion_taeon,태온,바닥에 간단히 치료한 흔적과 떨어진 붕대가 남아 있습니다.,바닥에 간단히 치료한 흔적과 떨어진 붕대가 남아 있습니다.,,USER_LISTENING,문서\03_스토리\LOCAL_Story_Dialogue_원문_부록.md,바닥에 간단히 치료한 흔적과 떨어진 붕대가 남아 있습니다.,main03_taeon_supp_001,태온,바닥에 간단히 치료한 흔적과 떨어진 붕대가 남아 있습니다.,Limitless_TTS_Output_Missing_Main01_05_08_12_v2/dialogue_manifest_missing_main01_05_08_12_v2.csv,companion_taeon,Unity/Client/Assets/_Project/Audio/Voice/Story/Main03/main03_taeon_supp_001.wav,b05384306c5fa854dbc912630b330974,main03_taeon_supp_001.wav,True,,False,True,-20.20931377233017,True,companion_taeon,companion_taeon (미제작은 NONE),NEEDS_LISTENING,"METADATA_PASS and RUNTIME_PLAYBACK_PASS. User did not hear this replay; USER_LISTENING_REQUIRED, no semantic PASS invented. Duration/RMS alone do not establish wrong words or truncation.",4.9,24000,1,ea895d4960cba09021d863b7349370fdb4ade354b53fc98b94a53c7f12722f07,HIGH,SEMANTIC_LISTENING_PRIORITY_HIGH,90,PREVIOUS_PROBLEM_SUPPLEMENT_BATCH;SUPPLEMENT_PACK_UNLISTENED,NEEDS_LISTENING,False,fcbf39366cae130de12d86a1a2e42b9c1ff9eef6ee09e6e878f287a34c52f5a3,-20.20931377233017,-1.4942795155277198,117600,1,24,TryReach,4,1,,LISTEN_COMPARE_FULL_RUNTIME_TEXT
3,Unity/Client/Assets/_Project/Scripts/World/MainQuest03FieldFlow.cs,137,6437,TryReach,companion_taeon,태온,누군가 먼저 이곳을 지나간 것 같습니다.,main03_taeon_supp_002,M03:Unity/Client/Assets/_Project/Scripts/World/MainQuest03FieldFlow.cs:6437,Field_01,2,companion_taeon,companion_taeon,태온,누군가 먼저 이곳을 지나간 것 같습니다.,누군가 먼저 이곳을 지나간 것 같습니다.,,USER_LISTENING,문서\03_스토리\LOCAL_Story_Dialogue_원문_부록.md,누군가 먼저 이곳을 지나간 것 같습니다.,main03_taeon_supp_002,태온,누군가 먼저 이곳을 지나간 것 같습니다.,Limitless_TTS_Output_Missing_Main01_05_08_12_v2/dialogue_manifest_missing_main01_05_08_12_v2.csv,companion_taeon,Unity/Client/Assets/_Project/Audio/Voice/Story/Main03/main03_taeon_supp_002.wav,09e41a7b9fed74348b429c7c07a813f1,main03_taeon_supp_002.wav,True,,False,True,-23.582771135370507,True,companion_taeon,companion_taeon (미제작은 NONE),NEEDS_LISTENING,"METADATA_PASS and RUNTIME_PLAYBACK_PASS. User did not hear this replay; USER_LISTENING_REQUIRED, no semantic PASS invented. Duration/RMS alone do not establish wrong words or truncation.",3.94,24000,1,45a20c2e28f54151c4385867cd5753a079f7d71671f1a5b62abf99412643324e,HIGH,SEMANTIC_LISTENING_PRIORITY_HIGH,90,PREVIOUS_PROBLEM_SUPPLEMENT_BATCH;SUPPLEMENT_PACK_UNLISTENED,NEEDS_LISTENING,False,f988703b8daa8e3900fc59997e54e6e53114e156e855945eb62f330547792864,-23.582771135370507,-5.818337447072643,94560,1,16,TryReach,4,2,,LISTEN_COMPARE_FULL_RUNTIME_TEXT
3,Unity/Client/Assets/_Project/Scripts/World/MainQuest03FieldFlow.cs,218,10477,TryInteract,companion_taeon,태온,옵니다.,main03_taeon_supp_003,M03:Unity/Client/Assets/_Project/Scripts/World/MainQuest03FieldFlow.cs:10477,Field_01,1,companion_taeon,companion_taeon,태온,옵니다.,옵니다.,옵니다.,LATEST_HUMAN_RUNTIME_PASS;Main03_Supp008_012_Final_적용_QA.md;Main03_Taeon_Voice_Regen_적용_QA.md;Story_Voice_Main01_12_QA.md,문서\03_스토리\LOCAL_Story_Dialogue_원문_부록.md,옵니다.,main03_taeon_supp_003,태온,옵니다.,Limitless_TTS_Output_Missing_Main01_05_08_12_v2/dialogue_manifest_missing_main01_05_08_12_v2.csv,companion_taeon,Unity/Client/Assets/_Project/Audio/Voice/Story/Main03/main03_taeon_supp_003.wav,9e9daa2d47a707049a7c0c73b5921ae4,main03_taeon_supp_003.wav,True,Limitless_TTS_Regen_Main03_Taeon_Supp003_004/main03_taeon_supp_003.wav,True,True,-19.73445692226855,False,companion_taeon,companion_taeon (미제작은 NONE),NEEDS_LISTENING;PROTECTED_PASS;RUNTIME_LISTENING_PASS,"2026-10-05 user confirmed both Unity Runtime voices match meaning and play through end. METADATA_PASS, USER_LISTENING_PASS and RUNTIME_LISTENING_PASS. NEEDS_LISTENING marker preserves original 244 backlog scope; this resolved subset of two is no longer bad audio. PCM full samples equal supplied source.",0.96,24000,1,63a12b7b026195eb49b336d17653d05e6b4e4d6bc5a0cff6313bf2ec4dbb2bbe,LOW,SEMANTIC_LISTENING_PRIORITY_LOW,0,PROTECTED_PASS_LATEST_HUMAN_RUNTIME_EVIDENCE,PROTECTED_PASS,True,aaad3484df4115a230190202e45d11ae64a34fae2bf5aec443d7ec97d0e28f95,-19.73445692226855,-3.2904772218124974,23040,1,3,TryInteract,2,1,,KEEP_PROTECTED_PASS
3,Unity/Client/Assets/_Project/Scripts/World/MainQuest03FieldFlow.cs,219,10584,TryInteract,companion_taeon,태온,"제가 앞을 막겠습니다.
뒤를 부탁드리겠습니다.",main03_taeon_supp_004,M03:Unity/Client/Assets/_Project/Scripts/World/MainQuest03FieldFlow.cs:10584,Field_01,2,companion_taeon,companion_taeon,태온,"제가 앞을 막겠습니다.
뒤를 부탁드리겠습니다.","제가 앞을 막겠습니다.
뒤를 부탁드리겠습니다.","제가 앞을 막겠습니다.
뒤를 부탁드리겠습니다.",LATEST_HUMAN_RUNTIME_PASS;Main03_Supp008_012_Final_적용_QA.md;Main03_Taeon_Voice_Regen_적용_QA.md;Story_Voice_Main01_12_QA.md,문서\03_스토리\LOCAL_Story_Dialogue_원문_부록.md,"제가 앞을 막겠습니다.
뒤를 부탁드리겠습니다.",main03_taeon_supp_004,태온,"제가 앞을 막겠습니다.
뒤를 부탁드리겠습니다.",Limitless_TTS_Output_Missing_Main01_05_08_12_v2/dialogue_manifest_missing_main01_05_08_12_v2.csv,companion_taeon,Unity/Client/Assets/_Project/Audio/Voice/Story/Main03/main03_taeon_supp_004.wav,574895e9a2b5b3b45a251673fd085670,main03_taeon_supp_004.wav,True,Limitless_TTS_Regen_Main03_Taeon_Supp003_004/main03_taeon_supp_004.wav,True,True,-18.95334614823125,False,companion_taeon,companion_taeon (미제작은 NONE),NEEDS_LISTENING;PROTECTED_PASS;RUNTIME_LISTENING_PASS,"2026-10-05 user confirmed both Unity Runtime voices match meaning and play through end. METADATA_PASS, USER_LISTENING_PASS and RUNTIME_LISTENING_PASS. NEEDS_LISTENING marker preserves original 244 backlog scope; this resolved subset of two is no longer bad audio. PCM full samples equal supplied source.",4.36,24000,1,b77ac1bf874b4d9966e08c60570f4767dbf43797a1e456ca0b7af1ca79da43e6,LOW,SEMANTIC_LISTENING_PRIORITY_LOW,0,PROTECTED_PASS_LATEST_HUMAN_RUNTIME_EVIDENCE,PROTECTED_PASS,True,4796d56923569fec0ef1530850a9622ffee3a0a49315ebc24f566dd4fc20d85b,-18.95334614823125,-0.09702622919592284,104640,2,19,TryInteract,2,2,,KEEP_PROTECTED_PASS
3,Unity/Client/Assets/_Project/Scripts/World/MainQuest03FieldFlow.cs,239,11639,FirstConversation,companion_taeon,대화,"태온
잠깐만요. 더 가까이 가지 않는 게 좋겠습니다.",main03_taeon_supp_005,M03:Unity/Client/Assets/_Project/Scripts/World/MainQuest03FieldFlow.cs:11639,Field_01,1,companion_taeon,companion_taeon,태온,잠깐만요. 더 가까이 가지 않는 게 좋겠습니다.,잠깐만요. 더 가까이 가지 않는 게 좋겠습니다.,잠깐만요. 더 가까이 가지 않는 게 좋겠습니다.,LATEST_HUMAN_RUNTIME_PASS;Main03_Supp008_012_Final_적용_QA.md;Main03_Taeon_Voice_Regen_적용_QA.md;Story_Voice_Main01_12_QA.md,문서\03_스토리\LOCAL_Story_Dialogue_원문_부록.md,잠깐만요. 더 가까이 가지 않는 게 좋겠습니다.,main03_taeon_supp_005,태온,잠깐만요. 더 가까이 가지 않는 게 좋겠습니다.,Limitless_TTS_Output_Missing_Main01_05_08_12_v2/dialogue_manifest_missing_main01_05_08_12_v2.csv,companion_taeon,Unity/Client/Assets/_Project/Audio/Voice/Story/Main03/main03_taeon_supp_005.wav,0dc9970aa869f5645add7545bc7696ca,main03_taeon_supp_005.wav,True,Limitless_TTS_Regen_Main03_Taeon_005_007/005.wav,True,True,-22.845783791099628,False,companion_taeon,companion_taeon (미제작은 NONE),PROTECTED_PASS;RUNTIME_LISTENING_PASS,2026-10-05 current user request: actual Runtime listening semantic PASS confirmed,4.04,24000,1,381f156dc555e34ecf474d91017f4d4e83ddb31192a4f7884823c302436d780d,LOW,SEMANTIC_LISTENING_PRIORITY_LOW,0,PROTECTED_PASS_LATEST_HUMAN_RUNTIME_EVIDENCE,PROTECTED_PASS,True,c7ed51624751a6d43869afa69aa88a9555c03a8b96218ebc6357e97dc215271c,-22.845783791099628,-2.61583844994878,96960,2,18,FirstConversation,1,1,FirstConversation:1;,KEEP_PROTECTED_PASS
3,Unity/Client/Assets/_Project/Scripts/World/MainQuest03FieldFlow.cs,240,11764,FirstConversation,companion_taeon,대화,"플레이어
무슨 일이 있습니까?",,M03:Unity/Client/Assets/_Project/Scripts/World/MainQuest03FieldFlow.cs:11764,Field_01,2,player,player,플레이어,무슨 일이 있습니까?,무슨 일이 있습니까?,,,문서\03_스토리\LOCAL_Story_Dialogue_원문_부록.md,무슨 일이 있습니까?,,,,,NONE,,,,,,False,False,,False,NONE,NONE,OK,,,,,,NOT_VOICE_TARGET,,,,OK,False,,,,,,,FirstConversation,1,2,FirstConversation:2;,
3,Unity/Client/Assets/_Project/Scripts/World/MainQuest03FieldFlow.cs,241,11851,FirstConversation,companion_taeon,대화,"태온
저 몬스터들 말입니다.
그냥 돌아다니는 것 같지만…
계속 같은 쪽을 피하고 있어요.",main03_taeon_supp_006,M03:Unity/Client/Assets/_Project/Scripts/World/MainQuest03FieldFlow.cs:11851,Field_01,3,companion_taeon,companion_taeon,태온,"저 몬스터들 말입니다.
그냥 돌아다니는 것 같지만…
계속 같은 쪽을 피하고 있어요.","저 몬스터들 말입니다.
그냥 돌아다니는 것 같지만…
계속 같은 쪽을 피하고 있어요.","저 몬스터들 말입니다.
그냥 돌아다니는 것 같지만…
계속 같은 쪽을 피하고 있어요.",LATEST_HUMAN_RUNTIME_PASS;Main03_Supp008_012_Final_적용_QA.md;Main03_Taeon_Voice_Regen_적용_QA.md;Story_Voice_Main01_12_QA.md,문서\03_스토리\LOCAL_Story_Dialogue_원문_부록.md,"저 몬스터들 말입니다.
그냥 돌아다니는 것 같지만…
계속 같은 쪽을 피하고 있어요.",main03_taeon_supp_006,태온,"저 몬스터들 말입니다.
그냥 돌아다니는 것 같지만…
계속 같은 쪽을 피하고 있어요.",Limitless_TTS_Output_Missing_Main01_05_08_12_v2/dialogue_manifest_missing_main01_05_08_12_v2.csv,companion_taeon,Unity/Client/Assets/_Project/Audio/Voice/Story/Main03/main03_taeon_supp_006.wav,86cecb5f27e225f4f9a992b37e2e17e9,main03_taeon_supp_006.wav,True,Limitless_TTS_Regen_Main03_Taeon_005_007/006.wav,True,True,-18.99628273920968,False,companion_taeon,companion_taeon (미제작은 NONE),PROTECTED_PASS;RUNTIME_LISTENING_PASS,2026-10-05 current user request: actual Runtime listening semantic PASS confirmed,7.16,24000,1,deb234f78c9211cc937a3f8e07f070bfa26619cf021f29fa1793440885ac7429,LOW,SEMANTIC_LISTENING_PRIORITY_LOW,0,PROTECTED_PASS_LATEST_HUMAN_RUNTIME_EVIDENCE,PROTECTED_PASS,True,c61730edd4cec20b18bd302d425e9c178d1e17e0f29f10b478a1f05acd60a6a2,-18.99628273920968,-2.5990181561532175,171840,3,32,FirstConversation,1,3,FirstConversation:3;,KEEP_PROTECTED_PASS
3,Unity/Client/Assets/_Project/Scripts/World/MainQuest03FieldFlow.cs,242,11998,FirstConversation,companion_taeon,대화,"플레이어
저도 조금 전에 이상한 흔적을 발견했습니다.
마을 쪽으로 몰려온 흔적이었습니다.",,M03:Unity/Client/Assets/_Project/Scripts/World/MainQuest03FieldFlow.cs:11998,Field_01,4,player,player,플레이어,"저도 조금 전에 이상한 흔적을 발견했습니다.
마을 쪽으로 몰려온 흔적이었습니다.","저도 조금 전에 이상한 흔적을 발견했습니다.
마을 쪽으로 몰려온 흔적이었습니다.",,,문서\03_스토리\LOCAL_Story_Dialogue_원문_부록.md,"저도 조금 전에 이상한 흔적을 발견했습니다.
마을 쪽으로 몰려온 흔적이었습니다.",,,,,NONE,,,,,,False,False,,False,NONE,NONE,OK,,,,,,NOT_VOICE_TARGET,,,,OK,False,,,,,,,FirstConversation,1,4,FirstConversation:4;,
3,Unity/Client/Assets/_Project/Scripts/World/MainQuest03FieldFlow.cs,243,12119,FirstConversation,companion_taeon,대화,"태온
그렇군요.
그러면 제가 보고 있던 움직임하고
이어질지도 모르겠습니다.",main03_taeon_supp_007,M03:Unity/Client/Assets/_Project/Scripts/World/MainQuest03FieldFlow.cs:12119,Field_01,5,companion_taeon,companion_taeon,태온,"그렇군요.
그러면 제가 보고 있던 움직임하고
이어질지도 모르겠습니다.","그렇군요.
그러면 제가 보고 있던 움직임하고
이어질지도 모르겠습니다.","그렇군요.
그러면 제가 보고 있던 움직임하고
이어질지도 모르겠습니다.",LATEST_HUMAN_RUNTIME_PASS;Main03_Supp008_012_Final_적용_QA.md;Main03_Taeon_Voice_Regen_적용_QA.md;Story_Voice_Main01_12_QA.md,문서\03_스토리\LOCAL_Story_Dialogue_원문_부록.md,"그렇군요.
그러면 제가 보고 있던 움직임하고
이어질지도 모르겠습니다.",main03_taeon_supp_007,태온,"그렇군요.
그러면 제가 보고 있던 움직임하고
이어질지도 모르겠습니다.",Limitless_TTS_Output_Missing_Main01_05_08_12_v2/dialogue_manifest_missing_main01_05_08_12_v2.csv,companion_taeon,Unity/Client/Assets/_Project/Audio/Voice/Story/Main03/main03_taeon_supp_007.wav,50d6684884c921344a0d2630b2b07e66,main03_taeon_supp_007.wav,True,Limitless_TTS_Regen_Main03_Taeon_005_007/007.wav,True,True,-19.775244397004336,False,companion_taeon,companion_taeon (미제작은 NONE),PROTECTED_PASS;RUNTIME_LISTENING_PASS,2026-10-05 current user request: actual Runtime listening semantic PASS confirmed,6.52,24000,1,b457f124e1ffad972713a56bfe3081b0fae714920a23c76185721ad7ce0e3ef1,LOW,SEMANTIC_LISTENING_PRIORITY_LOW,0,PROTECTED_PASS_LATEST_HUMAN_RUNTIME_EVIDENCE,PROTECTED_PASS,True,dbe38bf22e4152a1368718daddc229df16d0f3ca8360124389ce48c36966d001,-19.775244397004336,-1.9287290904782082,156480,2,29,FirstConversation,1,5,FirstConversation:5;,KEEP_PROTECTED_PASS
3,Unity/Client/Assets/_Project/Scripts/World/MainQuest03FieldFlow.cs,250,12467,AfterBattleConversation,companion_taeon,대화,"태온
역시 이상합니다.",main03_taeon_supp_008,M03:Unity/Client/Assets/_Project/Scripts/World/MainQuest03FieldFlow.cs:12467,Field_01,1,companion_taeon,companion_taeon,태온,역시 이상합니다.,역시 이상합니다.,역시 이상합니다.,LATEST_HUMAN_RUNTIME_PASS;Main03_Supp008_012_Final_적용_QA.md;Main03_Taeon_Voice_Regen_적용_QA.md;Story_Voice_Main01_12_QA.md,문서\03_스토리\LOCAL_Story_Dialogue_원문_부록.md,역시 이상합니다.,main03_taeon_supp_008,태온,역시 이상합니다.,Limitless_TTS_Output_Missing_Main01_05_08_12_v2/dialogue_manifest_missing_main01_05_08_12_v2.csv,companion_taeon,Unity/Client/Assets/_Project/Audio/Voice/Story/Main03/main03_taeon_supp_008.wav,16a05ac1b6d319545a8f9113e2bd9aba,main03_taeon_supp_008.wav,True,Limitless_TTS_Regen_Main03_Taeon_Supp008_011/main03_taeon_supp_008.wav,True,True,-19.481209818124295,False,companion_taeon,companion_taeon (미제작은 NONE),NEEDS_LISTENING;PROTECTED_PASS;RUNTIME_LISTENING_PASS,2026-10-06 최종 원본/Runtime 사용자5건 의미·전체문장·음량PASS.009 NeFix 우선;Source/Unity SHA 동일·Runtime PCM 전체오차0.244는 기존관리범위;재생성필요0.,1.76,24000,1,c2c5b6d7f79bd8db5c0d72469d4e333dba0d44c782ef7ebc4d0cd8cf99f40cbc,LOW,SEMANTIC_LISTENING_PRIORITY_LOW,0,PROTECTED_PASS_LATEST_HUMAN_RUNTIME_EVIDENCE,PROTECTED_PASS,True,e6d2035b9a01c24cd5d251d12f25fbd313adb436d25ac1b6fcce4d38a3cfadd8,-19.481209818124295,-3.907319844880494,42240,1,7,AfterBattleConversation,3,1,AfterBattleConversation:1;,KEEP_PROTECTED_PASS
3,Unity/Client/Assets/_Project/Scripts/World/MainQuest03FieldFlow.cs,251,12575,AfterBattleConversation,companion_taeon,대화,"플레이어
방금 몬스터들도 같은 방향을 피했습니까?",,M03:Unity/Client/Assets/_Project/Scripts/World/MainQuest03FieldFlow.cs:12575,Field_01,2,player,player,플레이어,방금 몬스터들도 같은 방향을 피했습니까?,방금 몬스터들도 같은 방향을 피했습니까?,,,문서\03_스토리\LOCAL_Story_Dialogue_원문_부록.md,방금 몬스터들도 같은 방향을 피했습니까?,,,,,NONE,,,,,,False,False,,False,NONE,NONE,OK,,,,,,NOT_VOICE_TARGET,,,,OK,False,,,,,,,AfterBattleConversation,3,2,AfterBattleConversation:2;,
3,Unity/Client/Assets/_Project/Scripts/World/MainQuest03FieldFlow.cs,252,12673,AfterBattleConversation,companion_taeon,대화,"태온
네.
싸우는 동안에도 몇 번이나
그쪽으로 움직이지 않으려고 했어요.",main03_taeon_supp_009,M03:Unity/Client/Assets/_Project/Scripts/World/MainQuest03FieldFlow.cs:12673,Field_01,3,companion_taeon,companion_taeon,태온,"네.
싸우는 동안에도 몇 번이나
그쪽으로 움직이지 않으려고 했어요.","네.
싸우는 동안에도 몇 번이나
그쪽으로 움직이지 않으려고 했어요.","네.
싸우는 동안에도 몇 번이나
그쪽으로 움직이지 않으려고 했어요.",LATEST_HUMAN_RUNTIME_PASS;Main03_Supp008_012_Final_적용_QA.md;Main03_Taeon_Voice_Regen_적용_QA.md;Story_Voice_Main01_12_QA.md,문서\03_스토리\LOCAL_Story_Dialogue_원문_부록.md,"네.
싸우는 동안에도 몇 번이나
그쪽으로 움직이지 않으려고 했어요.",main03_taeon_supp_009,태온,"네.
싸우는 동안에도 몇 번이나
그쪽으로 움직이지 않으려고 했어요.",Limitless_TTS_Output_Missing_Main01_05_08_12_v2/dialogue_manifest_missing_main01_05_08_12_v2.csv,companion_taeon,Unity/Client/Assets/_Project/Audio/Voice/Story/Main03/main03_taeon_supp_009.wav,dde64e7754b8a3c4c8a39ff54113e2a4,main03_taeon_supp_009.wav,True,Limitless_TTS_Regen_Main03_Taeon_Supp009_NeFix/main03_taeon_supp_009.wav,True,True,-14.862104463217346,False,companion_taeon,companion_taeon (미제작은 NONE),NEEDS_LISTENING;PROTECTED_PASS;RUNTIME_LISTENING_PASS,2026-10-06 최종 원본/Runtime 사용자5건 의미·전체문장·음량PASS.009 NeFix 우선;Source/Unity SHA 동일·Runtime PCM 전체오차0.244는 기존관리범위;재생성필요0.,5.48,24000,1,cda84965cea4b83d1cfd5d68cc69684b82a298420a540c28269fe7046090b109,LOW,SEMANTIC_LISTENING_PRIORITY_LOW,0,PROTECTED_PASS_LATEST_HUMAN_RUNTIME_EVIDENCE,PROTECTED_PASS,True,6c776bba1168fda6b1fdcd8e1d1f2f666cce4834e75a77ba0f4634908ad22434,-14.862104463217346,-1.4496880825009395,131520,2,27,AfterBattleConversation,3,3,AfterBattleConversation:3;,KEEP_PROTECTED_PASS
3,Unity/Client/Assets/_Project/Scripts/World/MainQuest03FieldFlow.cs,253,12811,AfterBattleConversation,companion_taeon,대화,"플레이어
제가 본 흔적도
그 반대쪽에서 시작됐습니다.",,M03:Unity/Client/Assets/_Project/Scripts/World/MainQuest03FieldFlow.cs:12811,Field_01,4,player,player,플레이어,"제가 본 흔적도
그 반대쪽에서 시작됐습니다.","제가 본 흔적도
그 반대쪽에서 시작됐습니다.",,,문서\03_스토리\LOCAL_Story_Dialogue_원문_부록.md,"제가 본 흔적도
그 반대쪽에서 시작됐습니다.",,,,,NONE,,,,,,False,False,,False,NONE,NONE,OK,,,,,,NOT_VOICE_TARGET,,,,OK,False,,,,,,,AfterBattleConversation,3,4,AfterBattleConversation:4;,
3,Unity/Client/Assets/_Project/Scripts/World/MainQuest03FieldFlow.cs,254,12912,AfterBattleConversation,companion_taeon,대화,"태온
그렇다면 우연은 아닌 것 같습니다.",main03_taeon_supp_010,M03:Unity/Client/Assets/_Project/Scripts/World/MainQuest03FieldFlow.cs:12912,Field_01,5,companion_taeon,companion_taeon,태온,그렇다면 우연은 아닌 것 같습니다.,그렇다면 우연은 아닌 것 같습니다.,그렇다면 우연은 아닌 것 같습니다.,LATEST_HUMAN_RUNTIME_PASS;Main03_Supp008_012_Final_적용_QA.md;Main03_Taeon_Voice_Regen_적용_QA.md;Story_Voice_Main01_12_QA.md,문서\03_스토리\LOCAL_Story_Dialogue_원문_부록.md,그렇다면 우연은 아닌 것 같습니다.,main03_taeon_supp_010,태온,그렇다면 우연은 아닌 것 같습니다.,Limitless_TTS_Output_Missing_Main01_05_08_12_v2/dialogue_manifest_missing_main01_05_08_12_v2.csv,companion_taeon,Unity/Client/Assets/_Project/Audio/Voice/Story/Main03/main03_taeon_supp_010.wav,df90274da1dfe6349a613703673baa14,main03_taeon_supp_010.wav,True,Limitless_TTS_Regen_Main03_Taeon_Supp008_011/main03_taeon_supp_010.wav,True,True,-16.874855894325748,False,companion_taeon,companion_taeon (미제작은 NONE),NEEDS_LISTENING;PROTECTED_PASS;RUNTIME_LISTENING_PASS,2026-10-06 최종 원본/Runtime 사용자5건 의미·전체문장·음량PASS.009 NeFix 우선;Source/Unity SHA 동일·Runtime PCM 전체오차0.244는 기존관리범위;재생성필요0.,3.32,24000,1,23a88290987323e745915baca47d17caaa1715608109500743ab4ff5eb20f52c,LOW,SEMANTIC_LISTENING_PRIORITY_LOW,0,PROTECTED_PASS_LATEST_HUMAN_RUNTIME_EVIDENCE,PROTECTED_PASS,True,c3b4af457a216bfd744ec37b36e522d0779e1f97c2db52bc65c4fd95d3e0a4e7,-16.874855894325748,-3.206484199440607,79680,1,14,AfterBattleConversation,3,5,AfterBattleConversation:5;,KEEP_PROTECTED_PASS
3,Unity/Client/Assets/_Project/Scripts/World/MainQuest03FieldFlow.cs,255,13030,AfterBattleConversation,companion_taeon,대화,"태온
저도 저쪽을 확인하려던 참이었습니다.",main03_taeon_supp_011,M03:Unity/Client/Assets/_Project/Scripts/World/MainQuest03FieldFlow.cs:13030,Field_01,6,companion_taeon,companion_taeon,태온,저도 저쪽을 확인하려던 참이었습니다.,저도 저쪽을 확인하려던 참이었습니다.,저도 저쪽을 확인하려던 참이었습니다.,LATEST_HUMAN_RUNTIME_PASS;Main03_Supp008_012_Final_적용_QA.md;Main03_Taeon_Voice_Regen_적용_QA.md;Story_Voice_Main01_12_QA.md,문서\03_스토리\LOCAL_Story_Dialogue_원문_부록.md,저도 저쪽을 확인하려던 참이었습니다.,main03_taeon_supp_011,태온,저도 저쪽을 확인하려던 참이었습니다.,Limitless_TTS_Output_Missing_Main01_05_08_12_v2/dialogue_manifest_missing_main01_05_08_12_v2.csv,companion_taeon,Unity/Client/Assets/_Project/Audio/Voice/Story/Main03/main03_taeon_supp_011.wav,e6098de83891e8d4a848af3eb519d63f,main03_taeon_supp_011.wav,True,Limitless_TTS_Regen_Main03_Taeon_Supp008_011/main03_taeon_supp_011.wav,True,True,-19.900656887201972,False,companion_taeon,companion_taeon (미제작은 NONE),NEEDS_LISTENING;PROTECTED_PASS;RUNTIME_LISTENING_PASS,2026-10-06 최종 원본/Runtime 사용자5건 의미·전체문장·음량PASS.009 NeFix 우선;Source/Unity SHA 동일·Runtime PCM 전체오차0.244는 기존관리범위;재생성필요0.,3.52,24000,1,f5e62f5c2e84ee7d81ccf8e169e23cc2e5078efbb6b33847b08e940d129fc54c,LOW,SEMANTIC_LISTENING_PRIORITY_LOW,0,PROTECTED_PASS_LATEST_HUMAN_RUNTIME_EVIDENCE,PROTECTED_PASS,True,f3cc22e8bdebc647e7abec826e4798cd4571e507377151ca4802c9769d0800ae,-19.900656887201972,-3.5474423987770325,84480,1,16,AfterBattleConversation,3,6,AfterBattleConversation:6;,KEEP_PROTECTED_PASS
3,Unity/Client/Assets/_Project/Scripts/World/MainQuest03FieldFlow.cs,256,13149,AfterBattleConversation,companion_taeon,대화,"태온
목적이 같다면 잠시 함께 가시죠.
혼자 움직이는 것보다는 안전할 겁니다.",main03_taeon_supp_012,M03:Unity/Client/Assets/_Project/Scripts/World/MainQuest03FieldFlow.cs:13149,Field_01,7,companion_taeon,companion_taeon,태온,"목적이 같다면 잠시 함께 가시죠.
혼자 움직이는 것보다는 안전할 겁니다.","목적이 같다면 잠시 함께 가시죠.
혼자 움직이는 것보다는 안전할 겁니다.","목적이 같다면 잠시 함께 가시죠.
혼자 움직이는 것보다는 안전할 겁니다.",LATEST_HUMAN_RUNTIME_PASS;Main03_Supp008_012_Final_적용_QA.md;Main03_Taeon_Voice_Regen_적용_QA.md;Story_Voice_Main01_12_QA.md,문서\03_스토리\LOCAL_Story_Dialogue_원문_부록.md,"목적이 같다면 잠시 함께 가시죠.
혼자 움직이는 것보다는 안전할 겁니다.",main03_taeon_supp_012,태온,"목적이 같다면 잠시 함께 가시죠.
혼자 움직이는 것보다는 안전할 겁니다.",Limitless_TTS_Output_Missing_Main01_05_08_12_v2/dialogue_manifest_missing_main01_05_08_12_v2.csv,companion_taeon,Unity/Client/Assets/_Project/Audio/Voice/Story/Main03/main03_taeon_supp_012.wav,997f362bba765564c811ef7d9d7aa0c3,main03_taeon_supp_012.wav,True,Limitless_TTS_Regen_Main03_Taeon_Supp012/main03_taeon_supp_012.wav,True,True,-16.162878976834797,False,companion_taeon,companion_taeon (미제작은 NONE),NEEDS_LISTENING;PROTECTED_PASS;RUNTIME_LISTENING_PASS,2026-10-06 최종 원본/Runtime 사용자5건 의미·전체문장·음량PASS.009 NeFix 우선;Source/Unity SHA 동일·Runtime PCM 전체오차0.244는 기존관리범위;재생성필요0.,7.76,24000,1,2a08dd57aecea6db4bebb6ee6ebd0b08569beca951fa7575300760eba324bd9e,LOW,SEMANTIC_LISTENING_PRIORITY_LOW,0,PROTECTED_PASS_LATEST_HUMAN_RUNTIME_EVIDENCE,PROTECTED_PASS,True,9fa501b511d7b9a2ff66193a19a50da504ce76f4fded4d75f4c149086e4e52fb,-16.162878976834797,-0.9630535881586035,186240,2,29,AfterBattleConversation,3,7,AfterBattleConversation:7;,KEEP_PROTECTED_PASS
4,Unity/Client/Assets/_Project/Scripts/World/MainQuest04FieldFlow.cs,207,10670,FirstConversation,companion_miel,미엘,"조금만 참으세요.
출혈은 멎었습니다.",main04_miel_supp_001,M04:Unity/Client/Assets/_Project/Scripts/World/MainQuest04FieldFlow.cs:10670,Field_01,1,companion_miel,companion_miel,미엘,"조금만 참으세요.
출혈은 멎었습니다.","조금만 참으세요.
출혈은 멎었습니다.","조금만 참으세요.
출혈은 멎었습니다.",LATEST_HUMAN_RUNTIME_PASS;Main04_FirstEncounter_Final_적용_QA.md;Story_Voice_Main01_12_QA.md,문서\03_스토리\LOCAL_Story_Dialogue_원문_부록.md,"조금만 참으세요.
출혈은 멎었습니다.",main04_miel_supp_001,미엘,"조금만 참으세요.
출혈은 멎었습니다.",Limitless_TTS_Output_Missing_Main01_05_08_12_v2/dialogue_manifest_missing_main01_05_08_12_v2.csv,companion_miel,Unity/Client/Assets/_Project/Audio/Voice/Story/Main04/main04_miel_supp_001.wav,e0fff6b9e1ff1ce438e69bc2582506a8,main04_miel_supp_001.wav,True,Limitless_TTS_Regen_Main04_FirstEncounter_9/main04_miel_supp_001.wav,True,True,-17.647546190211433,False,companion_miel,companion_miel (미제작은 NONE),NEEDS_LISTENING;PROTECTED_PASS;RUNTIME_LISTENING_PASS,2026-10-06 새원본9/Unity 연속 Runtime 사용자9건 의미·화자·전체문장·음량PASS.001 두문장 같은Line;shift/Main03 재등장/partial/wrong/cutoff0.전체PCM 원본동일/GUID 유지;244는관리범위;regen0.,3.68,24000,1,e1ba067bd91ef10ed9e92cf6efaa0a8a4fd118c6970a826e2189229d62c31ea7,LOW,SEMANTIC_LISTENING_PRIORITY_LOW,0,PROTECTED_PASS_LATEST_HUMAN_RUNTIME_EVIDENCE,PROTECTED_PASS,True,b3cdc28c09cc010b5c68d7a4de2f78e5d9829f20624da948b16bfde9330789cf,-17.647546190211433,-1.404389582237153,88320,2,15,FirstConversation,1,1,FirstConversation:1;,KEEP_PROTECTED_PASS
4,Unity/Client/Assets/_Project/Scripts/World/MainQuest04FieldFlow.cs,208,10772,FirstConversation,companion_taeon,태온,괜찮으십니까?,main04_taeon_supp_001,M04:Unity/Client/Assets/_Project/Scripts/World/MainQuest04FieldFlow.cs:10772,Field_01,2,companion_taeon,companion_taeon,태온,괜찮으십니까?,괜찮으십니까?,괜찮으십니까?,LATEST_HUMAN_RUNTIME_PASS;Main04_FirstEncounter_Final_적용_QA.md;Story_Voice_Main01_12_QA.md,문서\03_스토리\LOCAL_Story_Dialogue_원문_부록.md,괜찮으십니까?,main04_taeon_supp_001,태온,괜찮으십니까?,Limitless_TTS_Output_Missing_Main01_05_08_12_v2/dialogue_manifest_missing_main01_05_08_12_v2.csv,companion_taeon,Unity/Client/Assets/_Project/Audio/Voice/Story/Main04/main04_taeon_supp_001.wav,32b0b29db4708a24cb9df2b73f45e3e3,main04_taeon_supp_001.wav,True,Limitless_TTS_Regen_Main04_FirstEncounter_9/main04_taeon_supp_001.wav,True,True,-19.337459832272444,False,companion_taeon,companion_taeon (미제작은 NONE),NEEDS_LISTENING;PROTECTED_PASS;RUNTIME_LISTENING_PASS,2026-10-06 새원본9/Unity 연속 Runtime 사용자9건 의미·화자·전체문장·음량PASS.001 두문장 같은Line;shift/Main03 재등장/partial/wrong/cutoff0.전체PCM 원본동일/GUID 유지;244는관리범위;regen0.,1.72,24000,1,6f3f59dd7360c54c22df5cb49db6e0478bb1ae494aff811b8a519d4898315ecf,LOW,SEMANTIC_LISTENING_PRIORITY_LOW,0,PROTECTED_PASS_LATEST_HUMAN_RUNTIME_EVIDENCE,PROTECTED_PASS,True,82c3b1661c075e2dcc4a34ed58a2858293f53e186c9d6b5666dc6510467e16f1,-19.337459832272444,-2.6477791605744945,41280,1,6,FirstConversation,1,2,FirstConversation:2;,KEEP_PROTECTED_PASS
4,Unity/Client/Assets/_Project/Scripts/World/MainQuest04FieldFlow.cs,209,10862,FirstConversation,companion_miel,미엘,저보다 이분이 먼저예요.,main04_miel_supp_002,M04:Unity/Client/Assets/_Project/Scripts/World/MainQuest04FieldFlow.cs:10862,Field_01,3,companion_miel,companion_miel,미엘,저보다 이분이 먼저예요.,저보다 이분이 먼저예요.,저보다 이분이 먼저예요.,LATEST_HUMAN_RUNTIME_PASS;Main04_FirstEncounter_Final_적용_QA.md;Story_Voice_Main01_12_QA.md,문서\03_스토리\LOCAL_Story_Dialogue_원문_부록.md,저보다 이분이 먼저예요.,main04_miel_supp_002,미엘,저보다 이분이 먼저예요.,Limitless_TTS_Output_Missing_Main01_05_08_12_v2/dialogue_manifest_missing_main01_05_08_12_v2.csv,companion_miel,Unity/Client/Assets/_Project/Audio/Voice/Story/Main04/main04_miel_supp_002.wav,f4e868d47984fa14fbe9b8d9376c1524,main04_miel_supp_002.wav,True,Limitless_TTS_Regen_Main04_FirstEncounter_9/main04_miel_supp_002.wav,True,True,-17.55138631488307,False,companion_miel,companion_miel (미제작은 NONE),NEEDS_LISTENING;PROTECTED_PASS;RUNTIME_LISTENING_PASS,2026-10-06 새원본9/Unity 연속 Runtime 사용자9건 의미·화자·전체문장·음량PASS.001 두문장 같은Line;shift/Main03 재등장/partial/wrong/cutoff0.전체PCM 원본동일/GUID 유지;244는관리범위;regen0.,2.16,24000,1,2fb1425e82c9f4d5d609b9d90fc3619bef32ec6fbc2a02a42ee2b3a79ed5e676,LOW,SEMANTIC_LISTENING_PRIORITY_LOW,0,PROTECTED_PASS_LATEST_HUMAN_RUNTIME_EVIDENCE,PROTECTED_PASS,True,dad1a17140e3fe6b2bfb003760e0cac36bb0f05185677c7cb9ce609f1e85d1d8,-17.55138631488307,-2.273752656457852,51840,1,10,FirstConversation,1,3,FirstConversation:3;,KEEP_PROTECTED_PASS
4,Unity/Client/Assets/_Project/Scripts/World/MainQuest04FieldFlow.cs,210,10956,FirstConversation,companion_taeon,태온,당신도 다친 것 같은데요.,main04_taeon_supp_002,M04:Unity/Client/Assets/_Project/Scripts/World/MainQuest04FieldFlow.cs:10956,Field_01,4,companion_taeon,companion_taeon,태온,당신도 다친 것 같은데요.,당신도 다친 것 같은데요.,당신도 다친 것 같은데요.,LATEST_HUMAN_RUNTIME_PASS;Main04_FirstEncounter_Final_적용_QA.md;Story_Voice_Main01_12_QA.md,문서\03_스토리\LOCAL_Story_Dialogue_원문_부록.md,당신도 다친 것 같은데요.,main04_taeon_supp_002,태온,당신도 다친 것 같은데요.,Limitless_TTS_Output_Missing_Main01_05_08_12_v2/dialogue_manifest_missing_main01_05_08_12_v2.csv,companion_taeon,Unity/Client/Assets/_Project/Audio/Voice/Story/Main04/main04_taeon_supp_002.wav,f947e47f07a49304082926e9299a95d0,main04_taeon_supp_002.wav,True,Limitless_TTS_Regen_Main04_FirstEncounter_9/main04_taeon_supp_002.wav,True,True,-16.730226010249854,False,companion_taeon,companion_taeon (미제작은 NONE),NEEDS_LISTENING;PROTECTED_PASS;RUNTIME_LISTENING_PASS,2026-10-06 새원본9/Unity 연속 Runtime 사용자9건 의미·화자·전체문장·음량PASS.001 두문장 같은Line;shift/Main03 재등장/partial/wrong/cutoff0.전체PCM 원본동일/GUID 유지;244는관리범위;regen0.,2.72,24000,1,28f223b9d7ca404cc5052027649cb74fa28184c3d2fc092616cc433a31a6cd07,LOW,SEMANTIC_LISTENING_PRIORITY_LOW,0,PROTECTED_PASS_LATEST_HUMAN_RUNTIME_EVIDENCE,PROTECTED_PASS,True,cbd4fa772748d7bc99c0ba0204511370686ce57048086a3a9970cb2a1e957522,-16.730226010249854,-2.385011757279632,65280,1,10,FirstConversation,1,4,FirstConversation:4;,KEEP_PROTECTED_PASS
4,Unity/Client/Assets/_Project/Scripts/World/MainQuest04FieldFlow.cs,211,11053,FirstConversation,companion_miel,미엘,"알아요.
그래도 아직 움직일 수 있어요.",main04_miel_supp_003,M04:Unity/Client/Assets/_Project/Scripts/World/MainQuest04FieldFlow.cs:11053,Field_01,5,companion_miel,companion_miel,미엘,"알아요.
그래도 아직 움직일 수 있어요.","알아요.
그래도 아직 움직일 수 있어요.","알아요.
그래도 아직 움직일 수 있어요.",LATEST_HUMAN_RUNTIME_PASS;Main04_FirstEncounter_Final_적용_QA.md;Story_Voice_Main01_12_QA.md,문서\03_스토리\LOCAL_Story_Dialogue_원문_부록.md,"알아요.
그래도 아직 움직일 수 있어요.",main04_miel_supp_003,미엘,"알아요.
그래도 아직 움직일 수 있어요.",Limitless_TTS_Output_Missing_Main01_05_08_12_v2/dialogue_manifest_missing_main01_05_08_12_v2.csv,companion_miel,Unity/Client/Assets/_Project/Audio/Voice/Story/Main04/main04_miel_supp_003.wav,396d1adfa28d2c045919d3a43cd56438,main04_miel_supp_003.wav,True,Limitless_TTS_Regen_Main04_FirstEncounter_9/main04_miel_supp_003.wav,True,True,-20.355086477171575,False,companion_miel,companion_miel (미제작은 NONE),NEEDS_LISTENING;PROTECTED_PASS;RUNTIME_LISTENING_PASS,2026-10-06 새원본9/Unity 연속 Runtime 사용자9건 의미·화자·전체문장·음량PASS.001 두문장 같은Line;shift/Main03 재등장/partial/wrong/cutoff0.전체PCM 원본동일/GUID 유지;244는관리범위;regen0.,3.76,24000,1,fc0c804321c31d58589817fb5e4b8f003dcb84c05372ba874ee3ae6cd029dbb8,LOW,SEMANTIC_LISTENING_PRIORITY_LOW,0,PROTECTED_PASS_LATEST_HUMAN_RUNTIME_EVIDENCE,PROTECTED_PASS,True,036718928813bf30bae3999fcee41ddbe7b18608e956eab665f3735ac7885408,-20.355086477171575,-2.879144527676356,90240,2,15,FirstConversation,1,5,FirstConversation:5;,KEEP_PROTECTED_PASS
4,Unity/Client/Assets/_Project/Scripts/World/MainQuest04FieldFlow.cs,212,11157,FirstConversation,,<PlayerName>,여기서 무슨 일이 있었습니까?,,M04:Unity/Client/Assets/_Project/Scripts/World/MainQuest04FieldFlow.cs:11157,Field_01,6,player,player,플레이어,여기서 무슨 일이 있었습니까?,여기서 무슨 일이 있었습니까?,,,문서\03_스토리\LOCAL_Story_Dialogue_원문_부록.md,여기서 무슨 일이 있었습니까?,,,,,NONE,,,,,,False,False,,False,NONE,NONE,OK,,,,,,NOT_VOICE_TARGET,,,,NEEDS_LISTENING,False,,,,,,,FirstConversation,1,6,FirstConversation:6;,
4,Unity/Client/Assets/_Project/Scripts/World/MainQuest04FieldFlow.cs,213,11221,FirstConversation,companion_miel,미엘,"몬스터들에게 습격받았습니다.
그런데 조금 이상했어요.",main04_miel_supp_004,M04:Unity/Client/Assets/_Project/Scripts/World/MainQuest04FieldFlow.cs:11221,Field_01,7,companion_miel,companion_miel,미엘,"몬스터들에게 습격받았습니다.
그런데 조금 이상했어요.","몬스터들에게 습격받았습니다.
그런데 조금 이상했어요.","몬스터들에게 습격받았습니다.
그런데 조금 이상했어요.",LATEST_HUMAN_RUNTIME_PASS;Main04_FirstEncounter_Final_적용_QA.md;Story_Voice_Main01_12_QA.md,문서\03_스토리\LOCAL_Story_Dialogue_원문_부록.md,"몬스터들에게 습격받았습니다.
그런데 조금 이상했어요.",main04_miel_supp_004,미엘,"몬스터들에게 습격받았습니다.
그런데 조금 이상했어요.",Limitless_TTS_Output_Missing_Main01_05_08_12_v2/dialogue_manifest_missing_main01_05_08_12_v2.csv,companion_miel,Unity/Client/Assets/_Project/Audio/Voice/Story/Main04/main04_miel_supp_004.wav,e2426b334db36754a9d9b3d6ead414cc,main04_miel_supp_004.wav,True,Limitless_TTS_Regen_Main04_FirstEncounter_9/main04_miel_supp_004.wav,True,True,-16.02296067045734,False,companion_miel,companion_miel (미제작은 NONE),NEEDS_LISTENING;PROTECTED_PASS;RUNTIME_LISTENING_PASS,2026-10-06 새원본9/Unity 연속 Runtime 사용자9건 의미·화자·전체문장·음량PASS.001 두문장 같은Line;shift/Main03 재등장/partial/wrong/cutoff0.전체PCM 원본동일/GUID 유지;244는관리범위;regen0.,5.4,24000,1,5d3562fc556b7aaefb488cff1e24a88f269ab36c4b518ea7c4f37a3b95fdc714,LOW,SEMANTIC_LISTENING_PRIORITY_LOW,0,PROTECTED_PASS_LATEST_HUMAN_RUNTIME_EVIDENCE,PROTECTED_PASS,True,6c8569c11a113c59adbb6793032d8a7e08898999bbd0f62fc5e66fe9737f584a,-16.02296067045734,-0.9340789141210026,129600,2,23,FirstConversation,1,7,FirstConversation:7;,KEEP_PROTECTED_PASS
4,Unity/Client/Assets/_Project/Scripts/World/MainQuest04FieldFlow.cs,214,11332,FirstConversation,companion_miel,미엘,"처음부터 사람을 노리고
온 것 같지는 않았습니다.",main04_miel_supp_005,M04:Unity/Client/Assets/_Project/Scripts/World/MainQuest04FieldFlow.cs:11332,Field_01,8,companion_miel,companion_miel,미엘,"처음부터 사람을 노리고
온 것 같지는 않았습니다.","처음부터 사람을 노리고
온 것 같지는 않았습니다.","처음부터 사람을 노리고
온 것 같지는 않았습니다.",LATEST_HUMAN_RUNTIME_PASS;Main04_FirstEncounter_Final_적용_QA.md;Story_Voice_Main01_12_QA.md,문서\03_스토리\LOCAL_Story_Dialogue_원문_부록.md,"처음부터 사람을 노리고
온 것 같지는 않았습니다.",main04_miel_supp_005,미엘,"처음부터 사람을 노리고
온 것 같지는 않았습니다.",Limitless_TTS_Output_Missing_Main01_05_08_12_v2/dialogue_manifest_missing_main01_05_08_12_v2.csv,companion_miel,Unity/Client/Assets/_Project/Audio/Voice/Story/Main04/main04_miel_supp_005.wav,3c3dba5e74d6ec241b4958fc79a34310,main04_miel_supp_005.wav,True,Limitless_TTS_Regen_Main04_FirstEncounter_9/main04_miel_supp_005.wav,True,True,-19.745296834477553,False,companion_miel,companion_miel (미제작은 NONE),NEEDS_LISTENING;PROTECTED_PASS;RUNTIME_LISTENING_PASS,2026-10-06 새원본9/Unity 연속 Runtime 사용자9건 의미·화자·전체문장·음량PASS.001 두문장 같은Line;shift/Main03 재등장/partial/wrong/cutoff0.전체PCM 원본동일/GUID 유지;244는관리범위;regen0.,3.88,24000,1,d44dace76e3662051413eaaed34556fd07ffc45b07257d4d8dee3e7b5dec6140,LOW,SEMANTIC_LISTENING_PRIORITY_LOW,0,PROTECTED_PASS_LATEST_HUMAN_RUNTIME_EVIDENCE,PROTECTED_PASS,True,6aad6d8e5b98218c8f11d46d1d56f8b17dc5707489b227349b2c6bcc9d735474,-19.745296834477553,-2.551240472717798,93120,1,20,FirstConversation,1,8,FirstConversation:8;,KEEP_PROTECTED_PASS
4,Unity/Client/Assets/_Project/Scripts/World/MainQuest04FieldFlow.cs,215,11441,FirstConversation,companion_taeon,태온,무언가를 피하고 있었습니까?,main04_taeon_supp_003,M04:Unity/Client/Assets/_Project/Scripts/World/MainQuest04FieldFlow.cs:11441,Field_01,9,companion_taeon,companion_taeon,태온,무언가를 피하고 있었습니까?,무언가를 피하고 있었습니까?,무언가를 피하고 있었습니까?,LATEST_HUMAN_RUNTIME_PASS;Main04_FirstEncounter_Final_적용_QA.md;Story_Voice_Main01_12_QA.md,문서\03_스토리\LOCAL_Story_Dialogue_원문_부록.md,무언가를 피하고 있었습니까?,main04_taeon_supp_003,태온,무언가를 피하고 있었습니까?,Limitless_TTS_Output_Missing_Main01_05_08_12_v2/dialogue_manifest_missing_main01_05_08_12_v2.csv,companion_taeon,Unity/Client/Assets/_Project/Audio/Voice/Story/Main04/main04_taeon_supp_003.wav,d1cef965a60b4994a9efc9355fb3e79b,main04_taeon_supp_003.wav,True,Limitless_TTS_Regen_Main04_FirstEncounter_9/main04_taeon_supp_003.wav,True,True,-19.088530464744732,False,companion_taeon,companion_taeon (미제작은 NONE),NEEDS_LISTENING;PROTECTED_PASS;RUNTIME_LISTENING_PASS,2026-10-06 새원본9/Unity 연속 Runtime 사용자9건 의미·화자·전체문장·음량PASS.001 두문장 같은Line;shift/Main03 재등장/partial/wrong/cutoff0.전체PCM 원본동일/GUID 유지;244는관리범위;regen0.,2.56,24000,1,79f340ff378fa7b3eebd3542e706e1c71402f37f2ce9c4c9db4233da04e54828,LOW,SEMANTIC_LISTENING_PRIORITY_LOW,0,PROTECTED_PASS_LATEST_HUMAN_RUNTIME_EVIDENCE,PROTECTED_PASS,True,00992da47db74ef024929219f3a5fd04618c0a223bd9bb705e285a9be9c6ff1b,-19.088530464744732,-3.1969036800182766,61440,1,12,FirstConversation,1,9,FirstConversation:9;,KEEP_PROTECTED_PASS
4,Unity/Client/Assets/_Project/Scripts/World/MainQuest04FieldFlow.cs,216,11539,FirstConversation,companion_miel,미엘,"네.
갑자기 길을 가로막게 되자
공격한 것처럼 보였어요.",main04_miel_supp_006,M04:Unity/Client/Assets/_Project/Scripts/World/MainQuest04FieldFlow.cs:11539,Field_01,10,companion_miel,companion_miel,미엘,"네.
갑자기 길을 가로막게 되자
공격한 것처럼 보였어요.","네.
갑자기 길을 가로막게 되자
공격한 것처럼 보였어요.","네.
갑자기 길을 가로막게 되자
공격한 것처럼 보였어요.",LATEST_HUMAN_RUNTIME_PASS;Main04_FirstEncounter_Final_적용_QA.md;Story_Voice_Main01_12_QA.md,문서\03_스토리\LOCAL_Story_Dialogue_원문_부록.md,"네.
갑자기 길을 가로막게 되자
공격한 것처럼 보였어요.",main04_miel_supp_006,미엘,"네.
갑자기 길을 가로막게 되자
공격한 것처럼 보였어요.",Limitless_TTS_Output_Missing_Main01_05_08_12_v2/dialogue_manifest_missing_main01_05_08_12_v2.csv,companion_miel,Unity/Client/Assets/_Project/Audio/Voice/Story/Main04/main04_miel_supp_006.wav,96e329a599d28f746b02246d49b2683f,main04_miel_supp_006.wav,True,Limitless_TTS_Regen_Main04_FirstEncounter_9/main04_miel_supp_006.wav,True,True,-17.591060410948995,False,companion_miel,companion_miel (미제작은 NONE),NEEDS_LISTENING;PROTECTED_PASS;RUNTIME_LISTENING_PASS,2026-10-06 새원본9/Unity 연속 Runtime 사용자9건 의미·화자·전체문장·음량PASS.001 두문장 같은Line;shift/Main03 재등장/partial/wrong/cutoff0.전체PCM 원본동일/GUID 유지;244는관리범위;regen0.,5.8,24000,1,d77657b1143e1aa5f7fc691764b8ccc373e1dcff3ae1506d7c74167c6d3d120c,LOW,SEMANTIC_LISTENING_PRIORITY_LOW,0,PROTECTED_PASS_LATEST_HUMAN_RUNTIME_EVIDENCE,PROTECTED_PASS,True,df7472ab0794d4232cbae7da7333e433939757c797fdc4137e66ce1174556614,-17.591060410948995,-3.555820878671513,139200,2,22,FirstConversation,1,10,FirstConversation:10;,KEEP_PROTECTED_PASS
4,Unity/Client/Assets/_Project/Scripts/World/MainQuest04FieldFlow.cs,221,11745,EncounterConversation,companion_taeon,태온,"또 옵니다.
제가 앞을 맡겠습니다.",main04_taeon_supp_004,M04:Unity/Client/Assets/_Project/Scripts/World/MainQuest04FieldFlow.cs:11745,Field_01,1,companion_taeon,companion_taeon,태온,"또 옵니다.
제가 앞을 맡겠습니다.","또 옵니다.
제가 앞을 맡겠습니다.","또 옵니다.
제가 앞을 맡겠습니다.",LATEST_HUMAN_RUNTIME_PASS;Main04_FirstEncounter_Final_적용_QA.md;Story_Voice_Main01_12_QA.md,문서\03_스토리\LOCAL_Story_Dialogue_원문_부록.md,"또 옵니다.
제가 앞을 맡겠습니다.",main04_taeon_supp_004,태온,"또 옵니다.
제가 앞을 맡겠습니다.",Limitless_TTS_Output_Missing_Main01_05_08_12_v2/dialogue_manifest_missing_main01_05_08_12_v2.csv,companion_taeon,Unity/Client/Assets/_Project/Audio/Voice/Story/Main04/main04_taeon_supp_004.wav,62b5719981958b14683804f53f69086f,main04_taeon_supp_004.wav,True,Limitless_TTS_Regen_Main04_PostFirstEncounter_3\main04_taeon_supp_004.wav,True,True,-18.237309915673638,False,companion_taeon,companion_taeon (미제작은 NONE),NEEDS_LISTENING;PROTECTED_PASS;RUNTIME_LISTENING_PASS,Main04 후속 새 WAV3 연속 Runtime 사용자 의미·전체발화·음량 PASS.첫 조우 종료→전투 전3페이지→실제 StoryBattle/QA 승리→정식 Field복귀→Miel008→Taeon005까지 검증.전체 PCM 오차0.재생성 필요0;244는 기존 관리 범위.,3.04,24000,1,04297be9c9ad031c21541a19e8d9c2bb9df04cbb3eada9eb8137764215ca9b0a,LOW,SEMANTIC_LISTENING_PRIORITY_LOW,0,PROTECTED_PASS_LATEST_HUMAN_RUNTIME_EVIDENCE,PROTECTED_PASS,True,56572034683b4b722a077c26e1837ecbf20089869d535ee31c07f5833fec89a5,-18.237309915673638,-1.0120569079282231,72960,2,13,EncounterConversation,2,1,EncounterConversation:1;,KEEP_PROTECTED_PASS
4,Unity/Client/Assets/_Project/Scripts/World/MainQuest04FieldFlow.cs,222,11848,EncounterConversation,companion_miel,미엘,다친 곳은 제가 보겠습니다.,main04_miel_supp_007,M04:Unity/Client/Assets/_Project/Scripts/World/MainQuest04FieldFlow.cs:11848,Field_01,2,companion_miel,companion_miel,미엘,다친 곳은 제가 보겠습니다.,다친 곳은 제가 보겠습니다.,다친 곳은 제가 보겠습니다.,LATEST_HUMAN_RUNTIME_PASS;Main04_FirstEncounter_Final_적용_QA.md;Story_Voice_Main01_12_QA.md,문서\03_스토리\LOCAL_Story_Dialogue_원문_부록.md,다친 곳은 제가 보겠습니다.,main04_miel_supp_007,미엘,다친 곳은 제가 보겠습니다.,Limitless_TTS_Output_Missing_Main01_05_08_12_v2/dialogue_manifest_missing_main01_05_08_12_v2.csv,companion_miel,Unity/Client/Assets/_Project/Audio/Voice/Story/Main04/main04_miel_supp_007.wav,4782880ec2e1f9f48a7489850b017ce0,main04_miel_supp_007.wav,True,Limitless_TTS_Regen_Main04_PostFirstEncounter_3\main04_miel_supp_007.wav,True,True,-20.243528090480236,False,companion_miel,companion_miel (미제작은 NONE),NEEDS_LISTENING;PROTECTED_PASS;RUNTIME_LISTENING_PASS,Main04 후속 새 WAV3 연속 Runtime 사용자 의미·전체발화·음량 PASS.첫 조우 종료→전투 전3페이지→실제 StoryBattle/QA 승리→정식 Field복귀→Miel008→Taeon005까지 검증.전체 PCM 오차0.재생성 필요0;244는 기존 관리 범위.,2.4,24000,1,6d36ba89b5be5ce067b33856cf38f0630b32cf6e54af1f7c2eba76a421208582,LOW,SEMANTIC_LISTENING_PRIORITY_LOW,0,PROTECTED_PASS_LATEST_HUMAN_RUNTIME_EVIDENCE,PROTECTED_PASS,True,ec4af587bf04c076abf675d6718066892690225d4e920ea9d5f0aeac51bf8977,-20.243528090480236,-4.389304671004826,57600,1,11,EncounterConversation,2,2,EncounterConversation:2;,KEEP_PROTECTED_PASS
4,Unity/Client/Assets/_Project/Scripts/World/MainQuest04FieldFlow.cs,223,11944,EncounterConversation,,<PlayerName>,갑시다.,,M04:Unity/Client/Assets/_Project/Scripts/World/MainQuest04FieldFlow.cs:11944,Field_01,3,player,player,플레이어,갑시다.,갑시다.,,,문서\03_스토리\LOCAL_Story_Dialogue_원문_부록.md,갑시다.,,,,,NONE,,,,,,False,False,,False,NONE,NONE,OK,,,,,,NOT_VOICE_TARGET,,,,NEEDS_LISTENING,False,,,,,,,EncounterConversation,2,3,EncounterConversation:3;,
4,Unity/Client/Assets/_Project/Scripts/World/MainQuest04FieldFlow.cs,229,12165,AfterBattleConversation,companion_miel,미엘,"괜찮으세요?
다친 곳부터 확인할게요.",main04_miel_supp_008,M04:Unity/Client/Assets/_Project/Scripts/World/MainQuest04FieldFlow.cs:12165,Field_01,1,companion_miel,companion_miel,미엘,"괜찮으세요?
다친 곳부터 확인할게요.","괜찮으세요?
다친 곳부터 확인할게요.","괜찮으세요?
다친 곳부터 확인할게요.",LATEST_HUMAN_RUNTIME_PASS;Main04_FirstEncounter_Final_적용_QA.md;Story_Voice_Main01_12_QA.md,문서\03_스토리\LOCAL_Story_Dialogue_원문_부록.md,"괜찮으세요?
다친 곳부터 확인할게요.",main04_miel_supp_008,미엘,"괜찮으세요?
다친 곳부터 확인할게요.",Limitless_TTS_Output_Missing_Main01_05_08_12_v2/dialogue_manifest_missing_main01_05_08_12_v2.csv,companion_miel,Unity/Client/Assets/_Project/Audio/Voice/Story/Main04/main04_miel_supp_008.wav,06fa822df904fa04089d9ef30ead21c7,main04_miel_supp_008.wav,True,Limitless_TTS_Regen_Main04_PostFirstEncounter_3\main04_miel_supp_008.wav,True,True,-18.099379645088167,False,companion_miel,companion_miel (미제작은 NONE),NEEDS_LISTENING;PROTECTED_PASS;RUNTIME_LISTENING_PASS,Main04 후속 새 WAV3 연속 Runtime 사용자 의미·전체발화·음량 PASS.첫 조우 종료→전투 전3페이지→실제 StoryBattle/QA 승리→정식 Field복귀→Miel008→Taeon005까지 검증.전체 PCM 오차0.재생성 필요0;244는 기존 관리 범위.,4.08,24000,1,939bd36a013f7c62c841a2f9c54dccf6861d36f739b63e1b49742a2ac5657c1d,LOW,SEMANTIC_LISTENING_PRIORITY_LOW,0,PROTECTED_PASS_LATEST_HUMAN_RUNTIME_EVIDENCE,PROTECTED_PASS,True,f627f3ca8f12acc81cb4e46c85d7e60f3901ac7ab38c61fd4673728fc6d030a5,-18.099379645088167,-1.8562171632443176,97920,2,15,AfterBattleConversation,3,1,AfterBattleConversation:1;,KEEP_PROTECTED_PASS
4,Unity/Client/Assets/_Project/Scripts/World/MainQuest04FieldFlow.cs,230,12267,AfterBattleConversation,companion_taeon,태온,본인부터 보셔야 하는 것 아닙니까?,main04_taeon_supp_005,M04:Unity/Client/Assets/_Project/Scripts/World/MainQuest04FieldFlow.cs:12267,Field_01,2,companion_taeon,companion_taeon,태온,본인부터 보셔야 하는 것 아닙니까?,본인부터 보셔야 하는 것 아닙니까?,,LATEST_HUMAN_RUNTIME_PASS;Main04_FirstEncounter_Final_적용_QA.md;Story_Voice_Main01_12_QA.md,문서\03_스토리\LOCAL_Story_Dialogue_원문_부록.md,본인부터 보셔야 하는 것 아닙니까?,main04_taeon_supp_005,태온,본인부터 보셔야 하는 것 아닙니까?,Limitless_TTS_Output_Missing_Main01_05_08_12_v2/dialogue_manifest_missing_main01_05_08_12_v2.csv,companion_taeon,Unity/Client/Assets/_Project/Audio/Voice/Story/Main04/main04_taeon_supp_005.wav,2b77adb51516d734aa5348f18fc42086,main04_taeon_supp_005.wav,True,,True,False,-19.874474049611873,False,companion_taeon,companion_taeon (미제작은 NONE),NEEDS_LISTENING;PROTECTED_PASS;RUNTIME_LISTENING_PASS,,2.71,24000,1,d01fe51d7c8c6d94a4411477ffd6b98ab3c62fe99267ed0bef11384383afdf1e,LOW,SEMANTIC_LISTENING_PRIORITY_LOW,0,PROTECTED_PASS_LATEST_HUMAN_RUNTIME_EVIDENCE,PROTECTED_PASS,True,0ac6df116eb89cc24a1cfbaf717220c83738add4588069589fb96be2b3122467,-19.874474049611873,-4.587507621682888,65040,1,14,AfterBattleConversation,3,2,AfterBattleConversation:2;,KEEP_PROTECTED_PASS
4,Unity/Client/Assets/_Project/Scripts/World/MainQuest04FieldFlow.cs,231,12369,AfterBattleConversation,companion_miel,미엘,"저도 볼 겁니다.
이번에는 순서대로요.",main04_miel_supp_009,M04:Unity/Client/Assets/_Project/Scripts/World/MainQuest04FieldFlow.cs:12369,Field_01,3,companion_miel,companion_miel,미엘,"저도 볼 겁니다.
이번에는 순서대로요.","저도 볼 겁니다.
이번에는 순서대로요.","저도 볼 겁니다.
이번에는 순서대로요.",2026-10-07 user full source listening PASS; Runtime reference/full PCM error0; no new human Runtime listening,문서\03_스토리\LOCAL_Story_Dialogue_원문_부록.md,"저도 볼 겁니다.
이번에는 순서대로요.",main04_miel_supp_009,미엘,"저도 볼 겁니다.
이번에는 순서대로요.",Limitless_TTS_Output_Missing_Main01_05_08_12_v2/dialogue_manifest_missing_main01_05_08_12_v2.csv,companion_miel,Unity/Client/Assets/_Project/Audio/Voice/Story/Main04/main04_miel_supp_009.wav,fa9ec6a96bb329840be3727f31a9c598,main04_miel_supp_009.wav,True,Limitless_TTS_Regen_Main04_LateSequence_5/main04_miel_supp_009.wav,False,True,-16.216911125056825,False,companion_miel,companion_miel (미제작은 NONE),NEEDS_LISTENING;METADATA_PASS;REGENERATED;USER_LISTENED_PASS;UNITY_APPLIED;RUNTIME_VERIFIED,NEEDS_LISTENING244는 역사 관리 marker 유지. 이전 Wrong/Suspect는 이전 원본 판정; 새 원본은 사용자 전체청취PASS. Main04_Late5_Final_QA.md/Source_Mapping.csv가 현재 정본. Runtime 사람 재청취를 주장하지 않음.,3.84,24000,1,a6c706de3e6e8f4c3abd1a7ea03a8c7f0d2c641e0aeb963488ef00434772aec3,HIGH,SEMANTIC_LISTENING_PRIORITY_HIGH,210,EXISTING_TTS_REGEN_REQUIRED_NO_NEW_VERDICT;PREVIOUS_PROBLEM_SUPPLEMENT_BATCH;SUPPLEMENT_PACK_UNLISTENED;IMPORTANT_STORY_UNLISTENED,REGENERATED;USER_LISTENED_PASS;UNITY_APPLIED;RUNTIME_VERIFIED,False,0f02218fa28f0e881bc3e889a303e4fbfb295a829427ce5a74fa18c674f5c8aa,-16.216911125056825,-0.6976501991604884,92160,2,15,AfterBattleConversation,3,3,AfterBattleConversation:3;,RESOLVED_SEE_MAIN04_LATE5_FINAL_QA
4,Unity/Client/Assets/_Project/Scripts/World/MainQuest04FieldFlow.cs,233,12538,AfterBattleConversation,companion_taeon,태온,"제가 본 움직임과
이곳에서 있었던 일까지 합치면…",main04_taeon_supp_006,M04:Unity/Client/Assets/_Project/Scripts/World/MainQuest04FieldFlow.cs:12538,Field_01,4,companion_taeon,companion_taeon,태온,"제가 본 움직임과
이곳에서 있었던 일까지 합치면…","제가 본 움직임과
이곳에서 있었던 일까지 합치면…","제가 본 움직임과
이곳에서 있었던 일까지 합치면…",2026-10-07 user full source listening PASS; Runtime reference/full PCM error0; no new human Runtime listening,문서\03_스토리\LOCAL_Story_Dialogue_원문_부록.md,"제가 본 움직임과
이곳에서 있었던 일까지 합치면…",main04_taeon_supp_006,태온,"제가 본 움직임과
이곳에서 있었던 일까지 합치면…",Limitless_TTS_Output_Missing_Main01_05_08_12_v2/dialogue_manifest_missing_main01_05_08_12_v2.csv,companion_taeon,Unity/Client/Assets/_Project/Audio/Voice/Story/Main04/main04_taeon_supp_006.wav,6dc204a95cf23ea418494ccc6c56a51a,main04_taeon_supp_006.wav,True,Limitless_TTS_Regen_Main04_LateSequence_5/main04_taeon_supp_006.wav,False,True,-18.35508650652161,False,companion_taeon,companion_taeon (미제작은 NONE),NEEDS_LISTENING;METADATA_PASS;REGENERATED;USER_LISTENED_PASS;UNITY_APPLIED;RUNTIME_VERIFIED,NEEDS_LISTENING244는 역사 관리 marker 유지. 이전 Wrong/Suspect는 이전 원본 판정; 새 원본은 사용자 전체청취PASS. Main04_Late5_Final_QA.md/Source_Mapping.csv가 현재 정본. Runtime 사람 재청취를 주장하지 않음.,5.44,24000,1,1e321bf6f5a6a2cf917f2ed3cdbd0468f41b4a966fa4858ffcc83bd3a110f9f2,HIGH,SEMANTIC_LISTENING_PRIORITY_HIGH,210,EXISTING_TTS_REGEN_REQUIRED_NO_NEW_VERDICT;PREVIOUS_PROBLEM_SUPPLEMENT_BATCH;SUPPLEMENT_PACK_UNLISTENED;IMPORTANT_STORY_UNLISTENED,REGENERATED;USER_LISTENED_PASS;UNITY_APPLIED;RUNTIME_VERIFIED,False,d02a6ac98c9fa2af109aaeee2311625d3b8afbbe17e1b64cbab1d811ab9b4968,-18.35508650652161,-1.9509330593697791,130560,1,20,AfterBattleConversation,3,4,AfterBattleConversation:4;,RESOLVED_SEE_MAIN04_LATE5_FINAL_QA
4,Unity/Client/Assets/_Project/Scripts/World/MainQuest04FieldFlow.cs,234,12649,AfterBattleConversation,,<PlayerName>,"몬스터들이 마을을 노리고
내려오는 건 아닌 것 같습니다.",,M04:Unity/Client/Assets/_Project/Scripts/World/MainQuest04FieldFlow.cs:12649,Field_01,5,player,player,플레이어,"몬스터들이 마을을 노리고
내려오는 건 아닌 것 같습니다.","몬스터들이 마을을 노리고
내려오는 건 아닌 것 같습니다.",,,문서\03_스토리\LOCAL_Story_Dialogue_원문_부록.md,"몬스터들이 마을을 노리고
내려오는 건 아닌 것 같습니다.",,,,,NONE,,,,,,False,False,,False,NONE,NONE,OK,,,,,,NOT_VOICE_TARGET,,,,NEEDS_LISTENING,False,,,,,,,AfterBattleConversation,3,5,AfterBattleConversation:5;,
4,Unity/Client/Assets/_Project/Scripts/World/MainQuest04FieldFlow.cs,235,12729,AfterBattleConversation,companion_miel,미엘,"초원보다 더 안쪽에서
무언가가 벌어지고 있는 것 같아요.",main04_miel_supp_010,M04:Unity/Client/Assets/_Project/Scripts/World/MainQuest04FieldFlow.cs:12729,Field_01,6,companion_miel,companion_miel,미엘,"초원보다 더 안쪽에서
무언가가 벌어지고 있는 것 같아요.","초원보다 더 안쪽에서
무언가가 벌어지고 있는 것 같아요.","초원보다 더 안쪽에서
무언가가 벌어지고 있는 것 같아요.",2026-10-07 user full source listening PASS; Runtime reference/full PCM error0; no new human Runtime listening,문서\03_스토리\LOCAL_Story_Dialogue_원문_부록.md,"초원보다 더 안쪽에서
무언가가 벌어지고 있는 것 같아요.",main04_miel_supp_010,미엘,"초원보다 더 안쪽에서
무언가가 벌어지고 있는 것 같아요.",Limitless_TTS_Output_Missing_Main01_05_08_12_v2/dialogue_manifest_missing_main01_05_08_12_v2.csv,companion_miel,Unity/Client/Assets/_Project/Audio/Voice/Story/Main04/main04_miel_supp_010.wav,9f9335a565a41404fbc40b36e0755950,main04_miel_supp_010.wav,True,Limitless_TTS_Regen_Main04_LateSequence_5/main04_miel_supp_010.wav,False,True,-20.468622171062812,False,companion_miel,companion_miel (미제작은 NONE),NEEDS_LISTENING;METADATA_PASS;REGENERATED;USER_LISTENED_PASS;UNITY_APPLIED;RUNTIME_VERIFIED,NEEDS_LISTENING244는 역사 관리 marker 유지. 이전 Wrong/Suspect는 이전 원본 판정; 새 원본은 사용자 전체청취PASS. Main04_Late5_Final_QA.md/Source_Mapping.csv가 현재 정본. Runtime 사람 재청취를 주장하지 않음.,5.88,24000,1,7afdac8f69e4ff309504bb55337882ee594630b1a1fb82881c9ee63e85861cb2,HIGH,SEMANTIC_LISTENING_PRIORITY_HIGH,210,EXISTING_TTS_REGEN_REQUIRED_NO_NEW_VERDICT;PREVIOUS_PROBLEM_SUPPLEMENT_BATCH;SUPPLEMENT_PACK_UNLISTENED;IMPORTANT_STORY_UNLISTENED,REGENERATED;USER_LISTENED_PASS;UNITY_APPLIED;RUNTIME_VERIFIED,False,8688297c1d1558dd087fe6ce93aa62bbfc6d24b51234f095b2e2e74dc5b300dc,-20.468622171062812,-5.860912877545246,141120,1,23,AfterBattleConversation,3,6,AfterBattleConversation:6;,RESOLVED_SEE_MAIN04_LATE5_FINAL_QA
4,Unity/Client/Assets/_Project/Scripts/World/MainQuest04FieldFlow.cs,236,12842,AfterBattleConversation,companion_taeon,태온,"여기서 더 들어가는 건
지금은 위험할 것 같습니다.",main04_taeon_supp_007,M04:Unity/Client/Assets/_Project/Scripts/World/MainQuest04FieldFlow.cs:12842,Field_01,7,companion_taeon,companion_taeon,태온,"여기서 더 들어가는 건
지금은 위험할 것 같습니다.","여기서 더 들어가는 건
지금은 위험할 것 같습니다.","여기서 더 들어가는 건
지금은 위험할 것 같습니다.",2026-10-07 user full source listening PASS; Runtime reference/full PCM error0; no new human Runtime listening,문서\03_스토리\LOCAL_Story_Dialogue_원문_부록.md,"여기서 더 들어가는 건
지금은 위험할 것 같습니다.",main04_taeon_supp_007,태온,"여기서 더 들어가는 건
지금은 위험할 것 같습니다.",Limitless_TTS_Output_Missing_Main01_05_08_12_v2/dialogue_manifest_missing_main01_05_08_12_v2.csv,companion_taeon,Unity/Client/Assets/_Project/Audio/Voice/Story/Main04/main04_taeon_supp_007.wav,ddba3d554e929884ca239babdcb04012,main04_taeon_supp_007.wav,True,Limitless_TTS_Regen_Main04_LateSequence_5/main04_taeon_supp_007.wav,False,True,-18.107578361382668,False,companion_taeon,companion_taeon (미제작은 NONE),NEEDS_LISTENING;METADATA_PASS;REGENERATED;USER_LISTENED_PASS;UNITY_APPLIED;RUNTIME_VERIFIED,NEEDS_LISTENING244는 역사 관리 marker 유지. 이전 Wrong/Suspect는 이전 원본 판정; 새 원본은 사용자 전체청취PASS. Main04_Late5_Final_QA.md/Source_Mapping.csv가 현재 정본. Runtime 사람 재청취를 주장하지 않음.,4.76,24000,1,ed32390b672273356a7f10b801894da1c086d7cd9ae9ae3db9f09abf3e5e6d32,HIGH,SEMANTIC_LISTENING_PRIORITY_HIGH,210,EXISTING_TTS_REGEN_REQUIRED_NO_NEW_VERDICT;PREVIOUS_PROBLEM_SUPPLEMENT_BATCH;SUPPLEMENT_PACK_UNLISTENED;IMPORTANT_STORY_UNLISTENED,REGENERATED;USER_LISTENED_PASS;UNITY_APPLIED;RUNTIME_VERIFIED,False,f89134bf484e1edcfdf8ae63520d20f9a4fc8a1b71bde6be1565c8004f7d26cd,-18.107578361382668,-3.272299829645527,114240,1,20,AfterBattleConversation,3,7,AfterBattleConversation:7;,RESOLVED_SEE_MAIN04_LATE5_FINAL_QA
4,Unity/Client/Assets/_Project/Scripts/World/MainQuest04FieldFlow.cs,237,12954,AfterBattleConversation,companion_miel,미엘,마을에도 이 상황을 알려야 해요.,main04_miel_supp_011,M04:Unity/Client/Assets/_Project/Scripts/World/MainQuest04FieldFlow.cs:12954,Field_01,8,companion_miel,companion_miel,미엘,마을에도 이 상황을 알려야 해요.,마을에도 이 상황을 알려야 해요.,마을에도 이 상황을 알려야 해요.,2026-10-07 user full source listening PASS; Runtime reference/full PCM error0; no new human Runtime listening,문서\03_스토리\LOCAL_Story_Dialogue_원문_부록.md,마을에도 이 상황을 알려야 해요.,main04_miel_supp_011,미엘,마을에도 이 상황을 알려야 해요.,Limitless_TTS_Output_Missing_Main01_05_08_12_v2/dialogue_manifest_missing_main01_05_08_12_v2.csv,companion_miel,Unity/Client/Assets/_Project/Audio/Voice/Story/Main04/main04_miel_supp_011.wav,3fee2085190461e4eb3a5feec7817284,main04_miel_supp_011.wav,True,Limitless_TTS_Regen_Main04_LateSequence_5/main04_miel_supp_011.wav,False,True,-16.271147166086205,False,companion_miel,companion_miel (미제작은 NONE),NEEDS_LISTENING;METADATA_PASS;REGENERATED;USER_LISTENED_PASS;UNITY_APPLIED;RUNTIME_VERIFIED,NEEDS_LISTENING244는 역사 관리 marker 유지. 이전 Wrong/Suspect는 이전 원본 판정; 새 원본은 사용자 전체청취PASS. Main04_Late5_Final_QA.md/Source_Mapping.csv가 현재 정본. Runtime 사람 재청취를 주장하지 않음.,3.0,24000,1,278f2b902b654d521b0d1ca912655309db932ff79e4334f1920d4ca59556bc1c,HIGH,SEMANTIC_LISTENING_PRIORITY_HIGH,210,EXISTING_TTS_REGEN_REQUIRED_NO_NEW_VERDICT;PREVIOUS_PROBLEM_SUPPLEMENT_BATCH;SUPPLEMENT_PACK_UNLISTENED;IMPORTANT_STORY_UNLISTENED,REGENERATED;USER_LISTENED_PASS;UNITY_APPLIED;RUNTIME_VERIFIED,False,69d945d8db5eff4e5d09f0329bfba32394d5af36ff6763d49f2b6ac687421b68,-16.271147166086205,-2.015212832793451,72000,1,13,AfterBattleConversation,3,8,AfterBattleConversation:8;,RESOLVED_SEE_MAIN04_LATE5_FINAL_QA
4,Unity/Client/Assets/_Project/Scripts/World/MainQuest04FieldFlow.cs,238,13053,AfterBattleConversation,,<PlayerName>,돌아가죠.,,M04:Unity/Client/Assets/_Project/Scripts/World/MainQuest04FieldFlow.cs:13053,Field_01,9,player,player,플레이어,돌아가죠.,돌아가죠.,,,문서\03_스토리\LOCAL_Story_Dialogue_원문_부록.md,돌아가죠.,,,,,NONE,,,,,,False,False,,False,NONE,NONE,OK,,,,,,NOT_VOICE_TARGET,,,,NEEDS_LISTENING,False,,,,,,,AfterBattleConversation,3,9,AfterBattleConversation:9;,
5,Unity/Client/Assets/_Project/Scripts/World/MainQuest05ReturnFlow.cs,80,3619,GuardReport,starter-village-gate-guard,남문 경비병,"돌아오셨군요.
두 분은…?",,M05:Unity/Client/Assets/_Project/Scripts/World/MainQuest05ReturnFlow.cs:3619,World_StarterVillage,1,starter-village-gate-guard,starter-village-gate-guard,남문 경비병,"돌아오셨군요.
두 분은…?","돌아오셨군요.
두 분은…?",,,문서\03_스토리\LOCAL_Story_Dialogue_원문_부록.md,"돌아오셨군요.
두 분은…?",,,,,NONE,,,,,,False,False,,False,NONE,starter-village-gate-guard (미제작은 NONE),OK,,,,,,NOT_VOICE_TARGET,,,,OK,False,,,,,,,GuardReport,1,1,GuardReport:1;,
5,Unity/Client/Assets/_Project/Scripts/World/MainQuest05ReturnFlow.cs,81,3694,GuardReport,,<PlayerName>,"초원에서 만났습니다.
함께 상황을 조사했습니다.",,M05:Unity/Client/Assets/_Project/Scripts/World/MainQuest05ReturnFlow.cs:3694,World_StarterVillage,2,player,player,플레이어,"초원에서 만났습니다.
함께 상황을 조사했습니다.","초원에서 만났습니다.
함께 상황을 조사했습니다.",,,문서\03_스토리\LOCAL_Story_Dialogue_원문_부록.md,"초원에서 만났습니다.
함께 상황을 조사했습니다.",,,,,NONE,,,,,,False,False,,False,NONE,NONE,OK,,,,,,NOT_VOICE_TARGET,,,,OK,False,,,,,,,GuardReport,1,2,GuardReport:2;,
5,Unity/Client/Assets/_Project/Scripts/World/MainQuest05ReturnFlow.cs,82,3769,GuardReport,companion_taeon,태온,"몬스터들이 마을 쪽으로 움직이는 건 맞습니다.
하지만 마을을 노리고 있는 것 같지는 않습니다.",main05_taeon_supp_001,M05:Unity/Client/Assets/_Project/Scripts/World/MainQuest05ReturnFlow.cs:3769,World_StarterVillage,3,companion_taeon,companion_taeon,태온,"몬스터들이 마을 쪽으로 움직이는 건 맞습니다.
하지만 마을을 노리고 있는 것 같지는 않습니다.","몬스터들이 마을 쪽으로 움직이는 건 맞습니다.
하지만 마을을 노리고 있는 것 같지는 않습니다.",,,문서\03_스토리\LOCAL_Story_Dialogue_원문_부록.md,"몬스터들이 마을 쪽으로 움직이는 건 맞습니다.
하지만 마을을 노리고 있는 것 같지는 않습니다.",main05_taeon_supp_001,태온,"몬스터들이 마을 쪽으로 움직이는 건 맞습니다.
하지만 마을을 노리고 있는 것 같지는 않습니다.",Limitless_TTS_Output_Missing_Main01_05_08_12_v2/dialogue_manifest_missing_main01_05_08_12_v2.csv,companion_taeon,Unity/Client/Assets/_Project/Audio/Voice/Story/Main05/main05_taeon_supp_001.wav,ce4de626ea7fb7244b8e8ae2f02f5e53,main05_taeon_supp_001.wav,True,,False,False,-21.512506876684444,False,companion_taeon,companion_taeon (미제작은 NONE),NEEDS_LISTENING,,10.55,24000,1,7d3389e5572169ba64e158be7561aa0e6dbfb518b240217aa6bf4a304a9f5f7b,MEDIUM,SEMANTIC_LISTENING_PRIORITY_MEDIUM,45,LONG_MULTI_SENTENCE_OR_3_LINES;SUPPLEMENT_PACK_UNLISTENED,NEEDS_LISTENING,False,f599aaa20b9cb4cbd70212133c13ade2a6ced53555c9abf84ffab20e70c4bc68,-21.512506876684444,-2.4533015346856466,253200,2,38,GuardReport,1,3,GuardReport:3;,LISTEN_COMPARE_FULL_RUNTIME_TEXT
5,Unity/Client/Assets/_Project/Scripts/World/MainQuest05ReturnFlow.cs,83,3907,GuardReport,companion_miel,미엘,무언가를 피해서 내려오고 있는 것 같아요.,main05_miel_supp_001,M05:Unity/Client/Assets/_Project/Scripts/World/MainQuest05ReturnFlow.cs:3907,World_StarterVillage,4,companion_miel,companion_miel,미엘,무언가를 피해서 내려오고 있는 것 같아요.,무언가를 피해서 내려오고 있는 것 같아요.,,2026-10-07 user Main05: abnormal Taeon continuation; Miel speaks Main04 village report text; exact Miel subtitle not remembered,문서\03_스토리\LOCAL_Story_Dialogue_원문_부록.md,무언가를 피해서 내려오고 있는 것 같아요.,main05_miel_supp_001,미엘,무언가를 피해서 내려오고 있는 것 같아요.,Limitless_TTS_Output_Missing_Main01_05_08_12_v2/dialogue_manifest_missing_main01_05_08_12_v2.csv,companion_miel,Unity/Client/Assets/_Project/Audio/Voice/Story/Main05/main05_miel_supp_001.wav,25bf6448d0ef95440acce32e564d5647,main05_miel_supp_001.wav,True,,False,True,-16.931822940650004,False,companion_miel,companion_miel (미제작은 NONE),NEEDS_LISTENING;SEMANTIC_INTEGRITY_SUSPECT;TTS_REGEN_CANDIDATE,"Main05_Return_Voice_QA.md: Input bleed2수정; Matrix6/Runtime mapping/PCM PASS는 의미PASS 아님. 개별Wrong 미확정, 후속5후보를 재생성확정으로 승격하지 않음.",3.04,24000,1,2ecba957758ed107f3060d79a998023e6f63fd398e13da326fd642bdeeb5583f,MEDIUM,SEMANTIC_LISTENING_PRIORITY_MEDIUM,20,SUPPLEMENT_PACK_UNLISTENED,SEMANTIC_INTEGRITY_SUSPECT;USER_MAIN05_RANGE_MISMATCH;TTS_REGEN_CANDIDATE,False,3153a8aa8e784edcc1472ff4c0c56b2a8fe41dfc16476f9db8d496722cbe91df,-16.931822940650004,-3.956923860532269,72960,1,17,GuardReport,1,4,GuardReport:4;,IDENTIFY_WRONG_CONTENT_OR_REVIEW_MAIN05_REGEN_CANDIDATES
5,Unity/Client/Assets/_Project/Scripts/World/MainQuest05ReturnFlow.cs,84,4013,GuardReport,starter-village-gate-guard,남문 경비병,피해서… 말입니까?,,M05:Unity/Client/Assets/_Project/Scripts/World/MainQuest05ReturnFlow.cs:4013,World_StarterVillage,5,starter-village-gate-guard,starter-village-gate-guard,남문 경비병,피해서… 말입니까?,피해서… 말입니까?,,,문서\03_스토리\LOCAL_Story_Dialogue_원문_부록.md,피해서… 말입니까?,,,,,NONE,,,,,,False,False,,False,NONE,starter-village-gate-guard (미제작은 NONE),OK,,,,,,NOT_VOICE_TARGET,,,,OK,False,,,,,,,GuardReport,1,5,GuardReport:5;,
5,Unity/Client/Assets/_Project/Scripts/World/MainQuest05ReturnFlow.cs,85,4083,GuardReport,,<PlayerName>,아직 원인은 모릅니다.,,M05:Unity/Client/Assets/_Project/Scripts/World/MainQuest05ReturnFlow.cs:4083,World_StarterVillage,6,player,player,플레이어,아직 원인은 모릅니다.,아직 원인은 모릅니다.,,,문서\03_스토리\LOCAL_Story_Dialogue_원문_부록.md,아직 원인은 모릅니다.,,,,,NONE,,,,,,False,False,,False,NONE,NONE,OK,,,,,,NOT_VOICE_TARGET,,,,OK,False,,,,,,,GuardReport,1,6,GuardReport:6;,
5,Unity/Client/Assets/_Project/Scripts/World/MainQuest05ReturnFlow.cs,90,4234,RepresentativeReport,starter-village-main-guide,주민 대표,"그렇다면 단순히 몬스터를 쫓아내는 것만으로
해결될 일은 아니겠군요.",,M05:Unity/Client/Assets/_Project/Scripts/World/MainQuest05ReturnFlow.cs:4234,World_StarterVillage,1,starter-village-main-guide,starter-village-main-guide,주민 대표,"그렇다면 단순히 몬스터를 쫓아내는 것만으로
해결될 일은 아니겠군요.","그렇다면 단순히 몬스터를 쫓아내는 것만으로
해결될 일은 아니겠군요.",,,문서\03_스토리\LOCAL_Story_Dialogue_원문_부록.md,"그렇다면 단순히 몬스터를 쫓아내는 것만으로
해결될 일은 아니겠군요.",,,,,NONE,,,,,,False,False,,False,NONE,starter-village-main-guide (미제작은 NONE),OK,,,,,,NOT_VOICE_TARGET,,,,OK,False,,,,,,,RepresentativeReport,2,1,RepresentativeReport:1;,
5,Unity/Client/Assets/_Project/Scripts/World/MainQuest05ReturnFlow.cs,91,4340,RepresentativeReport,starter-village-main-guide,주민 대표,"초원 너머 숲에서도
비슷한 일이 있다는 이야기가 있었습니다.",,M05:Unity/Client/Assets/_Project/Scripts/World/MainQuest05ReturnFlow.cs:4340,World_StarterVillage,2,starter-village-main-guide,starter-village-main-guide,주민 대표,"초원 너머 숲에서도
비슷한 일이 있다는 이야기가 있었습니다.","초원 너머 숲에서도
비슷한 일이 있다는 이야기가 있었습니다.",,,문서\03_스토리\LOCAL_Story_Dialogue_원문_부록.md,"초원 너머 숲에서도
비슷한 일이 있다는 이야기가 있었습니다.",,,,,NONE,,,,,,False,False,,False,NONE,starter-village-main-guide (미제작은 NONE),OK,,,,,,NOT_VOICE_TARGET,,,,OK,False,,,,,,,RepresentativeReport,2,2,RepresentativeReport:2;,
5,Unity/Client/Assets/_Project/Scripts/World/MainQuest05ReturnFlow.cs,92,4442,RepresentativeReport,starter-village-main-guide,주민 대표,"세 분 덕분에 적어도
어디부터 살펴봐야 할지는 알게 됐습니다.",,M05:Unity/Client/Assets/_Project/Scripts/World/MainQuest05ReturnFlow.cs:4442,World_StarterVillage,3,starter-village-main-guide,starter-village-main-guide,주민 대표,"세 분 덕분에 적어도
어디부터 살펴봐야 할지는 알게 됐습니다.","세 분 덕분에 적어도
어디부터 살펴봐야 할지는 알게 됐습니다.",,,문서\03_스토리\LOCAL_Story_Dialogue_원문_부록.md,"세 분 덕분에 적어도
어디부터 살펴봐야 할지는 알게 됐습니다.",,,,,NONE,,,,,,False,False,,False,NONE,starter-village-main-guide (미제작은 NONE),OK,,,,,,NOT_VOICE_TARGET,,,,OK,False,,,,,,,RepresentativeReport,2,3,RepresentativeReport:3;,
5,Unity/Client/Assets/_Project/Scripts/World/MainQuest05ReturnFlow.cs,93,4545,RepresentativeReport,companion_taeon,태온,"저도 이 움직임이
어디서 시작됐는지 확인하고 싶습니다.",main05_taeon_supp_002,M05:Unity/Client/Assets/_Project/Scripts/World/MainQuest05ReturnFlow.cs:4545,World_StarterVillage,4,companion_taeon,companion_taeon,태온,"저도 이 움직임이
어디서 시작됐는지 확인하고 싶습니다.","저도 이 움직임이
어디서 시작됐는지 확인하고 싶습니다.",,2026-10-07 user Main05: abnormal Taeon continuation; Miel speaks Main04 village report text; exact Miel subtitle not remembered,문서\03_스토리\LOCAL_Story_Dialogue_원문_부록.md,"저도 이 움직임이
어디서 시작됐는지 확인하고 싶습니다.",main05_taeon_supp_002,태온,"저도 이 움직임이
어디서 시작됐는지 확인하고 싶습니다.",Limitless_TTS_Output_Missing_Main01_05_08_12_v2/dialogue_manifest_missing_main01_05_08_12_v2.csv,companion_taeon,Unity/Client/Assets/_Project/Audio/Voice/Story/Main05/main05_taeon_supp_002.wav,b48a7ef6325de664f9cc8de19ad9b729,main05_taeon_supp_002.wav,True,,False,True,-25.26071680908283,False,companion_taeon,companion_taeon (미제작은 NONE),NEEDS_LISTENING;SEMANTIC_INTEGRITY_SUSPECT;TTS_REGEN_CANDIDATE,"Main05_Return_Voice_QA.md: Input bleed2수정; Matrix6/Runtime mapping/PCM PASS는 의미PASS 아님. 개별Wrong 미확정, 후속5후보를 재생성확정으로 승격하지 않음.",1.81,24000,1,7542570369d2a1a92d9611b5b81c978040c8c01ef42b0d9aa5b3c402595e8b55,MEDIUM,SEMANTIC_LISTENING_PRIORITY_MEDIUM,20,SUPPLEMENT_PACK_UNLISTENED,SEMANTIC_INTEGRITY_SUSPECT;USER_MAIN05_RANGE_MISMATCH;TTS_REGEN_CANDIDATE,False,b3ebaf08bc1a42c031075c4ab6e15fe23a55314576d0b91086240d4a26695e67,-25.26071680908283,-5.625742311380049,43440,1,23,RepresentativeReport,2,4,RepresentativeReport:4;,IDENTIFY_WRONG_CONTENT_OR_REVIEW_MAIN05_REGEN_CANDIDATES
5,Unity/Client/Assets/_Project/Scripts/World/MainQuest05ReturnFlow.cs,94,4661,RepresentativeReport,companion_taeon,태온,"괜찮으시다면…
조금 더 함께 가겠습니다.",main05_taeon_supp_003,M05:Unity/Client/Assets/_Project/Scripts/World/MainQuest05ReturnFlow.cs:4661,World_StarterVillage,5,companion_taeon,companion_taeon,태온,"괜찮으시다면…
조금 더 함께 가겠습니다.","괜찮으시다면…
조금 더 함께 가겠습니다.",,2026-10-07 user Main05: abnormal Taeon continuation; Miel speaks Main04 village report text; exact Miel subtitle not remembered,문서\03_스토리\LOCAL_Story_Dialogue_원문_부록.md,"괜찮으시다면…
조금 더 함께 가겠습니다.",main05_taeon_supp_003,태온,"괜찮으시다면…
조금 더 함께 가겠습니다.",Limitless_TTS_Output_Missing_Main01_05_08_12_v2/dialogue_manifest_missing_main01_05_08_12_v2.csv,companion_taeon,Unity/Client/Assets/_Project/Audio/Voice/Story/Main05/main05_taeon_supp_003.wav,214a4ae0abdd7944095eb85ed5e23b1b,main05_taeon_supp_003.wav,True,,False,True,-23.48090462998201,False,companion_taeon,companion_taeon (미제작은 NONE),NEEDS_LISTENING;SEMANTIC_INTEGRITY_SUSPECT;TTS_REGEN_CANDIDATE,"Main05_Return_Voice_QA.md: Input bleed2수정; Matrix6/Runtime mapping/PCM PASS는 의미PASS 아님. 개별Wrong 미확정, 후속5후보를 재생성확정으로 승격하지 않음.",2.22,24000,1,dd9441de43f1128341209aa60aa83308f04c7df801a53aef6ea1751e83fa206d,MEDIUM,SEMANTIC_LISTENING_PRIORITY_MEDIUM,20,SUPPLEMENT_PACK_UNLISTENED,SEMANTIC_INTEGRITY_SUSPECT;USER_MAIN05_RANGE_MISMATCH;TTS_REGEN_CANDIDATE,False,87690009d384024d9e62bbf5fad47cdb1fb2c6986f8cef97b715a5a84f922bc9,-23.48090462998201,-5.116643362907675,53280,2,16,RepresentativeReport,2,5,RepresentativeReport:5;,IDENTIFY_WRONG_CONTENT_OR_REVIEW_MAIN05_REGEN_CANDIDATES
5,Unity/Client/Assets/_Project/Scripts/World/MainQuest05ReturnFlow.cs,95,4769,RepresentativeReport,companion_miel,미엘,"이대로 두면
다치는 사람이 더 생길 겁니다.",main05_miel_supp_002,M05:Unity/Client/Assets/_Project/Scripts/World/MainQuest05ReturnFlow.cs:4769,World_StarterVillage,6,companion_miel,companion_miel,미엘,"이대로 두면
다치는 사람이 더 생길 겁니다.","이대로 두면
다치는 사람이 더 생길 겁니다.",,2026-10-07 user Main05: abnormal Taeon continuation; Miel speaks Main04 village report text; exact Miel subtitle not remembered,문서\03_스토리\LOCAL_Story_Dialogue_원문_부록.md,"이대로 두면
다치는 사람이 더 생길 겁니다.",main05_miel_supp_002,미엘,"이대로 두면
다치는 사람이 더 생길 겁니다.",Limitless_TTS_Output_Missing_Main01_05_08_12_v2/dialogue_manifest_missing_main01_05_08_12_v2.csv,companion_miel,Unity/Client/Assets/_Project/Audio/Voice/Story/Main05/main05_miel_supp_002.wav,26ff1e3155ece364ab5eef1fcf1d522a,main05_miel_supp_002.wav,True,,False,True,-17.60935431212684,False,companion_miel,companion_miel (미제작은 NONE),NEEDS_LISTENING;SEMANTIC_INTEGRITY_SUSPECT;TTS_REGEN_CANDIDATE,"Main05_Return_Voice_QA.md: Input bleed2수정; Matrix6/Runtime mapping/PCM PASS는 의미PASS 아님. 개별Wrong 미확정, 후속5후보를 재생성확정으로 승격하지 않음.",3.54,24000,1,bd67fe2e2f5b986c58cf8f40cd496e077da1167332ec79e6b307cc2da8adc1c3,MEDIUM,SEMANTIC_LISTENING_PRIORITY_MEDIUM,20,SUPPLEMENT_PACK_UNLISTENED,SEMANTIC_INTEGRITY_SUSPECT;USER_MAIN05_RANGE_MISMATCH;TTS_REGEN_CANDIDATE,False,a4281727271bf18fb9c60b1ae31547993bde209c7e30d8433163429c654de1c4,-17.60935431212684,-2.5395145465753717,84960,1,17,RepresentativeReport,2,6,RepresentativeReport:6;,IDENTIFY_WRONG_CONTENT_OR_REVIEW_MAIN05_REGEN_CANDIDATES
5,Unity/Client/Assets/_Project/Scripts/World/MainQuest05ReturnFlow.cs,96,4877,RepresentativeReport,companion_miel,미엘,"저도 같이 가겠습니다.
제가 할 수 있는 일이 있을 거예요.",main05_miel_supp_003,M05:Unity/Client/Assets/_Project/Scripts/World/MainQuest05ReturnFlow.cs:4877,World_StarterVillage,7,companion_miel,companion_miel,미엘,"저도 같이 가겠습니다.
제가 할 수 있는 일이 있을 거예요.","저도 같이 가겠습니다.
제가 할 수 있는 일이 있을 거예요.",,2026-10-07 user Main05: abnormal Taeon continuation; Miel speaks Main04 village report text; exact Miel subtitle not remembered,문서\03_스토리\LOCAL_Story_Dialogue_원문_부록.md,"저도 같이 가겠습니다.
제가 할 수 있는 일이 있을 거예요.",main05_miel_supp_003,미엘,"저도 같이 가겠습니다.
제가 할 수 있는 일이 있을 거예요.",Limitless_TTS_Output_Missing_Main01_05_08_12_v2/dialogue_manifest_missing_main01_05_08_12_v2.csv,companion_miel,Unity/Client/Assets/_Project/Audio/Voice/Story/Main05/main05_miel_supp_003.wav,f044a709c1d02394bbaa849ef7eec8fe,main05_miel_supp_003.wav,True,,False,True,-20.224146331665438,False,companion_miel,companion_miel (미제작은 NONE),NEEDS_LISTENING;SEMANTIC_INTEGRITY_SUSPECT;TTS_REGEN_CANDIDATE,"Main05_Return_Voice_QA.md: Input bleed2수정; Matrix6/Runtime mapping/PCM PASS는 의미PASS 아님. 개별Wrong 미확정, 후속5후보를 재생성확정으로 승격하지 않음.",4.06,24000,1,ef92ab806ebc0fd5ba5c8a63abb00049a8372f4bba0776fee02f55bc308cc141,MEDIUM,SEMANTIC_LISTENING_PRIORITY_MEDIUM,20,SUPPLEMENT_PACK_UNLISTENED,SEMANTIC_INTEGRITY_SUSPECT;USER_MAIN05_RANGE_MISMATCH;TTS_REGEN_CANDIDATE,False,2ee34bfc9ed1f64e4c83f9dae4e5cd6bbdcbe78da961947023db010ba091ae2e,-20.224146331665438,-3.2487644785253034,97440,2,22,RepresentativeReport,2,7,RepresentativeReport:7;,IDENTIFY_WRONG_CONTENT_OR_REVIEW_MAIN05_REGEN_CANDIDATES
5,Unity/Client/Assets/_Project/Scripts/World/MainQuest05ReturnFlow.cs,97,4994,RepresentativeReport,,<PlayerName>,그럼 앞으로도 잘 부탁드립니다.,,M05:Unity/Client/Assets/_Project/Scripts/World/MainQuest05ReturnFlow.cs:4994,World_StarterVillage,8,player,player,플레이어,그럼 앞으로도 잘 부탁드립니다.,그럼 앞으로도 잘 부탁드립니다.,,,문서\03_스토리\LOCAL_Story_Dialogue_원문_부록.md,그럼 앞으로도 잘 부탁드립니다.,,,,,NONE,,,,,,False,False,,False,NONE,NONE,OK,,,,,,NOT_VOICE_TARGET,,,,OK,False,,,,,,,RepresentativeReport,2,8,RepresentativeReport:8;,
6,Unity/Client/Assets/_Project/Scripts/World/MainQuest06ForestFlow.cs,128,5580,OnInteract,companion_taeon,태온,초원에서 봤던 움직임과 비슷합니다.,main06_taeon_001,M06:Unity/Client/Assets/_Project/Scripts/World/MainQuest06ForestFlow.cs:5580,Field_02,1,companion_taeon,companion_taeon,태온,초원에서 봤던 움직임과 비슷합니다.,초원에서 봤던 움직임과 비슷합니다.,,,문서\03_스토리\LOCAL_Story_Dialogue_원문_부록.md,초원에서 봤던 움직임과 비슷합니다.,main06_taeon_001,태온,초원에서 봤던 움직임과 비슷합니다.,Limitless_TTS_Output_PreSerin/dialogue_manifest_main01_12.csv,companion_taeon,Unity/Client/Assets/_Project/Audio/Voice/Story/Main06/main06_taeon_001.wav,23e83f7f88f624a449aafa5a901bb52a,main06_taeon_001.wav,True,,False,False,-19.08976073888892,False,companion_taeon,companion_taeon (미제작은 NONE),NEEDS_LISTENING,,3.36,24000,1,8151c0cce098d202a40046b7e6109b508f59e62b644e2551b26909cfedaf0b0a,LOW,SEMANTIC_LISTENING_PRIORITY_LOW,0,NORMAL_METADATA_SEMANTICS_UNCONFIRMED,NEEDS_LISTENING,False,ac7a761c129207242b410dc1d7e9f0a28a7b549b502450f5083ff6ac850a40e8,-19.08976073888892,-2.1986565596668335,80640,1,15,OnInteract,1,1,,LISTEN_COMPARE_FULL_RUNTIME_TEXT
6,Unity/Client/Assets/_Project/Scripts/World/MainQuest06ForestFlow.cs,129,5695,OnInteract,companion_taeon,태온,하지만 여기서는 더 넓게 퍼져 있어요.,main06_taeon_002,M06:Unity/Client/Assets/_Project/Scripts/World/MainQuest06ForestFlow.cs:5695,Field_02,2,companion_taeon,companion_taeon,태온,하지만 여기서는 더 넓게 퍼져 있어요.,하지만 여기서는 더 넓게 퍼져 있어요.,,,문서\03_스토리\LOCAL_Story_Dialogue_원문_부록.md,하지만 여기서는 더 넓게 퍼져 있어요.,main06_taeon_002,태온,하지만 여기서는 더 넓게 퍼져 있어요.,Limitless_TTS_Output_PreSerin/dialogue_manifest_main01_12.csv,companion_taeon,Unity/Client/Assets/_Project/Audio/Voice/Story/Main06/main06_taeon_002.wav,f5821461fa87641489e5e85008d7f4d4,main06_taeon_002.wav,True,,False,False,-20.99376879424821,False,companion_taeon,companion_taeon (미제작은 NONE),NEEDS_LISTENING,,4.1,24000,1,dd6b1722b398a6e6b5fdcb733e9e524858db7ee2dcce4008a7ade73b3d9ddac1,LOW,SEMANTIC_LISTENING_PRIORITY_LOW,0,NORMAL_METADATA_SEMANTICS_UNCONFIRMED,NEEDS_LISTENING,False,e437a9d9bbea5304cb772a907c73812a4296e3b37653d28439aea12be71fe1fc,-20.99376879424821,-3.1077386866391277,98400,1,15,OnInteract,1,2,,LISTEN_COMPARE_FULL_RUNTIME_TEXT
6,Unity/Client/Assets/_Project/Scripts/World/MainQuest06ForestFlow.cs,130,5812,OnInteract,companion_miel,미엘,그럼 초원의 문제만은 아니었던 거네요.,main06_miel_001,M06:Unity/Client/Assets/_Project/Scripts/World/MainQuest06ForestFlow.cs:5812,Field_02,3,companion_miel,companion_miel,미엘,그럼 초원의 문제만은 아니었던 거네요.,그럼 초원의 문제만은 아니었던 거네요.,,,문서\03_스토리\LOCAL_Story_Dialogue_원문_부록.md,그럼 초원의 문제만은 아니었던 거네요.,main06_miel_001,미엘,그럼 초원의 문제만은 아니었던 거네요.,Limitless_TTS_Output_PreSerin/dialogue_manifest_main01_12.csv,companion_miel,Unity/Client/Assets/_Project/Audio/Voice/Story/Main06/main06_miel_001.wav,721262a7710b5b348a9911c08536c296,main06_miel_001.wav,True,,False,False,-19.82379055489419,False,companion_miel,companion_miel (미제작은 NONE),NEEDS_LISTENING,,3.51,24000,1,f7dccd47ca8e84378660f2566a15a99c45d88f510854fe87b682a9a2793856d9,LOW,SEMANTIC_LISTENING_PRIORITY_LOW,0,NORMAL_METADATA_SEMANTICS_UNCONFIRMED,NEEDS_LISTENING,False,cc59819a74ea1c9a3fbce9f8de04f3ead4d0126a04eaaf33c4ddd70e7d2f9a10,-19.82379055489419,-4.685603230999646,84240,1,16,OnInteract,1,3,,LISTEN_COMPARE_FULL_RUNTIME_TEXT
6,Unity/Client/Assets/_Project/Scripts/World/MainQuest06ForestFlow.cs,131,5927,OnInteract,,<PlayerName>,숲 안쪽을 더 확인해봐야겠습니다.,,M06:Unity/Client/Assets/_Project/Scripts/World/MainQuest06ForestFlow.cs:5927,Field_02,4,player,player,플레이어,숲 안쪽을 더 확인해봐야겠습니다.,숲 안쪽을 더 확인해봐야겠습니다.,,,문서\03_스토리\LOCAL_Story_Dialogue_원문_부록.md,숲 안쪽을 더 확인해봐야겠습니다.,,,,,NONE,,,,,,False,False,,False,NONE,NONE,OK,,,,,,NOT_VOICE_TARGET,,,,OK,False,,,,,,,OnInteract,1,4,,
7,Unity/Client/Assets/_Project/Scripts/World/MainQuest07FieldFlow.cs,177,11167,GetLines,companion_taeon,태온,수레가 지나간 흔적은 아닌 것 같습니다.,,M07:Unity/Client/Assets/_Project/Scripts/World/MainQuest07FieldFlow.cs:11167,Field_02,1,companion_taeon,companion_taeon,태온,수레가 지나간 흔적은 아닌 것 같습니다.,수레가 지나간 흔적은 아닌 것 같습니다.,,,문서\03_스토리\LOCAL_Story_Dialogue_원문_부록.md,수레가 지나간 흔적은 아닌 것 같습니다.,,,,,NONE,,,,,,False,False,,False,companion_taeon,companion_taeon (미제작은 NONE),OK,,,,,,NOT_VOICE_TARGET,,,,OK,False,,,,,,,WheelTracks,1,1,,
7,Unity/Client/Assets/_Project/Scripts/World/MainQuest07FieldFlow.cs,177,11232,GetLines,companion_taeon,태온,폭이 일정하고… 한쪽이 계속 더 깊게 눌려 있어요.,,M07:Unity/Client/Assets/_Project/Scripts/World/MainQuest07FieldFlow.cs:11232,Field_02,2,companion_taeon,companion_taeon,태온,폭이 일정하고… 한쪽이 계속 더 깊게 눌려 있어요.,폭이 일정하고… 한쪽이 계속 더 깊게 눌려 있어요.,,,문서\03_스토리\LOCAL_Story_Dialogue_원문_부록.md,폭이 일정하고… 한쪽이 계속 더 깊게 눌려 있어요.,,,,,NONE,,,,,,False,False,,False,companion_taeon,companion_taeon (미제작은 NONE),OK,,,,,,NOT_VOICE_TARGET,,,,OK,False,,,,,,,WheelTracks,1,2,,
7,Unity/Client/Assets/_Project/Scripts/World/MainQuest07FieldFlow.cs,177,11303,GetLines,companion_miel,미엘,누군가 이쪽으로 지나간 것 같네요.,,M07:Unity/Client/Assets/_Project/Scripts/World/MainQuest07FieldFlow.cs:11303,Field_02,3,companion_miel,companion_miel,미엘,누군가 이쪽으로 지나간 것 같네요.,누군가 이쪽으로 지나간 것 같네요.,,,문서\03_스토리\LOCAL_Story_Dialogue_원문_부록.md,누군가 이쪽으로 지나간 것 같네요.,,,,,NONE,,,,,,False,False,,False,companion_miel,companion_miel (미제작은 NONE),OK,,,,,,NOT_VOICE_TARGET,,,,OK,False,,,,,,,WheelTracks,1,3,,
7,Unity/Client/Assets/_Project/Scripts/World/MainQuest07FieldFlow.cs,177,11364,GetLines,,<PlayerName>,따라가 보죠.,,M07:Unity/Client/Assets/_Project/Scripts/World/MainQuest07FieldFlow.cs:11364,Field_02,4,player,player,플레이어,따라가 보죠.,따라가 보죠.,,,문서\03_스토리\LOCAL_Story_Dialogue_원문_부록.md,따라가 보죠.,,,,,NONE,,,,,,False,False,,False,NONE,NONE,OK,,,,,,NOT_VOICE_TARGET,,,,OK,False,,,,,,,WheelTracks,1,4,,
7,Unity/Client/Assets/_Project/Scripts/World/MainQuest07FieldFlow.cs,178,11473,GetLines,companion_miel,미엘,이분을 그냥 두고 갈 수는 없어요. 제가 상태를 볼게요.,,M07:Unity/Client/Assets/_Project/Scripts/World/MainQuest07FieldFlow.cs:11473,Field_02,5,companion_miel,companion_miel,미엘,이분을 그냥 두고 갈 수는 없어요. 제가 상태를 볼게요.,이분을 그냥 두고 갈 수는 없어요. 제가 상태를 볼게요.,,,문서\03_스토리\LOCAL_Story_Dialogue_원문_부록.md,이분을 그냥 두고 갈 수는 없어요. 제가 상태를 볼게요.,,,,,NONE,,,,,,False,False,,False,companion_miel,companion_miel (미제작은 NONE),OK,,,,,,NOT_VOICE_TARGET,,,,OK,False,,,,,,,WoundedTraveler,2,1,,
7,Unity/Client/Assets/_Project/Scripts/World/MainQuest07FieldFlow.cs,178,11546,GetLines,companion_taeon,태온,혼자 괜찮겠습니까?,,M07:Unity/Client/Assets/_Project/Scripts/World/MainQuest07FieldFlow.cs:11546,Field_02,6,companion_taeon,companion_taeon,태온,혼자 괜찮겠습니까?,혼자 괜찮겠습니까?,,,문서\03_스토리\LOCAL_Story_Dialogue_원문_부록.md,혼자 괜찮겠습니까?,,,,,NONE,,,,,,False,False,,False,companion_taeon,companion_taeon (미제작은 NONE),OK,,,,,,NOT_VOICE_TARGET,,,,OK,False,,,,,,,WoundedTraveler,2,2,,
7,Unity/Client/Assets/_Project/Scripts/World/MainQuest07FieldFlow.cs,178,11599,GetLines,companion_miel,미엘,네. 두 분은 흔적을 확인해주세요.,,M07:Unity/Client/Assets/_Project/Scripts/World/MainQuest07FieldFlow.cs:11599,Field_02,7,companion_miel,companion_miel,미엘,네. 두 분은 흔적을 확인해주세요.,네. 두 분은 흔적을 확인해주세요.,,,문서\03_스토리\LOCAL_Story_Dialogue_원문_부록.md,네. 두 분은 흔적을 확인해주세요.,,,,,NONE,,,,,,False,False,,False,companion_miel,companion_miel (미제작은 NONE),OK,,,,,,NOT_VOICE_TARGET,,,,OK,False,,,,,,,WoundedTraveler,2,3,,
7,Unity/Client/Assets/_Project/Scripts/World/MainQuest07FieldFlow.cs,178,11660,GetLines,companion_miel,미엘,상황이 안 좋으면 바로 돌아오시고요.,,M07:Unity/Client/Assets/_Project/Scripts/World/MainQuest07FieldFlow.cs:11660,Field_02,8,companion_miel,companion_miel,미엘,상황이 안 좋으면 바로 돌아오시고요.,상황이 안 좋으면 바로 돌아오시고요.,,,문서\03_스토리\LOCAL_Story_Dialogue_원문_부록.md,상황이 안 좋으면 바로 돌아오시고요.,,,,,NONE,,,,,,False,False,,False,companion_miel,companion_miel (미제작은 NONE),OK,,,,,,NOT_VOICE_TARGET,,,,OK,False,,,,,,,WoundedTraveler,2,4,,
7,Unity/Client/Assets/_Project/Scripts/World/MainQuest07FieldFlow.cs,181,11914,GetLines,companion_paul,폴,아무래도 저희가 보고 있는 게 같은 현상 같기는 하네요.,,M07:Unity/Client/Assets/_Project/Scripts/World/MainQuest07FieldFlow.cs:11914,Field_02,9,companion_paul,companion_paul,폴,아무래도 저희가 보고 있는 게 같은 현상 같기는 하네요.,아무래도 저희가 보고 있는 게 같은 현상 같기는 하네요.,,,문서\03_스토리\LOCAL_Story_Dialogue_원문_부록.md,아무래도 저희가 보고 있는 게 같은 현상 같기는 하네요.,,,,,NONE,,,,,,False,False,,False,companion_paul,companion_paul (미제작은 NONE),OK,,,,,,NOT_VOICE_TARGET,,,,OK,False,,,,,,,PaulFarewell,6,1,,
7,Unity/Client/Assets/_Project/Scripts/World/MainQuest07FieldFlow.cs,181,11984,GetLines,companion_paul,폴,그런데 저는 확인해볼 곳이 하나 더 있습니다.,,M07:Unity/Client/Assets/_Project/Scripts/World/MainQuest07FieldFlow.cs:11984,Field_02,10,companion_paul,companion_paul,폴,그런데 저는 확인해볼 곳이 하나 더 있습니다.,그런데 저는 확인해볼 곳이 하나 더 있습니다.,,,문서\03_스토리\LOCAL_Story_Dialogue_원문_부록.md,그런데 저는 확인해볼 곳이 하나 더 있습니다.,,,,,NONE,,,,,,False,False,,False,companion_paul,companion_paul (미제작은 NONE),OK,,,,,,NOT_VOICE_TARGET,,,,OK,False,,,,,,,PaulFarewell,6,2,,
7,Unity/Client/Assets/_Project/Scripts/World/MainQuest07FieldFlow.cs,181,12048,GetLines,,<PlayerName>,혼자 가시려고요?,,M07:Unity/Client/Assets/_Project/Scripts/World/MainQuest07FieldFlow.cs:12048,Field_02,11,player,player,플레이어,혼자 가시려고요?,혼자 가시려고요?,,,문서\03_스토리\LOCAL_Story_Dialogue_원문_부록.md,혼자 가시려고요?,,,,,NONE,,,,,,False,False,,False,NONE,NONE,OK,,,,,,NOT_VOICE_TARGET,,,,OK,False,,,,,,,PaulFarewell,6,3,,
7,Unity/Client/Assets/_Project/Scripts/World/MainQuest07FieldFlow.cs,181,12074,GetLines,companion_paul,폴,이번에는 진흙 없는 길로요.,,M07:Unity/Client/Assets/_Project/Scripts/World/MainQuest07FieldFlow.cs:12074,Field_02,12,companion_paul,companion_paul,폴,이번에는 진흙 없는 길로요.,이번에는 진흙 없는 길로요.,,,문서\03_스토리\LOCAL_Story_Dialogue_원문_부록.md,이번에는 진흙 없는 길로요.,,,,,NONE,,,,,,False,False,,False,companion_paul,companion_paul (미제작은 NONE),OK,,,,,,NOT_VOICE_TARGET,,,,OK,False,,,,,,,PaulFarewell,6,4,,
7,Unity/Client/Assets/_Project/Scripts/World/MainQuest07FieldFlow.cs,181,12128,GetLines,companion_paul,폴,아까 충분히 배웠습니다. 헤헤.,,M07:Unity/Client/Assets/_Project/Scripts/World/MainQuest07FieldFlow.cs:12128,Field_02,13,companion_paul,companion_paul,폴,아까 충분히 배웠습니다. 헤헤.,아까 충분히 배웠습니다. 헤헤.,,,문서\03_스토리\LOCAL_Story_Dialogue_원문_부록.md,아까 충분히 배웠습니다. 헤헤.,,,,,NONE,,,,,,False,False,,False,companion_paul,companion_paul (미제작은 NONE),OK,,,,,,NOT_VOICE_TARGET,,,,OK,False,,,,,,,PaulFarewell,6,5,,
7,Unity/Client/Assets/_Project/Scripts/World/MainQuest07FieldFlow.cs,181,12184,GetLines,companion_paul,폴,다시 만나게 되면 그때 정보부터 맞춰보죠.,,M07:Unity/Client/Assets/_Project/Scripts/World/MainQuest07FieldFlow.cs:12184,Field_02,14,companion_paul,companion_paul,폴,다시 만나게 되면 그때 정보부터 맞춰보죠.,다시 만나게 되면 그때 정보부터 맞춰보죠.,,,문서\03_스토리\LOCAL_Story_Dialogue_원문_부록.md,다시 만나게 되면 그때 정보부터 맞춰보죠.,,,,,NONE,,,,,,False,False,,False,companion_paul,companion_paul (미제작은 NONE),OK,,,,,,NOT_VOICE_TARGET,,,,OK,False,,,,,,,PaulFarewell,6,6,,
7,Unity/Client/Assets/_Project/Scripts/World/MainQuest07FieldFlow.cs,186,12340,PaulFirst,companion_paul,폴,"아, 사람이다. 반갑습니다. 진짜로요.",main07_paul_001,M07:Unity/Client/Assets/_Project/Scripts/World/MainQuest07FieldFlow.cs:12340,Field_02,1,companion_paul,companion_paul,폴,"아, 사람이다. 반갑습니다. 진짜로요.","아, 사람이다. 반갑습니다. 진짜로요.",,,문서\03_스토리\LOCAL_Story_Dialogue_원문_부록.md,"아, 사람이다. 반갑습니다. 진짜로요.",main07_paul_001,폴,"아, 사람이다. 반갑습니다. 진짜로요.",Limitless_TTS_Output_PreSerin/dialogue_manifest_main01_12.csv,companion_paul,Unity/Client/Assets/_Project/Audio/Voice/Story/Main07/main07_paul_001.wav,ae760c51527b2874392792d31a8c98c3,main07_paul_001.wav,True,,False,False,-22.14089187028582,False,companion_paul,companion_paul (미제작은 NONE),NEEDS_LISTENING,,13.37,24000,1,26fd1024cb43e58293ec1696a8fbb1f91bbd3c5e5d429f8303855c6ea47ca419,MEDIUM,SEMANTIC_LISTENING_PRIORITY_MEDIUM,45,LONG_MULTI_SENTENCE_OR_3_LINES;IMPORTANT_STORY_UNLISTENED,NEEDS_LISTENING,False,ee670a83e41704b8a8a78097cd782ca08204b5687261159d1cbc36b92782bb6a,-22.14089187028582,-2.99138032987673,320880,3,14,PaulFirst,3,1,PaulFirst:1;,LISTEN_COMPARE_FULL_RUNTIME_TEXT
7,Unity/Client/Assets/_Project/Scripts/World/MainQuest07FieldFlow.cs,186,12434,PaulFirst,companion_paul,폴,원래 계획은 저 진흙을 피해 가는 거였는데요.,main07_paul_002,M07:Unity/Client/Assets/_Project/Scripts/World/MainQuest07FieldFlow.cs:12434,Field_02,2,companion_paul,companion_paul,폴,원래 계획은 저 진흙을 피해 가는 거였는데요.,원래 계획은 저 진흙을 피해 가는 거였는데요.,,,문서\03_스토리\LOCAL_Story_Dialogue_원문_부록.md,원래 계획은 저 진흙을 피해 가는 거였는데요.,main07_paul_002,폴,원래 계획은 저 진흙을 피해 가는 거였는데요.,Limitless_TTS_Output_PreSerin/dialogue_manifest_main01_12.csv,companion_paul,Unity/Client/Assets/_Project/Audio/Voice/Story/Main07/main07_paul_002.wav,465a78bdf7df06e428660ebcd0bd10b4,main07_paul_002.wav,True,,False,False,-22.556126186566253,False,companion_paul,companion_paul (미제작은 NONE),NEEDS_LISTENING,,9.99,24000,1,7b812ec8925feed98e5c0a348b97d790418d7d945dd9b23b33b1c11515aee26b,MEDIUM,SEMANTIC_LISTENING_PRIORITY_MEDIUM,20,IMPORTANT_STORY_UNLISTENED,NEEDS_LISTENING,False,eaa9ba722e3cde1930533741f964af3368233550e620ab949101f25c44b86360,-22.556126186566253,-2.865492976893078,239760,1,18,PaulFirst,3,2,PaulFirst:2;,LISTEN_COMPARE_FULL_RUNTIME_TEXT
7,Unity/Client/Assets/_Project/Scripts/World/MainQuest07FieldFlow.cs,186,12532,PaulFirst,companion_paul,폴,보시다시피 계획이 아주 성공적입니다.,main07_paul_003,M07:Unity/Client/Assets/_Project/Scripts/World/MainQuest07FieldFlow.cs:12532,Field_02,3,companion_paul,companion_paul,폴,보시다시피 계획이 아주 성공적입니다.,보시다시피 계획이 아주 성공적입니다.,,,문서\03_스토리\LOCAL_Story_Dialogue_원문_부록.md,보시다시피 계획이 아주 성공적입니다.,main07_paul_003,폴,보시다시피 계획이 아주 성공적입니다.,Limitless_TTS_Output_PreSerin/dialogue_manifest_main01_12.csv,companion_paul,Unity/Client/Assets/_Project/Audio/Voice/Story/Main07/main07_paul_003.wav,aa364d8a0afde9944bbc9fcfa837a375,main07_paul_003.wav,True,,False,False,-20.288605696487735,False,companion_paul,companion_paul (미제작은 NONE),NEEDS_LISTENING,,8.57,24000,1,c964417901f130d40ba0b5afed07fb2a515fcd4a20e06dca789ae6a6908d7e52,MEDIUM,SEMANTIC_LISTENING_PRIORITY_MEDIUM,20,IMPORTANT_STORY_UNLISTENED,NEEDS_LISTENING,False,e8ce3f26b1644009ea131388b7ac3dd7c5f3867de776a413ef51b74e8dd4358c,-20.288605696487735,-3.8077208278966355,205680,1,16,PaulFirst,3,3,PaulFirst:3;,LISTEN_COMPARE_FULL_RUNTIME_TEXT
7,Unity/Client/Assets/_Project/Scripts/World/MainQuest07FieldFlow.cs,186,12625,PaulFirst,companion_taeon,태온,바퀴가 빠지셨는데요.,main07_taeon_001,M07:Unity/Client/Assets/_Project/Scripts/World/MainQuest07FieldFlow.cs:12625,Field_02,4,companion_taeon,companion_taeon,태온,바퀴가 빠지셨는데요.,바퀴가 빠지셨는데요.,,,문서\03_스토리\LOCAL_Story_Dialogue_원문_부록.md,바퀴가 빠지셨는데요.,main07_taeon_001,태온,바퀴가 빠지셨는데요.,Limitless_TTS_Output_PreSerin/dialogue_manifest_main01_12.csv,companion_taeon,Unity/Client/Assets/_Project/Audio/Voice/Story/Main07/main07_taeon_001.wav,019ec55bf2ae18f47b4338fbcca21d9e,main07_taeon_001.wav,True,,False,False,-22.45758096970605,False,companion_taeon,companion_taeon (미제작은 NONE),NEEDS_LISTENING,,2.87,24000,1,bcc66ea1ffabffed7be250b02b000b4d9c4c154dacec91bb11a368a72ee615f3,MEDIUM,SEMANTIC_LISTENING_PRIORITY_MEDIUM,20,IMPORTANT_STORY_UNLISTENED,NEEDS_LISTENING,False,89bcb00b471e5b238d739f42bc4d393af31b11de8fb4b18908372539ee6b1f32,-22.45758096970605,-1.888772639831656,68880,1,9,PaulFirst,3,4,PaulFirst:4;,LISTEN_COMPARE_FULL_RUNTIME_TEXT
7,Unity/Client/Assets/_Project/Scripts/World/MainQuest07FieldFlow.cs,186,12714,PaulFirst,companion_paul,폴,"네, 그러게요. 그것도 아주 깊~게요...;;",main07_paul_004,M07:Unity/Client/Assets/_Project/Scripts/World/MainQuest07FieldFlow.cs:12714,Field_02,5,companion_paul,companion_paul,폴,"네, 그러게요. 그것도 아주 깊~게요...;;","네, 그러게요. 그것도 아주 깊~게요...;;",,,문서\03_스토리\LOCAL_Story_Dialogue_원문_부록.md,"네, 그러게요. 그것도 아주 깊~게요...;;",main07_paul_004,폴,"네, 그러게요. 그것도 아주 깊~게요...;;",Limitless_TTS_Output_PreSerin/dialogue_manifest_main01_12.csv,companion_paul,Unity/Client/Assets/_Project/Audio/Voice/Story/Main07/main07_paul_004.wav,c1d2b6009c9435443983af38cca5d397,main07_paul_004.wav,True,,False,False,-26.98990914188994,False,companion_paul,companion_paul (미제작은 NONE),NEEDS_LISTENING,,1.82,24000,1,2972df0a23afbd18e69e3db46f80d12a94775f5fa68965ba13f7099acebdec83,HIGH,SEMANTIC_LISTENING_PRIORITY_HIGH,90,MULTI_SENTENCE_SHORT_AUDIO;IMPORTANT_STORY_UNLISTENED,NEEDS_LISTENING,False,2b9255077135d41d702772b421d92ec155d3eedc6d0205dcf829d2d294acba8d,-26.98990914188994,-10.576250786991281,43680,2,13,PaulFirst,3,5,PaulFirst:5;,LISTEN_COMPARE_FULL_RUNTIME_TEXT
7,Unity/Client/Assets/_Project/Scripts/World/MainQuest07FieldFlow.cs,186,12812,PaulFirst,companion_paul,폴,하여튼 바로 잡아당기시면 안 됩니다. 그러면 앞바퀴까지 빠질 거예요.,main07_paul_005,M07:Unity/Client/Assets/_Project/Scripts/World/MainQuest07FieldFlow.cs:12812,Field_02,6,companion_paul,companion_paul,폴,하여튼 바로 잡아당기시면 안 됩니다. 그러면 앞바퀴까지 빠질 거예요.,하여튼 바로 잡아당기시면 안 됩니다. 그러면 앞바퀴까지 빠질 거예요.,,,문서\03_스토리\LOCAL_Story_Dialogue_원문_부록.md,하여튼 바로 잡아당기시면 안 됩니다. 그러면 앞바퀴까지 빠질 거예요.,main07_paul_005,폴,하여튼 바로 잡아당기시면 안 됩니다. 그러면 앞바퀴까지 빠질 거예요.,Limitless_TTS_Output_PreSerin/dialogue_manifest_main01_12.csv,companion_paul,Unity/Client/Assets/_Project/Audio/Voice/Story/Main07/main07_paul_005.wav,746c3d61861988b45946d6b43c16ae03,main07_paul_005.wav,True,,False,False,-22.324879145366978,False,companion_paul,companion_paul (미제작은 NONE),NEEDS_LISTENING,,3.04,24000,1,1e9df759b7d12710eed576fd89b72e79f78b7c8d841aa3dbe2008637dea6038f,HIGH,SEMANTIC_LISTENING_PRIORITY_HIGH,90,SAME_SPEAKER_NEARBY_OUTLIER;IMPORTANT_STORY_UNLISTENED,NEEDS_LISTENING,False,bd270fe81855af8f524dc5a4157cdded51446256eeb73ccf9ae6483219a528ec,-22.324879145366978,-3.8505613075325535,72960,2,28,PaulFirst,3,6,PaulFirst:6;,LISTEN_COMPARE_FULL_RUNTIME_TEXT
7,Unity/Client/Assets/_Project/Scripts/World/MainQuest07FieldFlow.cs,186,12923,PaulFirst,companion_paul,폴,저쪽에 넓은 돌 보이시죠? 그걸 오른쪽 바퀴 뒤에 받쳐주시고요.,main07_paul_006,M07:Unity/Client/Assets/_Project/Scripts/World/MainQuest07FieldFlow.cs:12923,Field_02,7,companion_paul,companion_paul,폴,저쪽에 넓은 돌 보이시죠? 그걸 오른쪽 바퀴 뒤에 받쳐주시고요.,저쪽에 넓은 돌 보이시죠? 그걸 오른쪽 바퀴 뒤에 받쳐주시고요.,,,문서\03_스토리\LOCAL_Story_Dialogue_원문_부록.md,저쪽에 넓은 돌 보이시죠? 그걸 오른쪽 바퀴 뒤에 받쳐주시고요.,main07_paul_006,폴,저쪽에 넓은 돌 보이시죠? 그걸 오른쪽 바퀴 뒤에 받쳐주시고요.,Limitless_TTS_Output_PreSerin/dialogue_manifest_main01_12.csv,companion_paul,Unity/Client/Assets/_Project/Audio/Voice/Story/Main07/main07_paul_006.wav,aa437c5f964a66e4392bbfb095fae49d,main07_paul_006.wav,True,,False,False,-20.624697714674273,False,companion_paul,companion_paul (미제작은 NONE),NEEDS_LISTENING,,5.77,24000,1,d5c1ce559ff78701a01a35fdb3a03d637e0a2d12aafbfb5a5dbc963dbf0b30e4,MEDIUM,SEMANTIC_LISTENING_PRIORITY_MEDIUM,20,IMPORTANT_STORY_UNLISTENED,NEEDS_LISTENING,False,571bfcce33625fdf6635ec2b4ccdbb6165fdb4a52095889161d5f412272531f4,-20.624697714674273,-1.4218561860738066,138480,2,25,PaulFirst,3,7,PaulFirst:7;,LISTEN_COMPARE_FULL_RUNTIME_TEXT
7,Unity/Client/Assets/_Project/Scripts/World/MainQuest07FieldFlow.cs,186,13031,PaulFirst,companion_paul,폴,제가 바퀴를 돌릴 때 같이 밀면 될 것 같습니다.,main07_paul_007,M07:Unity/Client/Assets/_Project/Scripts/World/MainQuest07FieldFlow.cs:13031,Field_02,8,companion_paul,companion_paul,폴,제가 바퀴를 돌릴 때 같이 밀면 될 것 같습니다.,제가 바퀴를 돌릴 때 같이 밀면 될 것 같습니다.,,,문서\03_스토리\LOCAL_Story_Dialogue_원문_부록.md,제가 바퀴를 돌릴 때 같이 밀면 될 것 같습니다.,main07_paul_007,폴,제가 바퀴를 돌릴 때 같이 밀면 될 것 같습니다.,Limitless_TTS_Output_PreSerin/dialogue_manifest_main01_12.csv,companion_paul,Unity/Client/Assets/_Project/Audio/Voice/Story/Main07/main07_paul_007.wav,25430c83d6a98a74dbb0dbd52114f940,main07_paul_007.wav,True,,False,False,-27.815154579565352,False,companion_paul,companion_paul (미제작은 NONE),NEEDS_LISTENING,,3.54,24000,1,720a93f42c0c1b8b84de7d5e0b7a94cbca527eaacd41e964b959e3d4351f21ee,MEDIUM,SEMANTIC_LISTENING_PRIORITY_MEDIUM,20,IMPORTANT_STORY_UNLISTENED,NEEDS_LISTENING,False,d641db8a57d7111ee1456e6fe5f2ff359eba083b1571e9408bafcbb3bd73bd7e,-27.815154579565352,-7.777929139968776,84960,1,18,PaulFirst,3,8,PaulFirst:8;,LISTEN_COMPARE_FULL_RUNTIME_TEXT
7,Unity/Client/Assets/_Project/Scripts/World/MainQuest07FieldFlow.cs,186,13131,PaulFirst,companion_taeon,태온,옵니다.,main07_taeon_002,M07:Unity/Client/Assets/_Project/Scripts/World/MainQuest07FieldFlow.cs:13131,Field_02,9,companion_taeon,companion_taeon,태온,옵니다.,옵니다.,,,문서\03_스토리\LOCAL_Story_Dialogue_원문_부록.md,옵니다.,main07_taeon_002,태온,옵니다.,Limitless_TTS_Output_PreSerin/dialogue_manifest_main01_12.csv,companion_taeon,Unity/Client/Assets/_Project/Audio/Voice/Story/Main07/main07_taeon_002.wav,e923b87362d34ac439ea54bb38032d02,main07_taeon_002.wav,True,,False,False,-25.60883842900993,False,companion_taeon,companion_taeon (미제작은 NONE),NEEDS_LISTENING,,1.83,24000,1,11a67dc0c66cf7d8daf0df321d1703d98ac764b78a53c533e3fd19dc40feec84,MEDIUM,SEMANTIC_LISTENING_PRIORITY_MEDIUM,20,IMPORTANT_STORY_UNLISTENED,NEEDS_LISTENING,False,b36f97a000852ed84ff6b26552735d61ac52271d9d4c20ddcc2c2b80e9940866,-25.60883842900993,-6.7790704685870224,43920,1,3,PaulFirst,3,9,PaulFirst:9;,LISTEN_COMPARE_FULL_RUNTIME_TEXT
7,Unity/Client/Assets/_Project/Scripts/World/MainQuest07FieldFlow.cs,186,13213,PaulFirst,companion_paul,폴,아… 저건 계획에 없었는데요.,main07_paul_008,M07:Unity/Client/Assets/_Project/Scripts/World/MainQuest07FieldFlow.cs:13213,Field_02,10,companion_paul,companion_paul,폴,아… 저건 계획에 없었는데요.,아… 저건 계획에 없었는데요.,,,문서\03_스토리\LOCAL_Story_Dialogue_원문_부록.md,아… 저건 계획에 없었는데요.,main07_paul_008,폴,아… 저건 계획에 없었는데요.,Limitless_TTS_Output_PreSerin/dialogue_manifest_main01_12.csv,companion_paul,Unity/Client/Assets/_Project/Audio/Voice/Story/Main07/main07_paul_008.wav,9e3aa45e111e86e418ae2ed9e37e9b7a,main07_paul_008.wav,True,,False,False,-21.325740082973184,False,companion_paul,companion_paul (미제작은 NONE),NEEDS_LISTENING,,4.87,24000,1,0ce3b3f05400451054faa92441fc73f3d808175194783df7a0ceff121f1b737e,MEDIUM,SEMANTIC_LISTENING_PRIORITY_MEDIUM,20,IMPORTANT_STORY_UNLISTENED,NEEDS_LISTENING,False,7ccb103022762eee58d5ee9a90b9cea65fe0432758773c806e64d04f81a04cba,-21.325740082973184,-4.228671968779035,116880,2,11,PaulFirst,3,10,PaulFirst:10;,LISTEN_COMPARE_FULL_RUNTIME_TEXT
7,Unity/Client/Assets/_Project/Scripts/World/MainQuest07FieldFlow.cs,186,13302,PaulFirst,companion_paul,폴,"뭐, 바퀴가 안 움직이는 거지 마법까지 안 나가는 건 아니니까요.",main07_paul_009,M07:Unity/Client/Assets/_Project/Scripts/World/MainQuest07FieldFlow.cs:13302,Field_02,11,companion_paul,companion_paul,폴,"뭐, 바퀴가 안 움직이는 거지 마법까지 안 나가는 건 아니니까요.","뭐, 바퀴가 안 움직이는 거지 마법까지 안 나가는 건 아니니까요.",,,문서\03_스토리\LOCAL_Story_Dialogue_원문_부록.md,"뭐, 바퀴가 안 움직이는 거지 마법까지 안 나가는 건 아니니까요.",main07_paul_009,폴,"뭐, 바퀴가 안 움직이는 거지 마법까지 안 나가는 건 아니니까요.",Limitless_TTS_Output_PreSerin/dialogue_manifest_main01_12.csv,companion_paul,Unity/Client/Assets/_Project/Audio/Voice/Story/Main07/main07_paul_009.wav,6b00df57985e04c46b59c07597c973be,main07_paul_009.wav,True,,False,False,-20.885915180994754,False,companion_paul,companion_paul (미제작은 NONE),NEEDS_LISTENING,,4.78,24000,1,4e1ad9765bc4c6461ad3419d4667d2592bf1bc946ee8a8270ad3385ef50b8ba1,MEDIUM,SEMANTIC_LISTENING_PRIORITY_MEDIUM,20,IMPORTANT_STORY_UNLISTENED,NEEDS_LISTENING,False,099176b98a79dd5b4d3fdc33735890320da12995b9eb1dabc279cd679e34269c,-20.885915180994754,-2.2558627518810885,114720,1,25,PaulFirst,3,11,PaulFirst:11;,LISTEN_COMPARE_FULL_RUNTIME_TEXT
7,Unity/Client/Assets/_Project/Scripts/World/MainQuest07FieldFlow.cs,191,13505,MielMeeting,companion_paul,폴,후우… 됐네요.,main07_paul_010,M07:Unity/Client/Assets/_Project/Scripts/World/MainQuest07FieldFlow.cs:13505,Field_02,1,companion_paul,companion_paul,폴,후우… 됐네요.,후우… 됐네요.,,,문서\03_스토리\LOCAL_Story_Dialogue_원문_부록.md,후우… 됐네요.,main07_paul_010,폴,후우… 됐네요.,Limitless_TTS_Output_PreSerin/dialogue_manifest_main01_12.csv,companion_paul,Unity/Client/Assets/_Project/Audio/Voice/Story/Main07/main07_paul_010.wav,df46e25dc123eaa4892f87539b736d3e,main07_paul_010.wav,True,,False,False,-21.09806176033567,False,companion_paul,companion_paul (미제작은 NONE),NEEDS_LISTENING,,3.19,24000,1,fda41c7478b46a9cba8e73a6a3581feec019bbb68b21baa342ace8fc9c00f7b9,LOW,SEMANTIC_LISTENING_PRIORITY_LOW,0,NORMAL_METADATA_SEMANTICS_UNCONFIRMED,NEEDS_LISTENING,False,950334d3f9fcc66813cb6bb08dd2c21e9cd72b99fe7574d7f0d288f93325d345,-21.09806176033567,-3.381939210181586,76560,2,5,MielMeeting,5,1,MielMeeting:1;,LISTEN_COMPARE_FULL_RUNTIME_TEXT
7,Unity/Client/Assets/_Project/Scripts/World/MainQuest07FieldFlow.cs,191,13586,MielMeeting,companion_paul,폴,다음에는 저 길로 안 갑니다. 경험을 했으면 계획을 수정해야죠.,main07_paul_011,M07:Unity/Client/Assets/_Project/Scripts/World/MainQuest07FieldFlow.cs:13586,Field_02,2,companion_paul,companion_paul,폴,다음에는 저 길로 안 갑니다. 경험을 했으면 계획을 수정해야죠.,다음에는 저 길로 안 갑니다. 경험을 했으면 계획을 수정해야죠.,,,문서\03_스토리\LOCAL_Story_Dialogue_원문_부록.md,다음에는 저 길로 안 갑니다. 경험을 했으면 계획을 수정해야죠.,main07_paul_011,폴,다음에는 저 길로 안 갑니다. 경험을 했으면 계획을 수정해야죠.,Limitless_TTS_Output_PreSerin/dialogue_manifest_main01_12.csv,companion_paul,Unity/Client/Assets/_Project/Audio/Voice/Story/Main07/main07_paul_011.wav,1d4b2233aa12c0248a42f617468b53e3,main07_paul_011.wav,True,,False,False,-22.184121508248186,False,companion_paul,companion_paul (미제작은 NONE),NEEDS_LISTENING,,4.33,24000,1,f768263835d5b1d2cfe205ce420c49c4d9a5a725b45dd53a15673801e2cae863,LOW,SEMANTIC_LISTENING_PRIORITY_LOW,0,NORMAL_METADATA_SEMANTICS_UNCONFIRMED,NEEDS_LISTENING,False,3d279f52d318e7f0aaf39bac9e31c6202c3ea9d578069383e198ed65454756a3,-22.184121508248186,-1.918144205188762,103920,2,25,MielMeeting,5,2,MielMeeting:2;,LISTEN_COMPARE_FULL_RUNTIME_TEXT
7,Unity/Client/Assets/_Project/Scripts/World/MainQuest07FieldFlow.cs,191,13694,MielMeeting,companion_paul,폴,"아, 도와주셔서 감사합니다. 저는 폴이라고 합니다.",main07_paul_012,M07:Unity/Client/Assets/_Project/Scripts/World/MainQuest07FieldFlow.cs:13694,Field_02,3,companion_paul,companion_paul,폴,"아, 도와주셔서 감사합니다. 저는 폴이라고 합니다.","아, 도와주셔서 감사합니다. 저는 폴이라고 합니다.",,,문서\03_스토리\LOCAL_Story_Dialogue_원문_부록.md,"아, 도와주셔서 감사합니다. 저는 폴이라고 합니다.",main07_paul_012,폴,"아, 도와주셔서 감사합니다. 저는 폴이라고 합니다.",Limitless_TTS_Output_PreSerin/dialogue_manifest_main01_12.csv,companion_paul,Unity/Client/Assets/_Project/Audio/Voice/Story/Main07/main07_paul_012.wav,7f392453cf22b96408f6e3ee112171fa,main07_paul_012.wav,True,,False,False,-21.380427400134238,False,companion_paul,companion_paul (미제작은 NONE),NEEDS_LISTENING,,6.46,24000,1,d5e28429f3eeac47d76c5ccea2622921574c2b2b692a8cdc42e8f570e13cd330,LOW,SEMANTIC_LISTENING_PRIORITY_LOW,0,NORMAL_METADATA_SEMANTICS_UNCONFIRMED,NEEDS_LISTENING,False,409fcd85441c86eb402ec3731e556fd8c5f8dcf5dc9cfba61741e53d25fb38b0,-21.380427400134238,-5.052860239183085,155040,2,20,MielMeeting,5,3,MielMeeting:3;,LISTEN_COMPARE_FULL_RUNTIME_TEXT
7,Unity/Client/Assets/_Project/Scripts/World/MainQuest07FieldFlow.cs,191,13795,MielMeeting,companion_paul,폴,저도 이 숲을 좀 조사하고 있었습니다.,main07_paul_013,M07:Unity/Client/Assets/_Project/Scripts/World/MainQuest07FieldFlow.cs:13795,Field_02,4,companion_paul,companion_paul,폴,저도 이 숲을 좀 조사하고 있었습니다.,저도 이 숲을 좀 조사하고 있었습니다.,,,문서\03_스토리\LOCAL_Story_Dialogue_원문_부록.md,저도 이 숲을 좀 조사하고 있었습니다.,main07_paul_013,폴,저도 이 숲을 좀 조사하고 있었습니다.,Limitless_TTS_Output_PreSerin/dialogue_manifest_main01_12.csv,companion_paul,Unity/Client/Assets/_Project/Audio/Voice/Story/Main07/main07_paul_013.wav,5c7f1d058291ef64da9197c0dc349487,main07_paul_013.wav,True,,False,False,-19.555238239979115,False,companion_paul,companion_paul (미제작은 NONE),NEEDS_LISTENING,,5.21,24000,1,be5c2dbed1dd12f94d35459f05bfdc8d0b7c3f773d1978e45ca1523e3b675d75,LOW,SEMANTIC_LISTENING_PRIORITY_LOW,0,NORMAL_METADATA_SEMANTICS_UNCONFIRMED,NEEDS_LISTENING,False,cc92eefbf5d5d20eb02dd5640c4a28bffe942ffde4cb3fc820fa1d13f1136abc,-19.555238239979115,-3.676809103912502,125040,1,15,MielMeeting,5,4,MielMeeting:4;,LISTEN_COMPARE_FULL_RUNTIME_TEXT
7,Unity/Client/Assets/_Project/Scripts/World/MainQuest07FieldFlow.cs,191,13889,MielMeeting,companion_paul,폴,며칠 전부터 숲 안쪽의 마력 흐름이 평소랑 달라졌거든요.,main07_paul_014,M07:Unity/Client/Assets/_Project/Scripts/World/MainQuest07FieldFlow.cs:13889,Field_02,5,companion_paul,companion_paul,폴,며칠 전부터 숲 안쪽의 마력 흐름이 평소랑 달라졌거든요.,며칠 전부터 숲 안쪽의 마력 흐름이 평소랑 달라졌거든요.,,,문서\03_스토리\LOCAL_Story_Dialogue_원문_부록.md,며칠 전부터 숲 안쪽의 마력 흐름이 평소랑 달라졌거든요.,main07_paul_014,폴,며칠 전부터 숲 안쪽의 마력 흐름이 평소랑 달라졌거든요.,Limitless_TTS_Output_PreSerin/dialogue_manifest_main01_12.csv,companion_paul,Unity/Client/Assets/_Project/Audio/Voice/Story/Main07/main07_paul_014.wav,c701ce01a216387429e15add5b74c672,main07_paul_014.wav,True,,False,False,-20.847383285186392,False,companion_paul,companion_paul (미제작은 NONE),NEEDS_LISTENING,,10.53,24000,1,94656e7673c3833c6f2a25f499bfc93b7c00f51d89e9723db199aa2d677664d0,LOW,SEMANTIC_LISTENING_PRIORITY_LOW,0,NORMAL_METADATA_SEMANTICS_UNCONFIRMED,NEEDS_LISTENING,False,0e8ba88cfe9bd38c50aa35083f7d0977cad38224a5910c31100fb0d1a607a392,-20.847383285186392,-2.4115634476721723,252720,1,23,MielMeeting,5,5,MielMeeting:5;,LISTEN_COMPARE_FULL_RUNTIME_TEXT
7,Unity/Client/Assets/_Project/Scripts/World/MainQuest07FieldFlow.cs,191,13993,MielMeeting,companion_paul,폴,처음에는 별일 아닌 줄 알았는데… 몬스터들 움직임까지 달라지는 걸 보고 생각이 바뀌었습니다.,main07_paul_015,M07:Unity/Client/Assets/_Project/Scripts/World/MainQuest07FieldFlow.cs:13993,Field_02,6,companion_paul,companion_paul,폴,처음에는 별일 아닌 줄 알았는데… 몬스터들 움직임까지 달라지는 걸 보고 생각이 바뀌었습니다.,처음에는 별일 아닌 줄 알았는데… 몬스터들 움직임까지 달라지는 걸 보고 생각이 바뀌었습니다.,,,문서\03_스토리\LOCAL_Story_Dialogue_원문_부록.md,처음에는 별일 아닌 줄 알았는데… 몬스터들 움직임까지 달라지는 걸 보고 생각이 바뀌었습니다.,main07_paul_015,폴,처음에는 별일 아닌 줄 알았는데… 몬스터들 움직임까지 달라지는 걸 보고 생각이 바뀌었습니다.,Limitless_TTS_Output_PreSerin/dialogue_manifest_main01_12.csv,companion_paul,Unity/Client/Assets/_Project/Audio/Voice/Story/Main07/main07_paul_015.wav,c4f360abec138d64092e16d3d194ca6c,main07_paul_015.wav,True,,False,False,-26.201491019747532,False,companion_paul,companion_paul (미제작은 NONE),NEEDS_LISTENING,,3.63,24000,1,4bd9ca8c4e502f9dc4472f23108fb9dc9fa39915fedf8b5498f874adfe90912d,HIGH,SEMANTIC_LISTENING_PRIORITY_HIGH,95,SAME_SPEAKER_NEARBY_OUTLIER;LONG_MULTI_SENTENCE_OR_3_LINES,NEEDS_LISTENING,False,c7e70001283dd2e15fe8a3f30f20b149ba51569a590be1e40028f2fa65e2c3a3,-26.201491019747532,-4.83786242859762,87120,2,38,MielMeeting,5,6,MielMeeting:6;,LISTEN_COMPARE_FULL_RUNTIME_TEXT
7,Unity/Client/Assets/_Project/Scripts/World/MainQuest07FieldFlow.cs,191,14117,MielMeeting,companion_taeon,태온,저희도 같은 현상을 따라 여기까지 왔습니다.,main07_taeon_003,M07:Unity/Client/Assets/_Project/Scripts/World/MainQuest07FieldFlow.cs:14117,Field_02,7,companion_taeon,companion_taeon,태온,저희도 같은 현상을 따라 여기까지 왔습니다.,저희도 같은 현상을 따라 여기까지 왔습니다.,,,문서\03_스토리\LOCAL_Story_Dialogue_원문_부록.md,저희도 같은 현상을 따라 여기까지 왔습니다.,main07_taeon_003,태온,저희도 같은 현상을 따라 여기까지 왔습니다.,Limitless_TTS_Output_PreSerin/dialogue_manifest_main01_12.csv,companion_taeon,Unity/Client/Assets/_Project/Audio/Voice/Story/Main07/main07_taeon_003.wav,fff8729432b80d9498783dc9b554fc78,main07_taeon_003.wav,True,,False,False,-19.022305300259617,False,companion_taeon,companion_taeon (미제작은 NONE),NEEDS_LISTENING,,4.68,24000,1,398a6141a93374664d8a173e2eca1366f342be912c61027ae27fb75b9675de98,LOW,SEMANTIC_LISTENING_PRIORITY_LOW,0,NORMAL_METADATA_SEMANTICS_UNCONFIRMED,NEEDS_LISTENING,False,9242f8ce7c906cfa2a859961275d32797302a6199114537b42c24c7e8f7b1577,-19.022305300259617,-1.9310462545944087,112320,1,18,MielMeeting,5,7,MielMeeting:7;,LISTEN_COMPARE_FULL_RUNTIME_TEXT
7,Unity/Client/Assets/_Project/Scripts/World/MainQuest07FieldFlow.cs,191,14219,MielMeeting,companion_paul,폴,"그러면 제가 진흙에 빠진 건 몰라도, 방향은 제대로 잡은 것 같네요.",main07_paul_016,M07:Unity/Client/Assets/_Project/Scripts/World/MainQuest07FieldFlow.cs:14219,Field_02,8,companion_paul,companion_paul,폴,"그러면 제가 진흙에 빠진 건 몰라도, 방향은 제대로 잡은 것 같네요.","그러면 제가 진흙에 빠진 건 몰라도, 방향은 제대로 잡은 것 같네요.",,,문서\03_스토리\LOCAL_Story_Dialogue_원문_부록.md,"그러면 제가 진흙에 빠진 건 몰라도, 방향은 제대로 잡은 것 같네요.",main07_paul_016,폴,"그러면 제가 진흙에 빠진 건 몰라도, 방향은 제대로 잡은 것 같네요.",Limitless_TTS_Output_PreSerin/dialogue_manifest_main01_12.csv,companion_paul,Unity/Client/Assets/_Project/Audio/Voice/Story/Main07/main07_paul_016.wav,c5c78260f2d37a4498e5f50d5b8f5dcf,main07_paul_016.wav,True,,False,False,-20.97898348627482,False,companion_paul,companion_paul (미제작은 NONE),NEEDS_LISTENING,,8.6,24000,1,9179175ad2391f3bef5bf37532ee6658199d32f216f3b9060602539d3bb387df,LOW,SEMANTIC_LISTENING_PRIORITY_LOW,0,NORMAL_METADATA_SEMANTICS_UNCONFIRMED,NEEDS_LISTENING,False,4f4bddbdb630720d8ab42bad917598a4fcef97d9bab298dd78136d89ed12b039,-20.97898348627482,-3.0668923133188986,206400,1,26,MielMeeting,5,8,MielMeeting:8;,LISTEN_COMPARE_FULL_RUNTIME_TEXT
7,Unity/Client/Assets/_Project/Scripts/World/MainQuest07FieldFlow.cs,192,14342,MielMeeting,companion_miel,미엘,돌아오셨네요. 그리고… 처음 보는 분도 계시네요.,main07_miel_001,M07:Unity/Client/Assets/_Project/Scripts/World/MainQuest07FieldFlow.cs:14342,Field_02,9,companion_miel,companion_miel,미엘,돌아오셨네요. 그리고… 처음 보는 분도 계시네요.,돌아오셨네요. 그리고… 처음 보는 분도 계시네요.,,,문서\03_스토리\LOCAL_Story_Dialogue_원문_부록.md,돌아오셨네요. 그리고… 처음 보는 분도 계시네요.,main07_miel_001,미엘,돌아오셨네요. 그리고… 처음 보는 분도 계시네요.,Limitless_TTS_Output_PreSerin/dialogue_manifest_main01_12.csv,companion_miel,Unity/Client/Assets/_Project/Audio/Voice/Story/Main07/main07_miel_001.wav,a56b72f6e14e7c84583ebab9ada99dad,main07_miel_001.wav,True,,False,False,-26.518881965466022,False,companion_miel,companion_miel (미제작은 NONE),NEEDS_LISTENING,,3.77,24000,1,2b877e01e79526d4dc1601849bd306513e17c45d68737897c45e56a7f554bbdd,MEDIUM,SEMANTIC_LISTENING_PRIORITY_MEDIUM,25,LONG_MULTI_SENTENCE_OR_3_LINES,NEEDS_LISTENING,False,ad91316e8d496b65f5b2050b5b57c811d64881106e00d8a88301fae4bdb87469,-26.518881965466022,-6.373319944440176,90480,3,19,MielMeeting,5,9,MielMeeting:9;,LISTEN_COMPARE_FULL_RUNTIME_TEXT
7,Unity/Client/Assets/_Project/Scripts/World/MainQuest07FieldFlow.cs,192,14445,MielMeeting,companion_paul,폴,폴이라고 합니다.,main07_paul_017,M07:Unity/Client/Assets/_Project/Scripts/World/MainQuest07FieldFlow.cs:14445,Field_02,10,companion_paul,companion_paul,폴,폴이라고 합니다.,폴이라고 합니다.,,,문서\03_스토리\LOCAL_Story_Dialogue_원문_부록.md,폴이라고 합니다.,main07_paul_017,폴,폴이라고 합니다.,Limitless_TTS_Output_PreSerin/dialogue_manifest_main01_12.csv,companion_paul,Unity/Client/Assets/_Project/Audio/Voice/Story/Main07/main07_paul_017.wav,f1bbf50035c949f419d0ef4bc8abd67e,main07_paul_017.wav,True,,False,False,-20.488706757368206,False,companion_paul,companion_paul (미제작은 NONE),NEEDS_LISTENING,,11.2,24000,1,826794955d1db851ffc893f0a2f63cbc4185df46eb4db21eed1c60d03a7c85c0,LOW,SEMANTIC_LISTENING_PRIORITY_LOW,0,NORMAL_METADATA_SEMANTICS_UNCONFIRMED,NEEDS_LISTENING,False,72ace3d0e05d6bd24168103cdaa71d37841781317008e471654b564715752836,-20.488706757368206,-2.0870473890287893,268800,1,7,MielMeeting,5,10,MielMeeting:10;,LISTEN_COMPARE_FULL_RUNTIME_TEXT
7,Unity/Client/Assets/_Project/Scripts/World/MainQuest07FieldFlow.cs,192,14527,MielMeeting,companion_paul,폴,원래는 조금 더 멀쩡한 모습으로 처음 뵐 예정이었는데요. 그늘숲이 협조를 안 해주더라고요.,main07_paul_018,M07:Unity/Client/Assets/_Project/Scripts/World/MainQuest07FieldFlow.cs:14527,Field_02,11,companion_paul,companion_paul,폴,원래는 조금 더 멀쩡한 모습으로 처음 뵐 예정이었는데요. 그늘숲이 협조를 안 해주더라고요.,원래는 조금 더 멀쩡한 모습으로 처음 뵐 예정이었는데요. 그늘숲이 협조를 안 해주더라고요.,,,문서\03_스토리\LOCAL_Story_Dialogue_원문_부록.md,원래는 조금 더 멀쩡한 모습으로 처음 뵐 예정이었는데요. 그늘숲이 협조를 안 해주더라고요.,main07_paul_018,폴,원래는 조금 더 멀쩡한 모습으로 처음 뵐 예정이었는데요. 그늘숲이 협조를 안 해주더라고요.,Limitless_TTS_Output_PreSerin/dialogue_manifest_main01_12.csv,companion_paul,Unity/Client/Assets/_Project/Audio/Voice/Story/Main07/main07_paul_018.wav,dbb0d5404e0e03146acee455acbed2c6,main07_paul_018.wav,True,,False,False,-25.849653884691705,False,companion_paul,companion_paul (미제작은 NONE),NEEDS_LISTENING,,4.16,24000,1,d7c8de4ee696ce4129e023aa776901b3419e69ac70dbff4e477c55f8c025c2b4,HIGH,SEMANTIC_LISTENING_PRIORITY_HIGH,95,SAME_SPEAKER_NEARBY_OUTLIER;LONG_MULTI_SENTENCE_OR_3_LINES,NEEDS_LISTENING,False,1b913dc41266ba7688b586fefaf392edb994355cb807dcb3a32cb7079e5477ae,-25.849653884691705,-4.70335136783703,99840,2,37,MielMeeting,5,11,MielMeeting:11;,LISTEN_COMPARE_FULL_RUNTIME_TEXT
7,Unity/Client/Assets/_Project/Scripts/World/MainQuest07FieldFlow.cs,192,14650,MielMeeting,companion_miel,미엘,혹시 다치신 곳은 없으세요?,main07_miel_002,M07:Unity/Client/Assets/_Project/Scripts/World/MainQuest07FieldFlow.cs:14650,Field_02,12,companion_miel,companion_miel,미엘,혹시 다치신 곳은 없으세요?,혹시 다치신 곳은 없으세요?,,,문서\03_스토리\LOCAL_Story_Dialogue_원문_부록.md,혹시 다치신 곳은 없으세요?,main07_miel_002,미엘,혹시 다치신 곳은 없으세요?,Limitless_TTS_Output_PreSerin/dialogue_manifest_main01_12.csv,companion_miel,Unity/Client/Assets/_Project/Audio/Voice/Story/Main07/main07_miel_002.wav,abfb7e0cc89b7894ba5a4706061f8961,main07_miel_002.wav,True,,False,False,-20.189525259156802,False,companion_miel,companion_miel (미제작은 NONE),NEEDS_LISTENING,,3.17,24000,1,650d978a25f763247587825ccb50330be8a6d0ce7f753cadd3e3489fc7d4ca19,LOW,SEMANTIC_LISTENING_PRIORITY_LOW,0,NORMAL_METADATA_SEMANTICS_UNCONFIRMED,NEEDS_LISTENING,False,9dc4dbfdf110e45226737e9f9d74a6cc49e35407cf1dd9c7e18a6a135df69cfa,-20.189525259156802,-5.992547596106914,76080,1,11,MielMeeting,5,12,MielMeeting:12;,LISTEN_COMPARE_FULL_RUNTIME_TEXT
7,Unity/Client/Assets/_Project/Scripts/World/MainQuest07FieldFlow.cs,192,14741,MielMeeting,companion_paul,폴,저는 괜찮습니다. 저분부터 봐주세요.,main07_paul_019,M07:Unity/Client/Assets/_Project/Scripts/World/MainQuest07FieldFlow.cs:14741,Field_02,13,companion_paul,companion_paul,폴,저는 괜찮습니다. 저분부터 봐주세요.,저는 괜찮습니다. 저분부터 봐주세요.,,,문서\03_스토리\LOCAL_Story_Dialogue_원문_부록.md,저는 괜찮습니다. 저분부터 봐주세요.,main07_paul_019,폴,저는 괜찮습니다. 저분부터 봐주세요.,Limitless_TTS_Output_PreSerin/dialogue_manifest_main01_12.csv,companion_paul,Unity/Client/Assets/_Project/Audio/Voice/Story/Main07/main07_paul_019.wav,790b2b3f8f3c31d4688eb081522b845b,main07_paul_019.wav,True,,False,False,-20.781512075504764,False,companion_paul,companion_paul (미제작은 NONE),NEEDS_LISTENING,,4.93,24000,1,d1ea18201df3d0ee754ff82b7392f7902f1a9b91abc90e61b8c9253f92330f5f,LOW,SEMANTIC_LISTENING_PRIORITY_LOW,0,NORMAL_METADATA_SEMANTICS_UNCONFIRMED,NEEDS_LISTENING,False,9aaaad6014f918b673a51f3a453149f30e15d3da8985080c9950c4fcca4e39ec,-20.781512075504764,-1.2711218011071488,118320,2,15,MielMeeting,5,13,MielMeeting:13;,LISTEN_COMPARE_FULL_RUNTIME_TEXT
7,Unity/Client/Assets/_Project/Scripts/World/MainQuest07FieldFlow.cs,192,14834,MielMeeting,companion_miel,미엘,저분은 이제 괜찮으세요. 그러니까 폴 씨도 확인해야죠.,main07_miel_003,M07:Unity/Client/Assets/_Project/Scripts/World/MainQuest07FieldFlow.cs:14834,Field_02,14,companion_miel,companion_miel,미엘,저분은 이제 괜찮으세요. 그러니까 폴 씨도 확인해야죠.,저분은 이제 괜찮으세요. 그러니까 폴 씨도 확인해야죠.,,,문서\03_스토리\LOCAL_Story_Dialogue_원문_부록.md,저분은 이제 괜찮으세요. 그러니까 폴 씨도 확인해야죠.,main07_miel_003,미엘,저분은 이제 괜찮으세요. 그러니까 폴 씨도 확인해야죠.,Limitless_TTS_Output_PreSerin/dialogue_manifest_main01_12.csv,companion_miel,Unity/Client/Assets/_Project/Audio/Voice/Story/Main07/main07_miel_003.wav,1968fc1aee1bc1142b0672270ebfe16f,main07_miel_003.wav,True,,False,False,-19.97607083110797,False,companion_miel,companion_miel (미제작은 NONE),NEEDS_LISTENING,,3.63,24000,1,bab8ef8c29e18b80bab43e8d9ac73279ae5e1dacd19dbd629afbc45a94cd332c,LOW,SEMANTIC_LISTENING_PRIORITY_LOW,0,NORMAL_METADATA_SEMANTICS_UNCONFIRMED,NEEDS_LISTENING,False,2027f5348f1937e7fb194db6c1d617830c61318d45a6ca9cc09bf2299f4de86e,-19.97607083110797,-1.7709694375610983,87120,2,22,MielMeeting,5,14,MielMeeting:14;,LISTEN_COMPARE_FULL_RUNTIME_TEXT
7,Unity/Client/Assets/_Project/Scripts/World/MainQuest07FieldFlow.cs,192,14940,MielMeeting,companion_paul,폴,"…아, 순서가 벌써 제 차례인가요?",main07_paul_020,M07:Unity/Client/Assets/_Project/Scripts/World/MainQuest07FieldFlow.cs:14940,Field_02,15,companion_paul,companion_paul,폴,"…아, 순서가 벌써 제 차례인가요?","…아, 순서가 벌써 제 차례인가요?",,,문서\03_스토리\LOCAL_Story_Dialogue_원문_부록.md,"…아, 순서가 벌써 제 차례인가요?",main07_paul_020,폴,"…아, 순서가 벌써 제 차례인가요?",Limitless_TTS_Output_PreSerin/dialogue_manifest_main01_12.csv,companion_paul,Unity/Client/Assets/_Project/Audio/Voice/Story/Main07/main07_paul_020.wav,06d2e22f01fe436429a2b6edb3cfc0ca,main07_paul_020.wav,True,,False,False,-29.002575387580833,False,companion_paul,companion_paul (미제작은 NONE),NEEDS_LISTENING,,2.67,24000,1,292810c578f97306638d12695709bf1ded6a1443cbe5d4b1091e7b709e860995,LOW,SEMANTIC_LISTENING_PRIORITY_LOW,0,NORMAL_METADATA_SEMANTICS_UNCONFIRMED,NEEDS_LISTENING,False,d663bcf7cf4a6c8d161fb2a25ec3fe601b140d274ecc9c44d9d54fb0e299ea60,-29.002575387580833,-13.58884951668373,64080,1,12,MielMeeting,5,15,MielMeeting:15;,LISTEN_COMPARE_FULL_RUNTIME_TEXT
8,Unity/Client/Assets/_Project/Scripts/World/MainQuest08FieldFlow.cs,65,4671,DrawTracks,companion_taeon,태온,잠깐만요.,main08_taeon_supp_001,M08:Unity/Client/Assets/_Project/Scripts/World/MainQuest08FieldFlow.cs:4671,Field_02/Field_03,1,companion_taeon,companion_taeon,태온,잠깐만요.,잠깐만요.,,,문서\03_스토리\LOCAL_Story_Dialogue_원문_부록.md,잠깐만요.,main08_taeon_supp_001,태온,잠깐만요.,Limitless_TTS_Output_Missing_Main01_05_08_12_v2/dialogue_manifest_missing_main01_05_08_12_v2.csv,companion_taeon,Unity/Client/Assets/_Project/Audio/Voice/Story/Main08/main08_taeon_supp_001.wav,746aeb0f63566a3438b794c12a1136c2,main08_taeon_supp_001.wav,True,,False,False,-25.584182542453373,False,companion_taeon,companion_taeon (미제작은 NONE),NEEDS_LISTENING,,1.53,24000,1,0ca36ce3da8945db5bf7861afb52f8367d4d0fdc071e21e9eba880fbb1ccdfd6,MEDIUM,SEMANTIC_LISTENING_PRIORITY_MEDIUM,20,SUPPLEMENT_PACK_UNLISTENED,NEEDS_LISTENING,False,c4405e757fe8620e9083dd91da626e42fa17c284e3eb8fc452a5bddcd8ba4bd3,-25.584182542453373,-6.246708426306662,36720,1,4,Trace01,1,1,Trace01:1;,LISTEN_COMPARE_FULL_RUNTIME_TEXT
8,Unity/Client/Assets/_Project/Scripts/World/MainQuest08FieldFlow.cs,65,4743,DrawTracks,companion_taeon,태온,여기부터 흔적이 거의 없습니다.,main08_taeon_supp_002,M08:Unity/Client/Assets/_Project/Scripts/World/MainQuest08FieldFlow.cs:4743,Field_02/Field_03,2,companion_taeon,companion_taeon,태온,여기부터 흔적이 거의 없습니다.,여기부터 흔적이 거의 없습니다.,,,문서\03_스토리\LOCAL_Story_Dialogue_원문_부록.md,여기부터 흔적이 거의 없습니다.,main08_taeon_supp_002,태온,여기부터 흔적이 거의 없습니다.,Limitless_TTS_Output_Missing_Main01_05_08_12_v2/dialogue_manifest_missing_main01_05_08_12_v2.csv,companion_taeon,Unity/Client/Assets/_Project/Audio/Voice/Story/Main08/main08_taeon_supp_002.wav,2a4d3f097eee283448db0015e9d526fc,main08_taeon_supp_002.wav,True,,False,False,-48.975574598135566,False,companion_taeon,companion_taeon (미제작은 NONE),NEEDS_LISTENING,,1.03,24000,1,98e396f0407f42df3283189638092ed06b64f6d23fbad073f0d6573b8f7ef3fb,HIGH,SEMANTIC_LISTENING_PRIORITY_HIGH,170,LOW_RMS_BELOW_MINUS45_DBFS;SAME_SPEAKER_NEARBY_OUTLIER;SUPPLEMENT_PACK_UNLISTENED,NEEDS_LISTENING,False,4de0cd7f3577d56cb471a4cc67798ee4dbe792e951d6120648cf6ea0a2806c19,-48.975574598135566,-30.573564013869465,24720,1,13,Trace01,1,2,Trace01:2;,LISTEN_COMPARE_FULL_RUNTIME_TEXT
8,Unity/Client/Assets/_Project/Scripts/World/MainQuest08FieldFlow.cs,65,4827,DrawTracks,companion_miel,미엘,몬스터가 적다는 건 좋은 일 아닌가요?,main08_miel_supp_001,M08:Unity/Client/Assets/_Project/Scripts/World/MainQuest08FieldFlow.cs:4827,Field_02/Field_03,3,companion_miel,companion_miel,미엘,몬스터가 적다는 건 좋은 일 아닌가요?,몬스터가 적다는 건 좋은 일 아닌가요?,,,문서\03_스토리\LOCAL_Story_Dialogue_원문_부록.md,몬스터가 적다는 건 좋은 일 아닌가요?,main08_miel_supp_001,미엘,몬스터가 적다는 건 좋은 일 아닌가요?,Limitless_TTS_Output_Missing_Main01_05_08_12_v2/dialogue_manifest_missing_main01_05_08_12_v2.csv,companion_miel,Unity/Client/Assets/_Project/Audio/Voice/Story/Main08/main08_miel_supp_001.wav,5321e58b60be75041be7c617c3bb66bc,main08_miel_supp_001.wav,True,,False,False,-19.224681058704242,False,companion_miel,companion_miel (미제작은 NONE),NEEDS_LISTENING,,4.5,24000,1,2b2c26ee327a47363f76c0bf86a435c8e8b3ebbb024ab959536a07ebf92ac3e2,MEDIUM,SEMANTIC_LISTENING_PRIORITY_MEDIUM,20,SUPPLEMENT_PACK_UNLISTENED,NEEDS_LISTENING,False,f7ee8efe57e3114fee5a2055d3fca017dbde8c0fe0c57f6bba177a9f270b2170,-19.224681058704242,-1.679150200283138,108000,1,15,Trace01,1,3,Trace01:3;,LISTEN_COMPARE_FULL_RUNTIME_TEXT
8,Unity/Client/Assets/_Project/Scripts/World/MainQuest08FieldFlow.cs,66,4956,DrawTracks,companion_taeon,태온,평소라면 그렇겠죠.,main08_taeon_supp_003,M08:Unity/Client/Assets/_Project/Scripts/World/MainQuest08FieldFlow.cs:4956,Field_02/Field_03,4,companion_taeon,companion_taeon,태온,평소라면 그렇겠죠.,평소라면 그렇겠죠.,,,문서\03_스토리\LOCAL_Story_Dialogue_원문_부록.md,평소라면 그렇겠죠.,main08_taeon_supp_003,태온,평소라면 그렇겠죠.,Limitless_TTS_Output_Missing_Main01_05_08_12_v2/dialogue_manifest_missing_main01_05_08_12_v2.csv,companion_taeon,Unity/Client/Assets/_Project/Audio/Voice/Story/Main08/main08_taeon_supp_003.wav,f732ffd70ce44d445b900a47e3f59950,main08_taeon_supp_003.wav,True,,False,False,-25.34506861213361,False,companion_taeon,companion_taeon (미제작은 NONE),NEEDS_LISTENING,,2.41,24000,1,7075ffb191443725ecc01680d92a4cabb258d1b7f4766808b4ad6cc3bc777e2c,MEDIUM,SEMANTIC_LISTENING_PRIORITY_MEDIUM,20,SUPPLEMENT_PACK_UNLISTENED,NEEDS_LISTENING,False,32aa3c749046a65a8a8bd45fed4a82c35814d199e94f83fc9ce60f6d086300c7,-25.34506861213361,-6.012121738240401,57840,1,8,Trace02,2,1,Trace02:1;,LISTEN_COMPARE_FULL_RUNTIME_TEXT
8,Unity/Client/Assets/_Project/Scripts/World/MainQuest08FieldFlow.cs,66,5033,DrawTracks,companion_taeon,태온,그런데 조금 전까지 이쪽으로 이어지던 흔적들이 전부 방향을 바꾸고 있습니다.,main08_taeon_supp_004,M08:Unity/Client/Assets/_Project/Scripts/World/MainQuest08FieldFlow.cs:5033,Field_02/Field_03,5,companion_taeon,companion_taeon,태온,그런데 조금 전까지 이쪽으로 이어지던 흔적들이 전부 방향을 바꾸고 있습니다.,그런데 조금 전까지 이쪽으로 이어지던 흔적들이 전부 방향을 바꾸고 있습니다.,,,문서\03_스토리\LOCAL_Story_Dialogue_원문_부록.md,그런데 조금 전까지 이쪽으로 이어지던 흔적들이 전부 방향을 바꾸고 있습니다.,main08_taeon_supp_004,태온,그런데 조금 전까지 이쪽으로 이어지던 흔적들이 전부 방향을 바꾸고 있습니다.,Limitless_TTS_Output_Missing_Main01_05_08_12_v2/dialogue_manifest_missing_main01_05_08_12_v2.csv,companion_taeon,Unity/Client/Assets/_Project/Audio/Voice/Story/Main08/main08_taeon_supp_004.wav,5722e0d49b5723f4fb2d8707e542d3fb,main08_taeon_supp_004.wav,True,,False,False,-26.597380223237217,False,companion_taeon,companion_taeon (미제작은 NONE),NEEDS_LISTENING,,3.13,24000,1,4162175dbbc3570ed5ad1531818a9bb2939263216ec6895241bcb9885f79dbce,HIGH,SEMANTIC_LISTENING_PRIORITY_HIGH,90,SAME_SPEAKER_NEARBY_OUTLIER;SUPPLEMENT_PACK_UNLISTENED,NEEDS_LISTENING,False,ab47c8f629f992f7973028f2b7a36a3842b53a6fe6410c4e04060342f8c9c957,-26.597380223237217,-4.075192676896782,75120,1,32,Trace02,2,2,Trace02:2;,LISTEN_COMPARE_FULL_RUNTIME_TEXT
8,Unity/Client/Assets/_Project/Scripts/World/MainQuest08FieldFlow.cs,67,5185,DrawTracks,companion_miel,미엘,없어진 게 아니네요.,main08_miel_supp_002,M08:Unity/Client/Assets/_Project/Scripts/World/MainQuest08FieldFlow.cs:5185,Field_02/Field_03,6,companion_miel,companion_miel,미엘,없어진 게 아니네요.,없어진 게 아니네요.,,,문서\03_스토리\LOCAL_Story_Dialogue_원문_부록.md,없어진 게 아니네요.,main08_miel_supp_002,미엘,없어진 게 아니네요.,Limitless_TTS_Output_Missing_Main01_05_08_12_v2/dialogue_manifest_missing_main01_05_08_12_v2.csv,companion_miel,Unity/Client/Assets/_Project/Audio/Voice/Story/Main08/main08_miel_supp_002.wav,3896e964af209da4196fd4c8827877cb,main08_miel_supp_002.wav,True,,False,False,-18.104362675960985,False,companion_miel,companion_miel (미제작은 NONE),NEEDS_LISTENING,,3.73,24000,1,d06d4fc4453ebdb96a43f6847b58fe617e901fb3eb54451226bbaa4d74db34d8,MEDIUM,SEMANTIC_LISTENING_PRIORITY_MEDIUM,20,SUPPLEMENT_PACK_UNLISTENED,NEEDS_LISTENING,False,28613fe92a38e8b3b8bbacc704d53a8f56d3f2fc1f752b1515b452d2aaad0c20,-18.104362675960985,-1.7644714275041162,89520,1,8,Trace03,3,1,Trace03:1;,LISTEN_COMPARE_FULL_RUNTIME_TEXT
8,Unity/Client/Assets/_Project/Scripts/World/MainQuest08FieldFlow.cs,67,5261,DrawTracks,companion_miel,미엘,다들 이쪽을 피해서 지나가고 있어요.,main08_miel_supp_003,M08:Unity/Client/Assets/_Project/Scripts/World/MainQuest08FieldFlow.cs:5261,Field_02/Field_03,7,companion_miel,companion_miel,미엘,다들 이쪽을 피해서 지나가고 있어요.,다들 이쪽을 피해서 지나가고 있어요.,,,문서\03_스토리\LOCAL_Story_Dialogue_원문_부록.md,다들 이쪽을 피해서 지나가고 있어요.,main08_miel_supp_003,미엘,다들 이쪽을 피해서 지나가고 있어요.,Limitless_TTS_Output_Missing_Main01_05_08_12_v2/dialogue_manifest_missing_main01_05_08_12_v2.csv,companion_miel,Unity/Client/Assets/_Project/Audio/Voice/Story/Main08/main08_miel_supp_003.wav,f7bdf41280580d243adfc2e0497efd74,main08_miel_supp_003.wav,True,,False,False,-19.350013520636583,False,companion_miel,companion_miel (미제작은 NONE),NEEDS_LISTENING,,5.12,24000,1,21d143ebd34e6ec8038d9335897494d6f4bc3fc0c30c5d54cbe3e90c28e37b23,MEDIUM,SEMANTIC_LISTENING_PRIORITY_MEDIUM,20,SUPPLEMENT_PACK_UNLISTENED,NEEDS_LISTENING,False,ec6f6b577dc4f6faf490def5a5890c1f9c51ea9d119e495c706a06c085e2cbcc,-19.350013520636583,-3.3207281628997256,122880,1,15,Trace03,3,2,Trace03:2;,LISTEN_COMPARE_FULL_RUNTIME_TEXT
8,Unity/Client/Assets/_Project/Scripts/World/MainQuest08FieldFlow.cs,67,5346,DrawTracks,companion_taeon,태온,초원에서는 무언가를 피해 밀려오는 것처럼 보였습니다.,main08_taeon_supp_005,M08:Unity/Client/Assets/_Project/Scripts/World/MainQuest08FieldFlow.cs:5346,Field_02/Field_03,8,companion_taeon,companion_taeon,태온,초원에서는 무언가를 피해 밀려오는 것처럼 보였습니다.,초원에서는 무언가를 피해 밀려오는 것처럼 보였습니다.,,,문서\03_스토리\LOCAL_Story_Dialogue_원문_부록.md,초원에서는 무언가를 피해 밀려오는 것처럼 보였습니다.,main08_taeon_supp_005,태온,초원에서는 무언가를 피해 밀려오는 것처럼 보였습니다.,Limitless_TTS_Output_Missing_Main01_05_08_12_v2/dialogue_manifest_missing_main01_05_08_12_v2.csv,companion_taeon,Unity/Client/Assets/_Project/Audio/Voice/Story/Main08/main08_taeon_supp_005.wav,c4d82101f9b726f4fa327b135df26842,main08_taeon_supp_005.wav,True,,False,False,-17.933634920127435,False,companion_taeon,companion_taeon (미제작은 NONE),NEEDS_LISTENING,,6.89,24000,1,195b136a6d44acd305a6a9d426841770d5f5206d38d71e2a8d15b9141c5a5779,MEDIUM,SEMANTIC_LISTENING_PRIORITY_MEDIUM,20,SUPPLEMENT_PACK_UNLISTENED,NEEDS_LISTENING,False,5fb66be2e2945db7b19670205fbca99eca6a221057417f0850a539507a08d004,-17.933634920127435,-1.6505744725301201,165360,1,23,Trace03,3,3,Trace03:3;,LISTEN_COMPARE_FULL_RUNTIME_TEXT
8,Unity/Client/Assets/_Project/Scripts/World/MainQuest08FieldFlow.cs,67,5442,DrawTracks,companion_taeon,태온,여기서는 그 방향이 조금 더 분명합니다.,main08_taeon_supp_006,M08:Unity/Client/Assets/_Project/Scripts/World/MainQuest08FieldFlow.cs:5442,Field_02/Field_03,9,companion_taeon,companion_taeon,태온,여기서는 그 방향이 조금 더 분명합니다.,여기서는 그 방향이 조금 더 분명합니다.,,,문서\03_스토리\LOCAL_Story_Dialogue_원문_부록.md,여기서는 그 방향이 조금 더 분명합니다.,main08_taeon_supp_006,태온,여기서는 그 방향이 조금 더 분명합니다.,Limitless_TTS_Output_Missing_Main01_05_08_12_v2/dialogue_manifest_missing_main01_05_08_12_v2.csv,companion_taeon,Unity/Client/Assets/_Project/Audio/Voice/Story/Main08/main08_taeon_supp_006.wav,3bb3a7f0d6d50424da168e6df59bba5f,main08_taeon_supp_006.wav,True,,False,False,-18.97172279848754,False,companion_taeon,companion_taeon (미제작은 NONE),NEEDS_LISTENING,,10.53,24000,1,48130cddc15f94a628f730aa3499f25852a78669bee9cb53a010b89667e927f3,MEDIUM,SEMANTIC_LISTENING_PRIORITY_MEDIUM,20,SUPPLEMENT_PACK_UNLISTENED,NEEDS_LISTENING,False,9c6fec0eb9e340b531814ee781cf5ad16260c397cffbb91773fb2b59ef62e3b2,-18.97172279848754,-1.7200902817939412,252720,1,16,Trace03,3,4,Trace03:4;,LISTEN_COMPARE_FULL_RUNTIME_TEXT
8,Unity/Client/Assets/_Project/Scripts/World/MainQuest08FieldFlow.cs,67,5531,DrawTracks,,<PlayerName>,그러면 우리가 찾던 방향은 맞는 것 같습니다.,,M08:Unity/Client/Assets/_Project/Scripts/World/MainQuest08FieldFlow.cs:5531,Field_02/Field_03,10,player,player,플레이어,그러면 우리가 찾던 방향은 맞는 것 같습니다.,그러면 우리가 찾던 방향은 맞는 것 같습니다.,,,문서\03_스토리\LOCAL_Story_Dialogue_원문_부록.md,그러면 우리가 찾던 방향은 맞는 것 같습니다.,,,,,NONE,,,,,,False,False,,False,NONE,NONE,OK,,,,,,NOT_VOICE_TARGET,,,,OK,False,,,,,,,Trace03,3,5,Trace03:5;,
8,Unity/Client/Assets/_Project/Scripts/World/MainQuest08FieldFlow.cs,68,5619,DrawTracks,companion_miel,미엘,이 흔적… 폴 씨 것 아닐까요?,main08_miel_supp_004,M08:Unity/Client/Assets/_Project/Scripts/World/MainQuest08FieldFlow.cs:5619,Field_02/Field_03,11,companion_miel,companion_miel,미엘,이 흔적… 폴 씨 것 아닐까요?,이 흔적… 폴 씨 것 아닐까요?,,,문서\03_스토리\LOCAL_Story_Dialogue_원문_부록.md,이 흔적… 폴 씨 것 아닐까요?,main08_miel_supp_004,미엘,이 흔적… 폴 씨 것 아닐까요?,Limitless_TTS_Output_Missing_Main01_05_08_12_v2/dialogue_manifest_missing_main01_05_08_12_v2.csv,companion_miel,Unity/Client/Assets/_Project/Audio/Voice/Story/Main08/main08_miel_supp_004.wav,c0bd210bcd785f141bc58ae03ff10c66,main08_miel_supp_004.wav,True,,False,False,-21.330512830891465,False,companion_miel,companion_miel (미제작은 NONE),NEEDS_LISTENING,,3.39,24000,1,9223c80fd0704948f45dad85ad28ad69299946a7abbd44309c615c1b02eeeba2,MEDIUM,SEMANTIC_LISTENING_PRIORITY_MEDIUM,20,SUPPLEMENT_PACK_UNLISTENED,NEEDS_LISTENING,False,716083f5bf63338c4e8d090c472e07609a4bb8a3d4b965486037b7cf1169bf50,-21.330512830891465,-2.6294616905757033,81360,2,10,WheelTracks,4,1,WheelTracks:1;,LISTEN_COMPARE_FULL_RUNTIME_TEXT
8,Unity/Client/Assets/_Project/Scripts/World/MainQuest08FieldFlow.cs,68,5701,DrawTracks,companion_taeon,태온,폭이 같습니다. 아마 맞을 겁니다.,main08_taeon_supp_007,M08:Unity/Client/Assets/_Project/Scripts/World/MainQuest08FieldFlow.cs:5701,Field_02/Field_03,12,companion_taeon,companion_taeon,태온,폭이 같습니다. 아마 맞을 겁니다.,폭이 같습니다. 아마 맞을 겁니다.,,,문서\03_스토리\LOCAL_Story_Dialogue_원문_부록.md,폭이 같습니다. 아마 맞을 겁니다.,main08_taeon_supp_007,태온,폭이 같습니다. 아마 맞을 겁니다.,Limitless_TTS_Output_Missing_Main01_05_08_12_v2/dialogue_manifest_missing_main01_05_08_12_v2.csv,companion_taeon,Unity/Client/Assets/_Project/Audio/Voice/Story/Main08/main08_taeon_supp_007.wav,65df30964791d704185f5da97e63d77f,main08_taeon_supp_007.wav,True,,False,False,-53.333996422377126,False,companion_taeon,companion_taeon (미제작은 NONE),NEEDS_LISTENING,,1.22,24000,1,887c95ce3b020f3755e73667254068ebed82d4f79054b52d8731b9fe69d89c4c,HIGH,SEMANTIC_LISTENING_PRIORITY_HIGH,240,LOW_RMS_BELOW_MINUS45_DBFS;MULTI_SENTENCE_SHORT_AUDIO;SAME_SPEAKER_NEARBY_OUTLIER;SUPPLEMENT_PACK_UNLISTENED,NEEDS_LISTENING,False,8c156240c67f7d5b00c1af400c487efce3fc39869c24fe3d1bba9170e33a8c0c,-53.333996422377126,-26.006827078132492,29280,2,13,WheelTracks,4,2,WheelTracks:2;,LISTEN_COMPARE_FULL_RUNTIME_TEXT
8,Unity/Client/Assets/_Project/Scripts/World/MainQuest08FieldFlow.cs,69,5836,DrawTracks,companion_taeon,태온,누군가 이곳을 조사한 흔적입니다.,main08_taeon_supp_008,M08:Unity/Client/Assets/_Project/Scripts/World/MainQuest08FieldFlow.cs:5836,Field_02/Field_03,13,companion_taeon,companion_taeon,태온,누군가 이곳을 조사한 흔적입니다.,누군가 이곳을 조사한 흔적입니다.,,,문서\03_스토리\LOCAL_Story_Dialogue_원문_부록.md,누군가 이곳을 조사한 흔적입니다.,main08_taeon_supp_008,태온,누군가 이곳을 조사한 흔적입니다.,Limitless_TTS_Output_Missing_Main01_05_08_12_v2/dialogue_manifest_missing_main01_05_08_12_v2.csv,companion_taeon,Unity/Client/Assets/_Project/Audio/Voice/Story/Main08/main08_taeon_supp_008.wav,473fb20d4ec9e114a854b37977157706,main08_taeon_supp_008.wav,True,,False,False,-21.70698128035051,False,companion_taeon,companion_taeon (미제작은 NONE),NEEDS_LISTENING,,3.53,24000,1,8f542e95d5ab7ff25c85fc609a2178050557e02fd3b42c7a9cec0c02ad025b81,MEDIUM,SEMANTIC_LISTENING_PRIORITY_MEDIUM,20,SUPPLEMENT_PACK_UNLISTENED,NEEDS_LISTENING,False,dff1aca86b05bb920e261bb965c62d26cad026ff0ec23a3b70d8edf4893d9435,-21.70698128035051,-2.301002258117966,84720,1,14,Investigation,5,1,Investigation:1;,LISTEN_COMPARE_FULL_RUNTIME_TEXT
8,Unity/Client/Assets/_Project/Scripts/World/MainQuest08FieldFlow.cs,69,5921,DrawTracks,companion_miel,미엘,폴 씨일까요?,main08_miel_supp_005,M08:Unity/Client/Assets/_Project/Scripts/World/MainQuest08FieldFlow.cs:5921,Field_02/Field_03,14,companion_miel,companion_miel,미엘,폴 씨일까요?,폴 씨일까요?,,,문서\03_스토리\LOCAL_Story_Dialogue_원문_부록.md,폴 씨일까요?,main08_miel_supp_005,미엘,폴 씨일까요?,Limitless_TTS_Output_Missing_Main01_05_08_12_v2/dialogue_manifest_missing_main01_05_08_12_v2.csv,companion_miel,Unity/Client/Assets/_Project/Audio/Voice/Story/Main08/main08_miel_supp_005.wav,c3e6a131ba9049e458f845ed4672348f,main08_miel_supp_005.wav,True,,False,False,-21.035891843814582,False,companion_miel,companion_miel (미제작은 NONE),NEEDS_LISTENING,,1.81,24000,1,ea2024ddc35331ee4fc66a9e6e2ccf378f676c3783f2d4b090186bc03bdc5820,MEDIUM,SEMANTIC_LISTENING_PRIORITY_MEDIUM,20,SUPPLEMENT_PACK_UNLISTENED,NEEDS_LISTENING,False,803dfe9cd5ea67140929eaa1009eb30dae7a0e3401b6209e2f407889814cd5b8,-21.035891843814582,-5.0320182624449235,43440,1,5,Investigation,5,2,Investigation:2;,LISTEN_COMPARE_FULL_RUNTIME_TEXT
8,Unity/Client/Assets/_Project/Scripts/World/MainQuest08FieldFlow.cs,69,5993,DrawTracks,,<PlayerName>,아마 먼저 안쪽으로 간 것 같습니다.,,M08:Unity/Client/Assets/_Project/Scripts/World/MainQuest08FieldFlow.cs:5993,Field_02/Field_03,15,player,player,플레이어,아마 먼저 안쪽으로 간 것 같습니다.,아마 먼저 안쪽으로 간 것 같습니다.,,,문서\03_스토리\LOCAL_Story_Dialogue_원문_부록.md,아마 먼저 안쪽으로 간 것 같습니다.,,,,,NONE,,,,,,False,False,,False,NONE,NONE,OK,,,,,,NOT_VOICE_TARGET,,,,OK,False,,,,,,,Investigation,5,3,Investigation:3;,
8,Unity/Client/Assets/_Project/Scripts/World/MainQuest08FieldFlow.cs,70,6056,DrawTracks,companion_miel,미엘,조용하네요.,main08_miel_supp_006,M08:Unity/Client/Assets/_Project/Scripts/World/MainQuest08FieldFlow.cs:6056,Field_02/Field_03,16,companion_miel,companion_miel,미엘,조용하네요.,조용하네요.,,,문서\03_스토리\LOCAL_Story_Dialogue_원문_부록.md,조용하네요.,main08_miel_supp_006,미엘,조용하네요.,Limitless_TTS_Output_Missing_Main01_05_08_12_v2/dialogue_manifest_missing_main01_05_08_12_v2.csv,companion_miel,Unity/Client/Assets/_Project/Audio/Voice/Story/Main08/main08_miel_supp_006.wav,88b75212b5a11254d8efa3f1e69a2fa8,main08_miel_supp_006.wav,True,,False,False,-17.919905097451267,False,companion_miel,companion_miel (미제작은 NONE),NEEDS_LISTENING,,1.99,24000,1,c3a77e89d9559a72aaa351e9d33fb1c40ed1bbf9257c3cc96c01424a5f42be07,MEDIUM,SEMANTIC_LISTENING_PRIORITY_MEDIUM,20,SUPPLEMENT_PACK_UNLISTENED,NEEDS_LISTENING,False,c85837f59f8c103c652befd66f1923425fc97842302b9e24b8b58efeb6af964c,-17.919905097451267,-4.304482563831203,47760,1,5,DeepArea,6,1,DeepArea:1;,LISTEN_COMPARE_FULL_RUNTIME_TEXT
8,Unity/Client/Assets/_Project/Scripts/World/MainQuest08FieldFlow.cs,70,6127,DrawTracks,companion_taeon,태온,너무 조용합니다.,main08_taeon_supp_009,M08:Unity/Client/Assets/_Project/Scripts/World/MainQuest08FieldFlow.cs:6127,Field_02/Field_03,17,companion_taeon,companion_taeon,태온,너무 조용합니다.,너무 조용합니다.,,,문서\03_스토리\LOCAL_Story_Dialogue_원문_부록.md,너무 조용합니다.,main08_taeon_supp_009,태온,너무 조용합니다.,Limitless_TTS_Output_Missing_Main01_05_08_12_v2/dialogue_manifest_missing_main01_05_08_12_v2.csv,companion_taeon,Unity/Client/Assets/_Project/Audio/Voice/Story/Main08/main08_taeon_supp_009.wav,7c72740f224291b409fe73333e8ef4f8,main08_taeon_supp_009.wav,True,,False,False,-20.612581305491027,False,companion_taeon,companion_taeon (미제작은 NONE),NEEDS_LISTENING,,4.81,24000,1,cd55c634d50810bcfce041156913148c71b6461e21d2038958b9d963a0e16d16,MEDIUM,SEMANTIC_LISTENING_PRIORITY_MEDIUM,20,SUPPLEMENT_PACK_UNLISTENED,NEEDS_LISTENING,False,c291bb429305c0b08fdcaade3ddcc3bce776c50b889788b0cea6f53aed6405ec,-20.612581305491027,-3.306365221743592,115440,1,7,DeepArea,6,2,DeepArea:2;,LISTEN_COMPARE_FULL_RUNTIME_TEXT
8,Unity/Client/Assets/_Project/Scripts/World/MainQuest08FieldFlow.cs,70,6203,DrawTracks,companion_miel,미엘,몬스터들이 여기를 피하는 이유가 있는 거겠죠?,main08_miel_supp_007,M08:Unity/Client/Assets/_Project/Scripts/World/MainQuest08FieldFlow.cs:6203,Field_02/Field_03,18,companion_miel,companion_miel,미엘,몬스터들이 여기를 피하는 이유가 있는 거겠죠?,몬스터들이 여기를 피하는 이유가 있는 거겠죠?,,,문서\03_스토리\LOCAL_Story_Dialogue_원문_부록.md,몬스터들이 여기를 피하는 이유가 있는 거겠죠?,main08_miel_supp_007,미엘,몬스터들이 여기를 피하는 이유가 있는 거겠죠?,Limitless_TTS_Output_Missing_Main01_05_08_12_v2/dialogue_manifest_missing_main01_05_08_12_v2.csv,companion_miel,Unity/Client/Assets/_Project/Audio/Voice/Story/Main08/main08_miel_supp_007.wav,9c62dffde6c33ed478eb95ac2c6f1a2e,main08_miel_supp_007.wav,True,,False,False,-17.462057016014278,False,companion_miel,companion_miel (미제작은 NONE),NEEDS_LISTENING,,3.51,24000,1,4e6125b932e12ad1d94d1111818e1d31f6f32e958a9edd0c7e9d392a8ebbbd87,MEDIUM,SEMANTIC_LISTENING_PRIORITY_MEDIUM,20,SUPPLEMENT_PACK_UNLISTENED,NEEDS_LISTENING,False,d849d5b2f862de9f6eddfcbca5bc1d13364f95a389e8faf9817e30110c162aff,-17.462057016014278,-2.7326858937448346,84240,1,19,DeepArea,6,3,DeepArea:3;,LISTEN_COMPARE_FULL_RUNTIME_TEXT
8,Unity/Client/Assets/_Project/Scripts/World/MainQuest08FieldFlow.cs,70,6293,DrawTracks,companion_taeon,태온,그 이유가 무엇인지는 아직 모르겠습니다.,main08_taeon_supp_010,M08:Unity/Client/Assets/_Project/Scripts/World/MainQuest08FieldFlow.cs:6293,Field_02/Field_03,19,companion_taeon,companion_taeon,태온,그 이유가 무엇인지는 아직 모르겠습니다.,그 이유가 무엇인지는 아직 모르겠습니다.,,,문서\03_스토리\LOCAL_Story_Dialogue_원문_부록.md,그 이유가 무엇인지는 아직 모르겠습니다.,main08_taeon_supp_010,태온,그 이유가 무엇인지는 아직 모르겠습니다.,Limitless_TTS_Output_Missing_Main01_05_08_12_v2/dialogue_manifest_missing_main01_05_08_12_v2.csv,companion_taeon,Unity/Client/Assets/_Project/Audio/Voice/Story/Main08/main08_taeon_supp_010.wav,bba8813d2f946104db5082bef072f9da,main08_taeon_supp_010.wav,True,,False,False,-22.062892788034972,False,companion_taeon,companion_taeon (미제작은 NONE),NEEDS_LISTENING,,8.25,24000,1,3d38ce76fb342bd45b76720497fee8fb68fe3862c26e565c115e4e7c4bb034ae,MEDIUM,SEMANTIC_LISTENING_PRIORITY_MEDIUM,20,SUPPLEMENT_PACK_UNLISTENED,NEEDS_LISTENING,False,150b9128c00db4fd6ac62a503292e32a97870e7cb7274fa1be674282f1f29e6d,-22.062892788034972,-2.227726401516519,198000,1,17,DeepArea,6,4,DeepArea:4;,LISTEN_COMPARE_FULL_RUNTIME_TEXT
8,Unity/Client/Assets/_Project/Scripts/World/MainQuest08FieldFlow.cs,70,6382,DrawTracks,,<PlayerName>,안쪽을 확인해보죠.,,M08:Unity/Client/Assets/_Project/Scripts/World/MainQuest08FieldFlow.cs:6382,Field_02/Field_03,20,player,player,플레이어,안쪽을 확인해보죠.,안쪽을 확인해보죠.,,,문서\03_스토리\LOCAL_Story_Dialogue_원문_부록.md,안쪽을 확인해보죠.,,,,,NONE,,,,,,False,False,,False,NONE,NONE,OK,,,,,,NOT_VOICE_TARGET,,,,OK,False,,,,,,,DeepArea,6,5,DeepArea:5;,
8,Unity/Client/Assets/_Project/Scripts/World/MainQuest08FieldFlow.cs,70,6408,DrawTracks,companion_miel,미엘,…저쪽에서 빛이 났어요.,main08_miel_supp_008,M08:Unity/Client/Assets/_Project/Scripts/World/MainQuest08FieldFlow.cs:6408,Field_02/Field_03,21,companion_miel,companion_miel,미엘,…저쪽에서 빛이 났어요.,…저쪽에서 빛이 났어요.,,,문서\03_스토리\LOCAL_Story_Dialogue_원문_부록.md,…저쪽에서 빛이 났어요.,main08_miel_supp_008,미엘,…저쪽에서 빛이 났어요.,Limitless_TTS_Output_Missing_Main01_05_08_12_v2/dialogue_manifest_missing_main01_05_08_12_v2.csv,companion_miel,Unity/Client/Assets/_Project/Audio/Voice/Story/Main08/main08_miel_supp_008.wav,16415ce8979fe8142859d4b7eb9860af,main08_miel_supp_008.wav,True,,False,False,-18.44712916788154,False,companion_miel,companion_miel (미제작은 NONE),NEEDS_LISTENING,,2.9,24000,1,13065c47ccf140353bbf0d56c9076083371599d7ba85254b2c0036e8cb835bd1,MEDIUM,SEMANTIC_LISTENING_PRIORITY_MEDIUM,20,SUPPLEMENT_PACK_UNLISTENED,NEEDS_LISTENING,False,486c7f3e4707e7177da3c0c0e8f0f5f6170c45d2c9902fde50dd4855a0cef10a,-18.44712916788154,-1.809406964278191,69600,1,9,DeepArea,6,6,DeepArea:6;,LISTEN_COMPARE_FULL_RUNTIME_TEXT
8,Unity/Client/Assets/_Project/Scripts/World/MainQuest08FieldFlow.cs,70,6486,DrawTracks,companion_taeon,태온,마법 같습니다.,main08_taeon_supp_011,M08:Unity/Client/Assets/_Project/Scripts/World/MainQuest08FieldFlow.cs:6486,Field_02/Field_03,22,companion_taeon,companion_taeon,태온,마법 같습니다.,마법 같습니다.,,,문서\03_스토리\LOCAL_Story_Dialogue_원문_부록.md,마법 같습니다.,main08_taeon_supp_011,태온,마법 같습니다.,Limitless_TTS_Output_Missing_Main01_05_08_12_v2/dialogue_manifest_missing_main01_05_08_12_v2.csv,companion_taeon,Unity/Client/Assets/_Project/Audio/Voice/Story/Main08/main08_taeon_supp_011.wav,3dcc58543ffa0ca4fae31ba2439d0d36,main08_taeon_supp_011.wav,True,,False,False,-25.848518368706262,False,companion_taeon,companion_taeon (미제작은 NONE),NEEDS_LISTENING,,3.88,24000,1,86fd758803176207ccc80942e99d8c9cf358c3d05dd9d9a7975b923dfc42ef75,MEDIUM,SEMANTIC_LISTENING_PRIORITY_MEDIUM,20,SUPPLEMENT_PACK_UNLISTENED,NEEDS_LISTENING,False,4d84b6dce16db49a1c6a42636a91728194d3852ca79eea4665b605b63e70d919,-25.848518368706262,-3.8699914488060188,93120,1,6,DeepArea,6,7,DeepArea:7;,LISTEN_COMPARE_FULL_RUNTIME_TEXT
8,Unity/Client/Assets/_Project/Scripts/World/MainQuest08FieldFlow.cs,70,6561,DrawTracks,,<PlayerName>,가보죠.,,M08:Unity/Client/Assets/_Project/Scripts/World/MainQuest08FieldFlow.cs:6561,Field_02/Field_03,23,player,player,플레이어,가보죠.,가보죠.,,,문서\03_스토리\LOCAL_Story_Dialogue_원문_부록.md,가보죠.,,,,,NONE,,,,,,False,False,,False,NONE,NONE,OK,,,,,,NOT_VOICE_TARGET,,,,OK,False,,,,,,,DeepArea,6,8,DeepArea:8;,
9,Unity/Client/Assets/_Project/Scripts/World/MainQuest09FieldFlow.cs,167,9390,Lines,companion_miel,미엘,빛은 이쪽에서 보였어요. 지금은 사라졌네요.,main09_miel_001,M09:Unity/Client/Assets/_Project/Scripts/World/MainQuest09FieldFlow.cs:9390,Field_03,1,companion_miel,companion_miel,미엘,빛은 이쪽에서 보였어요. 지금은 사라졌네요.,빛은 이쪽에서 보였어요. 지금은 사라졌네요.,,,문서\03_스토리\LOCAL_Story_Dialogue_원문_부록.md,빛은 이쪽에서 보였어요. 지금은 사라졌네요.,main09_miel_001,미엘,빛은 이쪽에서 보였어요. 지금은 사라졌네요.,Limitless_TTS_Output_PreSerin/dialogue_manifest_main01_12.csv,companion_miel,Unity/Client/Assets/_Project/Audio/Voice/Story/Main09/main09_miel_001.wav,f181b5d8aa14cb3489a7ded103a53879,main09_miel_001.wav,True,,False,False,-48.030546920715025,False,companion_miel,companion_miel (미제작은 NONE),NEEDS_LISTENING,,0.85,24000,1,19195056f72801f53af12bfc8d4b4648fcd18d93f321fcd0058b5b7b59169be8,HIGH,SEMANTIC_LISTENING_PRIORITY_HIGH,220,LOW_RMS_BELOW_MINUS45_DBFS;EXTREME_SHORT_TEXT_DURATION_RATIO;MULTI_SENTENCE_SHORT_AUDIO,NEEDS_LISTENING,False,0e17d5a411fadf534241c06c174cd2a34fbaa58d08483ff05f9844fc0ecd7d5a,-48.030546920715025,-17.269877308532873,20400,2,18,Lines/step0,1,1,Lines/step0:1;,LISTEN_COMPARE_FULL_RUNTIME_TEXT
9,Unity/Client/Assets/_Project/Scripts/World/MainQuest09FieldFlow.cs,167,9440,Lines,companion_taeon,태온,빛의 정체는 아직 모릅니다. 남아 있는 흔적부터 보죠.,main09_taeon_001,M09:Unity/Client/Assets/_Project/Scripts/World/MainQuest09FieldFlow.cs:9440,Field_03,2,companion_taeon,companion_taeon,태온,빛의 정체는 아직 모릅니다. 남아 있는 흔적부터 보죠.,빛의 정체는 아직 모릅니다. 남아 있는 흔적부터 보죠.,,,문서\03_스토리\LOCAL_Story_Dialogue_원문_부록.md,빛의 정체는 아직 모릅니다. 남아 있는 흔적부터 보죠.,main09_taeon_001,태온,빛의 정체는 아직 모릅니다. 남아 있는 흔적부터 보죠.,Limitless_TTS_Output_PreSerin/dialogue_manifest_main01_12.csv,companion_taeon,Unity/Client/Assets/_Project/Audio/Voice/Story/Main09/main09_taeon_001.wav,27cd132774da968469ecdd1664228164,main09_taeon_001.wav,True,,False,False,-21.93339021378214,False,companion_taeon,companion_taeon (미제작은 NONE),NEEDS_LISTENING,,3.79,24000,1,6646b2cd4f2b18a6ddc0f56572ff673afe089f7752e9c747e656c5fabd5c954a,LOW,SEMANTIC_LISTENING_PRIORITY_LOW,0,NORMAL_METADATA_SEMANTICS_UNCONFIRMED,NEEDS_LISTENING,False,d6ed85314711f6578c2eab7cf7bd1810a70f1e9ab42e59a526082f021ec9b7ae,-21.93339021378214,-3.4589659736397915,90960,2,21,Lines/step0,1,2,Lines/step0:2;,LISTEN_COMPARE_FULL_RUNTIME_TEXT
9,Unity/Client/Assets/_Project/Scripts/World/MainQuest09FieldFlow.cs,167,9497,Lines,,<PlayerName>,발밑을 확인하면서 따라가겠습니다.,,M09:Unity/Client/Assets/_Project/Scripts/World/MainQuest09FieldFlow.cs:9497,Field_03,3,player,player,플레이어,발밑을 확인하면서 따라가겠습니다.,발밑을 확인하면서 따라가겠습니다.,,,문서\03_스토리\LOCAL_Story_Dialogue_원문_부록.md,발밑을 확인하면서 따라가겠습니다.,,,,,NONE,,,,,,False,False,,False,NONE,NONE,OK,,,,,,NOT_VOICE_TARGET,,,,OK,False,,,,,,,Lines/step0,1,3,Lines/step0:3;,
9,Unity/Client/Assets/_Project/Scripts/World/MainQuest09FieldFlow.cs,168,9563,Lines,companion_taeon,태온,두 줄의 폭이 일정합니다. 이번에는 깊게 빠진 자국이 아니에요.,main09_taeon_002,M09:Unity/Client/Assets/_Project/Scripts/World/MainQuest09FieldFlow.cs:9563,Field_03,4,companion_taeon,companion_taeon,태온,두 줄의 폭이 일정합니다. 이번에는 깊게 빠진 자국이 아니에요.,두 줄의 폭이 일정합니다. 이번에는 깊게 빠진 자국이 아니에요.,,,문서\03_스토리\LOCAL_Story_Dialogue_원문_부록.md,두 줄의 폭이 일정합니다. 이번에는 깊게 빠진 자국이 아니에요.,main09_taeon_002,태온,두 줄의 폭이 일정합니다. 이번에는 깊게 빠진 자국이 아니에요.,Limitless_TTS_Output_PreSerin/dialogue_manifest_main01_12.csv,companion_taeon,Unity/Client/Assets/_Project/Audio/Voice/Story/Main09/main09_taeon_002.wav,c81393bf9138e2e40bd1c791d0e67497,main09_taeon_002.wav,True,,False,False,-18.601095889172214,False,companion_taeon,companion_taeon (미제작은 NONE),NEEDS_LISTENING,,2.22,24000,1,92c4f67b398d98b1bcb6dd50d914a612b30fae78c86278aa434099e5fb7be6c9,LOW,SEMANTIC_LISTENING_PRIORITY_LOW,0,NORMAL_METADATA_SEMANTICS_UNCONFIRMED,NEEDS_LISTENING,False,5f6b5c91f54827fb3a985aad2d300e8ba2882f38e7c9f5af928b42aef5fb299b,-18.601095889172214,-2.7018790508584347,53280,2,25,Lines/step1,2,1,Lines/step1:1;,LISTEN_COMPARE_FULL_RUNTIME_TEXT
9,Unity/Client/Assets/_Project/Scripts/World/MainQuest09FieldFlow.cs,168,9625,Lines,companion_miel,미엘,단단한 지면을 따라 이어져 있네요. 폴 씨도 이쪽으로 가셨을까요?,main09_miel_002,M09:Unity/Client/Assets/_Project/Scripts/World/MainQuest09FieldFlow.cs:9625,Field_03,5,companion_miel,companion_miel,미엘,단단한 지면을 따라 이어져 있네요. 폴 씨도 이쪽으로 가셨을까요?,단단한 지면을 따라 이어져 있네요. 폴 씨도 이쪽으로 가셨을까요?,,,문서\03_스토리\LOCAL_Story_Dialogue_원문_부록.md,단단한 지면을 따라 이어져 있네요. 폴 씨도 이쪽으로 가셨을까요?,main09_miel_002,미엘,단단한 지면을 따라 이어져 있네요. 폴 씨도 이쪽으로 가셨을까요?,Limitless_TTS_Output_PreSerin/dialogue_manifest_main01_12.csv,companion_miel,Unity/Client/Assets/_Project/Audio/Voice/Story/Main09/main09_miel_002.wav,96919c7c02eb3984fb16d086689e0a1b,main09_miel_002.wav,True,,False,False,-20.31385319461783,False,companion_miel,companion_miel (미제작은 NONE),NEEDS_LISTENING,,7.91,24000,1,9631dfe08a488d6fd990a6bdc2870f0f75d9d31b52c9896f5fafc4c025e434f9,LOW,SEMANTIC_LISTENING_PRIORITY_LOW,0,NORMAL_METADATA_SEMANTICS_UNCONFIRMED,NEEDS_LISTENING,False,afc8fe6cc8a20d21637fc1a2d8b5593660f6ceb4289057af4d0f983ef1acdeff,-20.31385319461783,-1.8103864101968066,189840,2,26,Lines/step1,2,2,Lines/step1:2;,LISTEN_COMPARE_FULL_RUNTIME_TEXT
9,Unity/Client/Assets/_Project/Scripts/World/MainQuest09FieldFlow.cs,168,9687,Lines,companion_paul,폴,그 길은 괜찮습니다! 오른쪽 가장자리만 피해주세요.,main09_paul_001,M09:Unity/Client/Assets/_Project/Scripts/World/MainQuest09FieldFlow.cs:9687,Field_03,6,companion_paul,companion_paul,폴,그 길은 괜찮습니다! 오른쪽 가장자리만 피해주세요.,그 길은 괜찮습니다! 오른쪽 가장자리만 피해주세요.,,,문서\03_스토리\LOCAL_Story_Dialogue_원문_부록.md,그 길은 괜찮습니다! 오른쪽 가장자리만 피해주세요.,main09_paul_001,폴,그 길은 괜찮습니다! 오른쪽 가장자리만 피해주세요.,Limitless_TTS_Output_PreSerin/dialogue_manifest_main01_12.csv,companion_paul,Unity/Client/Assets/_Project/Audio/Voice/Story/Main09/main09_paul_001.wav,04ddea22f5bcc0f4d899f7ee0c35e2b3,main09_paul_001.wav,True,,False,False,-20.080842998876918,False,companion_paul,companion_paul (미제작은 NONE),NEEDS_LISTENING,,8.69,24000,1,61c4d1c67e10f9c24500a7e6b51f630601b829641c716c9dc68526f21cbaba7d,LOW,SEMANTIC_LISTENING_PRIORITY_LOW,0,NORMAL_METADATA_SEMANTICS_UNCONFIRMED,NEEDS_LISTENING,False,e66c4eb167a7fa705d8c3897b6a54151a8e51014439e17497f09c66965ccde02,-20.080842998876918,-1.8874548988539233,208560,2,21,Lines/step1,2,3,Lines/step1:3;,LISTEN_COMPARE_FULL_RUNTIME_TEXT
9,Unity/Client/Assets/_Project/Scripts/World/MainQuest09FieldFlow.cs,169,9782,Lines,companion_paul,폴,또 뵙네요. 이번에는 제가 길을 안내해드릴 차례인가 봅니다.,main09_paul_002,M09:Unity/Client/Assets/_Project/Scripts/World/MainQuest09FieldFlow.cs:9782,Field_03,7,companion_paul,companion_paul,폴,또 뵙네요. 이번에는 제가 길을 안내해드릴 차례인가 봅니다.,또 뵙네요. 이번에는 제가 길을 안내해드릴 차례인가 봅니다.,,,문서\03_스토리\LOCAL_Story_Dialogue_원문_부록.md,또 뵙네요. 이번에는 제가 길을 안내해드릴 차례인가 봅니다.,main09_paul_002,폴,또 뵙네요. 이번에는 제가 길을 안내해드릴 차례인가 봅니다.,Limitless_TTS_Output_PreSerin/dialogue_manifest_main01_12.csv,companion_paul,Unity/Client/Assets/_Project/Audio/Voice/Story/Main09/main09_paul_002.wav,7112bf5291306674ba3102afe84f8f51,main09_paul_002.wav,True,,False,False,-49.82162737467309,False,companion_paul,companion_paul (미제작은 NONE),NEEDS_LISTENING,,1.36,24000,1,9f328b8c7cc94880ab65d05eac2b00860f713dde7b69ab8b7597e59ff84b542f,HIGH,SEMANTIC_LISTENING_PRIORITY_HIGH,290,LOW_RMS_BELOW_MINUS45_DBFS;EXTREME_SHORT_TEXT_DURATION_RATIO;MULTI_SENTENCE_SHORT_AUDIO;SAME_SPEAKER_NEARBY_OUTLIER,NEEDS_LISTENING,False,43ca9ce7d080b3e2aeaee1c68546afccd71d229d806c090f4c32ab8e3c4f771c,-49.82162737467309,-31.802756869201367,32640,2,24,Lines/step2,3,1,Lines/step2:1;,LISTEN_COMPARE_FULL_RUNTIME_TEXT
9,Unity/Client/Assets/_Project/Scripts/World/MainQuest09FieldFlow.cs,169,9841,Lines,companion_miel,미엘,혼자 여기까지 오신 거예요? 다치신 곳은요?,main09_miel_003,M09:Unity/Client/Assets/_Project/Scripts/World/MainQuest09FieldFlow.cs:9841,Field_03,8,companion_miel,companion_miel,미엘,혼자 여기까지 오신 거예요? 다치신 곳은요?,혼자 여기까지 오신 거예요? 다치신 곳은요?,,,문서\03_스토리\LOCAL_Story_Dialogue_원문_부록.md,혼자 여기까지 오신 거예요? 다치신 곳은요?,main09_miel_003,미엘,혼자 여기까지 오신 거예요? 다치신 곳은요?,Limitless_TTS_Output_PreSerin/dialogue_manifest_main01_12.csv,companion_miel,Unity/Client/Assets/_Project/Audio/Voice/Story/Main09/main09_miel_003.wav,b2f28b0112526d7459fe642f70d46e61,main09_miel_003.wav,True,,False,False,-18.80068923162102,False,companion_miel,companion_miel (미제작은 NONE),NEEDS_LISTENING,,1.8,24000,1,57e9692a0a4d9579220ebd094451320620cc5401decdb257907e8293e753acb1,HIGH,SEMANTIC_LISTENING_PRIORITY_HIGH,70,MULTI_SENTENCE_SHORT_AUDIO,NEEDS_LISTENING,False,f0438f5cd0a19793ebcc4487b49ea73c2c56e644cddbe368effdcb8e0445acfa,-18.80068923162102,-2.014878547972733,43200,2,17,Lines/step2,3,2,Lines/step2:2;,LISTEN_COMPARE_FULL_RUNTIME_TEXT
9,Unity/Client/Assets/_Project/Scripts/World/MainQuest09FieldFlow.cs,169,9891,Lines,companion_paul,폴,괜찮습니다. 오늘 계획표에는 진흙에 빠지는 일정도 빼뒀고요.,main09_paul_003,M09:Unity/Client/Assets/_Project/Scripts/World/MainQuest09FieldFlow.cs:9891,Field_03,9,companion_paul,companion_paul,폴,괜찮습니다. 오늘 계획표에는 진흙에 빠지는 일정도 빼뒀고요.,괜찮습니다. 오늘 계획표에는 진흙에 빠지는 일정도 빼뒀고요.,,,문서\03_스토리\LOCAL_Story_Dialogue_원문_부록.md,괜찮습니다. 오늘 계획표에는 진흙에 빠지는 일정도 빼뒀고요.,main09_paul_003,폴,괜찮습니다. 오늘 계획표에는 진흙에 빠지는 일정도 빼뒀고요.,Limitless_TTS_Output_PreSerin/dialogue_manifest_main01_12.csv,companion_paul,Unity/Client/Assets/_Project/Audio/Voice/Story/Main09/main09_paul_003.wav,58373051841c4ad4b9535fdef331bc09,main09_paul_003.wav,True,,False,False,-20.794437482882824,False,companion_paul,companion_paul (미제작은 NONE),NEEDS_LISTENING,,7.78,24000,1,56b6d3eeffc5fb722ea7bc7a313b3a56353c0f46aa2f2dc18e39a3dfe6868883,LOW,SEMANTIC_LISTENING_PRIORITY_LOW,0,NORMAL_METADATA_SEMANTICS_UNCONFIRMED,NEEDS_LISTENING,False,2a47907d6473ed1e65b30ea1229d87c074ca8da146ac19c0832750db859b9a4f,-20.794437482882824,-1.8496550886391008,186720,2,25,Lines/step2,3,3,Lines/step2:3;,LISTEN_COMPARE_FULL_RUNTIME_TEXT
9,Unity/Client/Assets/_Project/Scripts/World/MainQuest09FieldFlow.cs,169,9950,Lines,companion_taeon,태온,지나오신 길을 확인하고 계셨습니까?,main09_taeon_003,M09:Unity/Client/Assets/_Project/Scripts/World/MainQuest09FieldFlow.cs:9950,Field_03,10,companion_taeon,companion_taeon,태온,지나오신 길을 확인하고 계셨습니까?,지나오신 길을 확인하고 계셨습니까?,,,문서\03_스토리\LOCAL_Story_Dialogue_원문_부록.md,지나오신 길을 확인하고 계셨습니까?,main09_taeon_003,태온,지나오신 길을 확인하고 계셨습니까?,Limitless_TTS_Output_PreSerin/dialogue_manifest_main01_12.csv,companion_taeon,Unity/Client/Assets/_Project/Audio/Voice/Story/Main09/main09_taeon_003.wav,fe867e905e7701146b5e750bd7eced1e,main09_taeon_003.wav,True,,False,False,-53.812480665388655,False,companion_taeon,companion_taeon (미제작은 NONE),NEEDS_LISTENING,,1.1,24000,1,0450949948a293208ba25cda87c85e877c5847b40e163d09b3666ff4783d9663,HIGH,SEMANTIC_LISTENING_PRIORITY_HIGH,150,LOW_RMS_BELOW_MINUS45_DBFS;SAME_SPEAKER_NEARBY_OUTLIER,NEEDS_LISTENING,False,c92aad8d7c1472ba397c4d529e3af4e8912476fa3a6e046ce97b6e2f6139c842,-53.812480665388655,-26.313895154124864,26400,1,15,Lines/step2,3,4,Lines/step2:4;,LISTEN_COMPARE_FULL_RUNTIME_TEXT
9,Unity/Client/Assets/_Project/Scripts/World/MainQuest09FieldFlow.cs,169,9996,Lines,companion_paul,폴,네. 단단한 땅과 돌아갈 길을 먼저 표시해뒀습니다. 여러분은 괜찮으세요?,main09_paul_004,M09:Unity/Client/Assets/_Project/Scripts/World/MainQuest09FieldFlow.cs:9996,Field_03,11,companion_paul,companion_paul,폴,네. 단단한 땅과 돌아갈 길을 먼저 표시해뒀습니다. 여러분은 괜찮으세요?,네. 단단한 땅과 돌아갈 길을 먼저 표시해뒀습니다. 여러분은 괜찮으세요?,,,문서\03_스토리\LOCAL_Story_Dialogue_원문_부록.md,네. 단단한 땅과 돌아갈 길을 먼저 표시해뒀습니다. 여러분은 괜찮으세요?,main09_paul_004,폴,네. 단단한 땅과 돌아갈 길을 먼저 표시해뒀습니다. 여러분은 괜찮으세요?,Limitless_TTS_Output_PreSerin/dialogue_manifest_main01_12.csv,companion_paul,Unity/Client/Assets/_Project/Audio/Voice/Story/Main09/main09_paul_004.wav,f1082bc6bc5616b4d97dc4ff14c61afe,main09_paul_004.wav,True,,False,False,-19.816038240680015,False,companion_paul,companion_paul (미제작은 NONE),NEEDS_LISTENING,,5.74,24000,1,ee5ded54be0e0fdbe5df324c4d5ebd59b4d91fa8faf502e0d089b40e95d40ef1,MEDIUM,SEMANTIC_LISTENING_PRIORITY_MEDIUM,25,LONG_MULTI_SENTENCE_OR_3_LINES,NEEDS_LISTENING,False,514f774df989458dea6d49af6f8aae30dceea39e13515a34cc2ae5e3eddbe944,-19.816038240680015,-1.8067956483207355,137760,3,29,Lines/step2,3,5,Lines/step2:5;,LISTEN_COMPARE_FULL_RUNTIME_TEXT
9,Unity/Client/Assets/_Project/Scripts/World/MainQuest09FieldFlow.cs,169,10062,Lines,,<PlayerName>,저희도 무사합니다. 서로 확인한 것을 이야기해보죠.,,M09:Unity/Client/Assets/_Project/Scripts/World/MainQuest09FieldFlow.cs:10062,Field_03,12,player,player,플레이어,저희도 무사합니다. 서로 확인한 것을 이야기해보죠.,저희도 무사합니다. 서로 확인한 것을 이야기해보죠.,,,문서\03_스토리\LOCAL_Story_Dialogue_원문_부록.md,저희도 무사합니다. 서로 확인한 것을 이야기해보죠.,,,,,NONE,,,,,,False,False,,False,NONE,NONE,OK,,,,,,NOT_VOICE_TARGET,,,,OK,False,,,,,,,Lines/step2,3,6,Lines/step2:6;,
9,Unity/Client/Assets/_Project/Scripts/World/MainQuest09FieldFlow.cs,170,10138,Lines,,<PlayerName>,몬스터들이 깊은 곳을 둥글게 피하고 있습니다. 안쪽으로 갈수록 수도 줄었고요.,,M09:Unity/Client/Assets/_Project/Scripts/World/MainQuest09FieldFlow.cs:10138,Field_03,13,player,player,플레이어,몬스터들이 깊은 곳을 둥글게 피하고 있습니다. 안쪽으로 갈수록 수도 줄었고요.,몬스터들이 깊은 곳을 둥글게 피하고 있습니다. 안쪽으로 갈수록 수도 줄었고요.,,,문서\03_스토리\LOCAL_Story_Dialogue_원문_부록.md,몬스터들이 깊은 곳을 둥글게 피하고 있습니다. 안쪽으로 갈수록 수도 줄었고요.,,,,,NONE,,,,,,False,False,,False,NONE,NONE,OK,,,,,,NOT_VOICE_TARGET,,,,OK,False,,,,,,,Lines/step3,4,1,Lines/step3:1;,
9,Unity/Client/Assets/_Project/Scripts/World/MainQuest09FieldFlow.cs,170,10188,Lines,companion_taeon,태온,이동 흔적이 방향을 바꾸는 지점이 있었습니다.,main09_taeon_004,M09:Unity/Client/Assets/_Project/Scripts/World/MainQuest09FieldFlow.cs:10188,Field_03,14,companion_taeon,companion_taeon,태온,이동 흔적이 방향을 바꾸는 지점이 있었습니다.,이동 흔적이 방향을 바꾸는 지점이 있었습니다.,,,문서\03_스토리\LOCAL_Story_Dialogue_원문_부록.md,이동 흔적이 방향을 바꾸는 지점이 있었습니다.,main09_taeon_004,태온,이동 흔적이 방향을 바꾸는 지점이 있었습니다.,Limitless_TTS_Output_PreSerin/dialogue_manifest_main01_12.csv,companion_taeon,Unity/Client/Assets/_Project/Audio/Voice/Story/Main09/main09_taeon_004.wav,915588a321d5a124385d01a5887e83e0,main09_taeon_004.wav,True,,False,False,-19.23781658207814,False,companion_taeon,companion_taeon (미제작은 NONE),NEEDS_LISTENING,,2.63,24000,1,4a496f5a8eecc4dd199fb4a607873c8210ad68245c48cada1f1ed740bbc5c7f5,LOW,SEMANTIC_LISTENING_PRIORITY_LOW,0,NORMAL_METADATA_SEMANTICS_UNCONFIRMED,NEEDS_LISTENING,False,7dd5751e9fcfe81e81bd899eb87631a6532d3f4741c0047234da07c45efb4aa8,-19.23781658207814,-2.2562064412525076,63120,1,19,Lines/step3,4,2,Lines/step3:2;,LISTEN_COMPARE_FULL_RUNTIME_TEXT
9,Unity/Client/Assets/_Project/Scripts/World/MainQuest09FieldFlow.cs,170,10240,Lines,companion_miel,미엘,조금 전에는 짧게 푸른 빛도 봤어요.,main09_miel_004,M09:Unity/Client/Assets/_Project/Scripts/World/MainQuest09FieldFlow.cs:10240,Field_03,15,companion_miel,companion_miel,미엘,조금 전에는 짧게 푸른 빛도 봤어요.,조금 전에는 짧게 푸른 빛도 봤어요.,,,문서\03_스토리\LOCAL_Story_Dialogue_원문_부록.md,조금 전에는 짧게 푸른 빛도 봤어요.,main09_miel_004,미엘,조금 전에는 짧게 푸른 빛도 봤어요.,Limitless_TTS_Output_PreSerin/dialogue_manifest_main01_12.csv,companion_miel,Unity/Client/Assets/_Project/Audio/Voice/Story/Main09/main09_miel_004.wav,dd03a20a1e85aea479e0e14e4991b280,main09_miel_004.wav,True,,False,False,-20.239015585216027,False,companion_miel,companion_miel (미제작은 NONE),NEEDS_LISTENING,,5.54,24000,1,e6a93e4ea97d68f931102bc536d16621b1fa224630e000eadb41307d15303950,LOW,SEMANTIC_LISTENING_PRIORITY_LOW,0,NORMAL_METADATA_SEMANTICS_UNCONFIRMED,NEEDS_LISTENING,False,e59e8ea6cf98debaf936a359a925a994ffda106cd2d3eb4ac3786cdb8aa66260,-20.239015585216027,-3.67761867513483,132960,1,14,Lines/step3,4,3,Lines/step3:3;,LISTEN_COMPARE_FULL_RUNTIME_TEXT
9,Unity/Client/Assets/_Project/Scripts/World/MainQuest09FieldFlow.cs,170,10286,Lines,companion_paul,폴,"빛은 저도 봤습니다. 제 마법인지부터 묻고 싶으시겠지만, 저도 답을 찾는 중입니다.",main09_paul_005,M09:Unity/Client/Assets/_Project/Scripts/World/MainQuest09FieldFlow.cs:10286,Field_03,16,companion_paul,companion_paul,폴,"빛은 저도 봤습니다. 제 마법인지부터 묻고 싶으시겠지만, 저도 답을 찾는 중입니다.","빛은 저도 봤습니다. 제 마법인지부터 묻고 싶으시겠지만, 저도 답을 찾는 중입니다.",,,문서\03_스토리\LOCAL_Story_Dialogue_원문_부록.md,"빛은 저도 봤습니다. 제 마법인지부터 묻고 싶으시겠지만, 저도 답을 찾는 중입니다.",main09_paul_005,폴,"빛은 저도 봤습니다. 제 마법인지부터 묻고 싶으시겠지만, 저도 답을 찾는 중입니다.",Limitless_TTS_Output_PreSerin/dialogue_manifest_main01_12.csv,companion_paul,Unity/Client/Assets/_Project/Audio/Voice/Story/Main09/main09_paul_005.wav,47d4588560ce2824b8c9a019e7566e6f,main09_paul_005.wav,True,,False,False,-20.035780047506275,False,companion_paul,companion_paul (미제작은 NONE),NEEDS_LISTENING,,13.43,24000,1,851caaf6a63be9a0ab0b871ede86927513f3efa80266d16f3d54367a16b2eb22,LOW,SEMANTIC_LISTENING_PRIORITY_LOW,0,NORMAL_METADATA_SEMANTICS_UNCONFIRMED,NEEDS_LISTENING,False,fbdba19dea167b3feca2e0e95d13bb464b8f6066a68b14986a33b0074f2c31a2,-20.035780047506275,-3.474374547167574,322320,2,33,Lines/step3,4,4,Lines/step3:4;,LISTEN_COMPARE_FULL_RUNTIME_TEXT
9,Unity/Client/Assets/_Project/Scripts/World/MainQuest09FieldFlow.cs,170,10358,Lines,companion_paul,폴,제가 지나온 길에서는 마력 흐름이 한 방향으로 치우쳐 있었습니다. 평소 숲의 지형과 다른 석재도 발견했고요.,main09_paul_006,M09:Unity/Client/Assets/_Project/Scripts/World/MainQuest09FieldFlow.cs:10358,Field_03,17,companion_paul,companion_paul,폴,제가 지나온 길에서는 마력 흐름이 한 방향으로 치우쳐 있었습니다. 평소 숲의 지형과 다른 석재도 발견했고요.,제가 지나온 길에서는 마력 흐름이 한 방향으로 치우쳐 있었습니다. 평소 숲의 지형과 다른 석재도 발견했고요.,,,문서\03_스토리\LOCAL_Story_Dialogue_원문_부록.md,제가 지나온 길에서는 마력 흐름이 한 방향으로 치우쳐 있었습니다. 평소 숲의 지형과 다른 석재도 발견했고요.,main09_paul_006,폴,제가 지나온 길에서는 마력 흐름이 한 방향으로 치우쳐 있었습니다. 평소 숲의 지형과 다른 석재도 발견했고요.,Limitless_TTS_Output_PreSerin/dialogue_manifest_main01_12.csv,companion_paul,Unity/Client/Assets/_Project/Audio/Voice/Story/Main09/main09_paul_006.wav,f69894263646ba4418cf80cf8be14f7d,main09_paul_006.wav,True,,False,False,-57.60336573536967,False,companion_paul,companion_paul (미제작은 NONE),NEEDS_LISTENING,,2.04,24000,1,9dc90b03ca4c3d92840531d19d43987f30ffed0bb9a433f0be0af3e460221dc5,HIGH,SEMANTIC_LISTENING_PRIORITY_HIGH,315,LOW_RMS_BELOW_MINUS45_DBFS;EXTREME_SHORT_TEXT_DURATION_RATIO;MULTI_SENTENCE_SHORT_AUDIO;SAME_SPEAKER_NEARBY_OUTLIER;LONG_MULTI_SENTENCE_OR_3_LINES,NEEDS_LISTENING,False,75a31f0fbefc2bf9a1319d290e5e86515de5d2373b6a70de77f9c336d2572f8e,-57.60336573536967,-38.289540785459394,48960,2,44,Lines/step3,4,5,Lines/step3:5;,LISTEN_COMPARE_FULL_RUNTIME_TEXT
9,Unity/Client/Assets/_Project/Scripts/World/MainQuest09FieldFlow.cs,170,10444,Lines,companion_paul,폴,"제가 확인한 건 여기까지입니다. 서로 관련이 있는지, 원인이 무엇인지는 아직 모릅니다.",main09_paul_007,M09:Unity/Client/Assets/_Project/Scripts/World/MainQuest09FieldFlow.cs:10444,Field_03,18,companion_paul,companion_paul,폴,"제가 확인한 건 여기까지입니다. 서로 관련이 있는지, 원인이 무엇인지는 아직 모릅니다.","제가 확인한 건 여기까지입니다. 서로 관련이 있는지, 원인이 무엇인지는 아직 모릅니다.",,,문서\03_스토리\LOCAL_Story_Dialogue_원문_부록.md,"제가 확인한 건 여기까지입니다. 서로 관련이 있는지, 원인이 무엇인지는 아직 모릅니다.",main09_paul_007,폴,"제가 확인한 건 여기까지입니다. 서로 관련이 있는지, 원인이 무엇인지는 아직 모릅니다.",Limitless_TTS_Output_PreSerin/dialogue_manifest_main01_12.csv,companion_paul,Unity/Client/Assets/_Project/Audio/Voice/Story/Main09/main09_paul_007.wav,a3ef75d9992c19d4394506c07148c5fb,main09_paul_007.wav,True,,False,False,-21.693874985389968,False,companion_paul,companion_paul (미제작은 NONE),NEEDS_LISTENING,,7.05,24000,1,6072db148a4497bdc49046dddc1c82f6726adfd5a1ad59104b5e7f4c064c9da2,MEDIUM,SEMANTIC_LISTENING_PRIORITY_MEDIUM,25,LONG_MULTI_SENTENCE_OR_3_LINES,NEEDS_LISTENING,False,4f30aa30230741d4eca1dc955c14b5489d2a7d21c76a5e5b2683f09b4563001b,-21.693874985389968,-3.9740801457757238,169200,2,35,Lines/step3,4,6,Lines/step3:6;,LISTEN_COMPARE_FULL_RUNTIME_TEXT
9,Unity/Client/Assets/_Project/Scripts/World/MainQuest09FieldFlow.cs,170,10518,Lines,companion_taeon,태온,사실과 추측을 나눠두는 게 좋겠습니다.,main09_taeon_005,M09:Unity/Client/Assets/_Project/Scripts/World/MainQuest09FieldFlow.cs:10518,Field_03,19,companion_taeon,companion_taeon,태온,사실과 추측을 나눠두는 게 좋겠습니다.,사실과 추측을 나눠두는 게 좋겠습니다.,,,문서\03_스토리\LOCAL_Story_Dialogue_원문_부록.md,사실과 추측을 나눠두는 게 좋겠습니다.,main09_taeon_005,태온,사실과 추측을 나눠두는 게 좋겠습니다.,Limitless_TTS_Output_PreSerin/dialogue_manifest_main01_12.csv,companion_taeon,Unity/Client/Assets/_Project/Audio/Voice/Story/Main09/main09_taeon_005.wav,54299ab5a8c11a04abf8cdb4e14fae3e,main09_taeon_005.wav,True,,False,False,-18.991821654539773,False,companion_taeon,companion_taeon (미제작은 NONE),NEEDS_LISTENING,,3.12,24000,1,600634a91e30730bb9a804a6678f35dd242e13cd187c5a52cfa96ea3083c27d0,LOW,SEMANTIC_LISTENING_PRIORITY_LOW,0,NORMAL_METADATA_SEMANTICS_UNCONFIRMED,NEEDS_LISTENING,False,3bc0dc239a9c57a82fb5349fe37232050c7f9be81a09aa0303ebaa5e26c7aba7,-18.991821654539773,-1.6428847250318999,74880,1,16,Lines/step3,4,7,Lines/step3:7;,LISTEN_COMPARE_FULL_RUNTIME_TEXT
9,Unity/Client/Assets/_Project/Scripts/World/MainQuest09FieldFlow.cs,170,10566,Lines,companion_paul,폴,동의합니다. 석재는 저쪽 낮은 지점에 있습니다. 가장자리 지반은 밟지 마세요.,main09_paul_008,M09:Unity/Client/Assets/_Project/Scripts/World/MainQuest09FieldFlow.cs:10566,Field_03,20,companion_paul,companion_paul,폴,동의합니다. 석재는 저쪽 낮은 지점에 있습니다. 가장자리 지반은 밟지 마세요.,동의합니다. 석재는 저쪽 낮은 지점에 있습니다. 가장자리 지반은 밟지 마세요.,,,문서\03_스토리\LOCAL_Story_Dialogue_원문_부록.md,동의합니다. 석재는 저쪽 낮은 지점에 있습니다. 가장자리 지반은 밟지 마세요.,main09_paul_008,폴,동의합니다. 석재는 저쪽 낮은 지점에 있습니다. 가장자리 지반은 밟지 마세요.,Limitless_TTS_Output_PreSerin/dialogue_manifest_main01_12.csv,companion_paul,Unity/Client/Assets/_Project/Audio/Voice/Story/Main09/main09_paul_008.wav,3df5297cc657b874083e57af7365d30a,main09_paul_008.wav,True,,False,False,-51.326909419225295,False,companion_paul,companion_paul (미제작은 NONE),NEEDS_LISTENING,,2.03,24000,1,fcbab9203f4eb803ce70d6aa8527f66a564c4e33a4b0d37e9a1aa1b16cef8937,HIGH,SEMANTIC_LISTENING_PRIORITY_HIGH,315,LOW_RMS_BELOW_MINUS45_DBFS;EXTREME_SHORT_TEXT_DURATION_RATIO;MULTI_SENTENCE_SHORT_AUDIO;SAME_SPEAKER_NEARBY_OUTLIER;LONG_MULTI_SENTENCE_OR_3_LINES,NEEDS_LISTENING,False,cf87d53cf0c9f921a602f044022bdf99bed40bd63eedfee74665e20765bf2b96,-51.326909419225295,-33.25939882645723,48720,3,31,Lines/step3,4,8,Lines/step3:8;,LISTEN_COMPARE_FULL_RUNTIME_TEXT
9,Unity/Client/Assets/_Project/Scripts/World/MainQuest09FieldFlow.cs,171,10676,Lines,companion_taeon,태온,모서리의 간격이 반복됩니다. 자연 암반과는 다릅니다.,main09_taeon_006,M09:Unity/Client/Assets/_Project/Scripts/World/MainQuest09FieldFlow.cs:10676,Field_03,21,companion_taeon,companion_taeon,태온,모서리의 간격이 반복됩니다. 자연 암반과는 다릅니다.,모서리의 간격이 반복됩니다. 자연 암반과는 다릅니다.,,,문서\03_스토리\LOCAL_Story_Dialogue_원문_부록.md,모서리의 간격이 반복됩니다. 자연 암반과는 다릅니다.,main09_taeon_006,태온,모서리의 간격이 반복됩니다. 자연 암반과는 다릅니다.,Limitless_TTS_Output_PreSerin/dialogue_manifest_main01_12.csv,companion_taeon,Unity/Client/Assets/_Project/Audio/Voice/Story/Main09/main09_taeon_006.wav,4ed27735db844d340b2e914eaade7200,main09_taeon_006.wav,True,,False,False,-18.822228312388155,False,companion_taeon,companion_taeon (미제작은 NONE),NEEDS_LISTENING,,3.79,24000,1,96c3f719c47791839a847b1725d08b4aff986a61abfee75e4df88b17141ffd5c,LOW,SEMANTIC_LISTENING_PRIORITY_LOW,0,NORMAL_METADATA_SEMANTICS_UNCONFIRMED,NEEDS_LISTENING,False,e27349e3e698ac9ea3f35f9dbdf3c84d286632fbecd727ec49ddc1059615c850,-18.822228312388155,-2.9406574844231255,90960,2,22,Lines/step4,5,1,Lines/step4:1;,LISTEN_COMPARE_FULL_RUNTIME_TEXT
9,Unity/Client/Assets/_Project/Scripts/World/MainQuest09FieldFlow.cs,171,10732,Lines,companion_paul,폴,"표면에 가공한 자국도 있습니다. 오래된 구조물 일부로 보이지만, 용도는 모르겠습니다.",main09_paul_009,M09:Unity/Client/Assets/_Project/Scripts/World/MainQuest09FieldFlow.cs:10732,Field_03,22,companion_paul,companion_paul,폴,"표면에 가공한 자국도 있습니다. 오래된 구조물 일부로 보이지만, 용도는 모르겠습니다.","표면에 가공한 자국도 있습니다. 오래된 구조물 일부로 보이지만, 용도는 모르겠습니다.",,,문서\03_스토리\LOCAL_Story_Dialogue_원문_부록.md,"표면에 가공한 자국도 있습니다. 오래된 구조물 일부로 보이지만, 용도는 모르겠습니다.",main09_paul_009,폴,"표면에 가공한 자국도 있습니다. 오래된 구조물 일부로 보이지만, 용도는 모르겠습니다.",Limitless_TTS_Output_PreSerin/dialogue_manifest_main01_12.csv,companion_paul,Unity/Client/Assets/_Project/Audio/Voice/Story/Main09/main09_paul_009.wav,4caaed697d7520b469240192c708f32b,main09_paul_009.wav,True,,False,False,-20.088083359433078,False,companion_paul,companion_paul (미제작은 NONE),NEEDS_LISTENING,,7.15,24000,1,2aa88b1cd2936f724b3c4a7d606d8ab2490f3c446081b8b829dd9ad4c5ddefe3,MEDIUM,SEMANTIC_LISTENING_PRIORITY_MEDIUM,25,LONG_MULTI_SENTENCE_OR_3_LINES,NEEDS_LISTENING,False,0f87ac281781b56a9f8301e186602d258401bdeb44148ba9bd0e84bb19b1b673,-20.088083359433078,-2.8103676196305956,171600,2,35,Lines/step4,5,2,Lines/step4:2;,LISTEN_COMPARE_FULL_RUNTIME_TEXT
9,Unity/Client/Assets/_Project/Scripts/World/MainQuest09FieldFlow.cs,171,10805,Lines,companion_miel,미엘,흙 아래로 더 이어지는 것 같아요.,main09_miel_005,M09:Unity/Client/Assets/_Project/Scripts/World/MainQuest09FieldFlow.cs:10805,Field_03,23,companion_miel,companion_miel,미엘,흙 아래로 더 이어지는 것 같아요.,흙 아래로 더 이어지는 것 같아요.,,,문서\03_스토리\LOCAL_Story_Dialogue_원문_부록.md,흙 아래로 더 이어지는 것 같아요.,main09_miel_005,미엘,흙 아래로 더 이어지는 것 같아요.,Limitless_TTS_Output_PreSerin/dialogue_manifest_main01_12.csv,companion_miel,Unity/Client/Assets/_Project/Audio/Voice/Story/Main09/main09_miel_005.wav,e7423e79e172f984ca9fb2a9fdafdf06,main09_miel_005.wav,True,,False,False,-18.64137919217763,False,companion_miel,companion_miel (미제작은 NONE),NEEDS_LISTENING,,3.61,24000,1,5106543f46c668284f6c0dbbc0fb6732808216b013d8f0ca95bb6118bfe5af62,LOW,SEMANTIC_LISTENING_PRIORITY_LOW,0,NORMAL_METADATA_SEMANTICS_UNCONFIRMED,NEEDS_LISTENING,False,6ab23ae410168cb3db61e532da1ea7381446e206014985ada0307b967b40cbd0,-18.64137919217763,-3.3149024860701464,86640,1,13,Lines/step4,5,3,Lines/step4:3;,LISTEN_COMPARE_FULL_RUNTIME_TEXT
9,Unity/Client/Assets/_Project/Scripts/World/MainQuest09FieldFlow.cs,171,10850,Lines,,<PlayerName>,지금 보이는 부분만 기록하죠. 아래가 안전한지는 아직 모르니까요.,,M09:Unity/Client/Assets/_Project/Scripts/World/MainQuest09FieldFlow.cs:10850,Field_03,24,player,player,플레이어,지금 보이는 부분만 기록하죠. 아래가 안전한지는 아직 모르니까요.,지금 보이는 부분만 기록하죠. 아래가 안전한지는 아직 모르니까요.,,,문서\03_스토리\LOCAL_Story_Dialogue_원문_부록.md,지금 보이는 부분만 기록하죠. 아래가 안전한지는 아직 모르니까요.,,,,,NONE,,,,,,False,False,,False,NONE,NONE,OK,,,,,,NOT_VOICE_TARGET,,,,OK,False,,,,,,,Lines/step4,5,4,Lines/step4:4;,
9,Unity/Client/Assets/_Project/Scripts/World/MainQuest09FieldFlow.cs,171,10893,Lines,companion_paul,폴,좋습니다. 무너진 부분과 돌아갈 길을 표시해두겠습니다.,main09_paul_010,M09:Unity/Client/Assets/_Project/Scripts/World/MainQuest09FieldFlow.cs:10893,Field_03,25,companion_paul,companion_paul,폴,좋습니다. 무너진 부분과 돌아갈 길을 표시해두겠습니다.,좋습니다. 무너진 부분과 돌아갈 길을 표시해두겠습니다.,,,문서\03_스토리\LOCAL_Story_Dialogue_원문_부록.md,좋습니다. 무너진 부분과 돌아갈 길을 표시해두겠습니다.,main09_paul_010,폴,좋습니다. 무너진 부분과 돌아갈 길을 표시해두겠습니다.,Limitless_TTS_Output_PreSerin/dialogue_manifest_main01_12.csv,companion_paul,Unity/Client/Assets/_Project/Audio/Voice/Story/Main09/main09_paul_010.wav,5da29f468c0e12248ae0cb53b273b077,main09_paul_010.wav,True,,False,False,-21.93843718408936,False,companion_paul,companion_paul (미제작은 NONE),NEEDS_LISTENING,,12.78,24000,1,a7dee6e3fab0e102fc07ed61b4a47f27bd6699532d9918bf30b539d34992f270,LOW,SEMANTIC_LISTENING_PRIORITY_LOW,0,NORMAL_METADATA_SEMANTICS_UNCONFIRMED,NEEDS_LISTENING,False,38917510a3b495a18b96bff684e4ddfea184faa7f96e6ea8da144f2fb8dc98c5,-21.93843718408936,-3.5650065917227374,306720,2,23,Lines/step4,5,5,Lines/step4:5;,LISTEN_COMPARE_FULL_RUNTIME_TEXT
9,Unity/Client/Assets/_Project/Scripts/World/MainQuest09FieldFlow.cs,172,10991,Lines,companion_paul,폴,각자 본 것만으로는 놓치는 게 있네요. 현상도 여기서 끝난 것 같지 않고요.,main09_paul_011,M09:Unity/Client/Assets/_Project/Scripts/World/MainQuest09FieldFlow.cs:10991,Field_03,26,companion_paul,companion_paul,폴,각자 본 것만으로는 놓치는 게 있네요. 현상도 여기서 끝난 것 같지 않고요.,각자 본 것만으로는 놓치는 게 있네요. 현상도 여기서 끝난 것 같지 않고요.,,,문서\03_스토리\LOCAL_Story_Dialogue_원문_부록.md,각자 본 것만으로는 놓치는 게 있네요. 현상도 여기서 끝난 것 같지 않고요.,main09_paul_011,폴,각자 본 것만으로는 놓치는 게 있네요. 현상도 여기서 끝난 것 같지 않고요.,Limitless_TTS_Output_PreSerin/dialogue_manifest_main01_12.csv,companion_paul,Unity/Client/Assets/_Project/Audio/Voice/Story/Main09/main09_paul_011.wav,3b4b32129a407cb42a92e1e3ed5c3337,main09_paul_011.wav,True,,False,False,-21.027261814965176,False,companion_paul,companion_paul (미제작은 NONE),NEEDS_LISTENING,,6.69,24000,1,f493b6ac4fc4890c58a09de4f0ac50c2ff3fee26597c5f0fd10d9a23777bfb08,LOW,SEMANTIC_LISTENING_PRIORITY_LOW,0,NORMAL_METADATA_SEMANTICS_UNCONFIRMED,NEEDS_LISTENING,False,ae9b55101f95d4b20e176ca5d4949a5f62dded9cff6d012b97ecca82edb3e27e,-21.027261814965176,-2.0118705633824776,160560,2,29,Lines/step5,6,1,Lines/step5:1;,LISTEN_COMPARE_FULL_RUNTIME_TEXT
9,Unity/Client/Assets/_Project/Scripts/World/MainQuest09FieldFlow.cs,172,11059,Lines,companion_paul,폴,"같은 방향을 조사하고 있으니, 계속 정보를 나누는 편이 합리적이겠습니다. 저도 함께 가도 될까요?",main09_paul_012,M09:Unity/Client/Assets/_Project/Scripts/World/MainQuest09FieldFlow.cs:11059,Field_03,27,companion_paul,companion_paul,폴,"같은 방향을 조사하고 있으니, 계속 정보를 나누는 편이 합리적이겠습니다. 저도 함께 가도 될까요?","같은 방향을 조사하고 있으니, 계속 정보를 나누는 편이 합리적이겠습니다. 저도 함께 가도 될까요?",,,문서\03_스토리\LOCAL_Story_Dialogue_원문_부록.md,"같은 방향을 조사하고 있으니, 계속 정보를 나누는 편이 합리적이겠습니다. 저도 함께 가도 될까요?",main09_paul_012,폴,"같은 방향을 조사하고 있으니, 계속 정보를 나누는 편이 합리적이겠습니다. 저도 함께 가도 될까요?",Limitless_TTS_Output_PreSerin/dialogue_manifest_main01_12.csv,companion_paul,Unity/Client/Assets/_Project/Audio/Voice/Story/Main09/main09_paul_012.wav,d2450c4dc9dec184caf132c7d84eb2f4,main09_paul_012.wav,True,,False,False,-20.442938697709675,False,companion_paul,companion_paul (미제작은 NONE),NEEDS_LISTENING,,9.99,24000,1,527098a79c9ae68126fd3f5cab955878855d0b084bd66c14e62a40635fecd85a,MEDIUM,SEMANTIC_LISTENING_PRIORITY_MEDIUM,25,LONG_MULTI_SENTENCE_OR_3_LINES,NEEDS_LISTENING,False,50c47c40658f6380aaa7e10b898e8f6a1fa7dcd4158e6302dc46bc0338e24368,-20.442938697709675,-3.4526524064796993,239760,2,39,Lines/step5,6,2,Lines/step5:2;,LISTEN_COMPARE_FULL_RUNTIME_TEXT
9,Unity/Client/Assets/_Project/Scripts/World/MainQuest09FieldFlow.cs,172,11139,Lines,,<PlayerName>,함께 가죠. 확인한 것을 서로 알려주면 좋겠습니다.,,M09:Unity/Client/Assets/_Project/Scripts/World/MainQuest09FieldFlow.cs:11139,Field_03,28,player,player,플레이어,함께 가죠. 확인한 것을 서로 알려주면 좋겠습니다.,함께 가죠. 확인한 것을 서로 알려주면 좋겠습니다.,,,문서\03_스토리\LOCAL_Story_Dialogue_원문_부록.md,함께 가죠. 확인한 것을 서로 알려주면 좋겠습니다.,,,,,NONE,,,,,,False,False,,False,NONE,NONE,OK,,,,,,NOT_VOICE_TARGET,,,,OK,False,,,,,,,Lines/step5,6,3,Lines/step5:3;,
9,Unity/Client/Assets/_Project/Scripts/World/MainQuest09FieldFlow.cs,172,11174,Lines,companion_taeon,태온,안전한 경로부터 같이 확인하겠습니다.,main09_taeon_007,M09:Unity/Client/Assets/_Project/Scripts/World/MainQuest09FieldFlow.cs:11174,Field_03,29,companion_taeon,companion_taeon,태온,안전한 경로부터 같이 확인하겠습니다.,안전한 경로부터 같이 확인하겠습니다.,,,문서\03_스토리\LOCAL_Story_Dialogue_원문_부록.md,안전한 경로부터 같이 확인하겠습니다.,main09_taeon_007,태온,안전한 경로부터 같이 확인하겠습니다.,Limitless_TTS_Output_PreSerin/dialogue_manifest_main01_12.csv,companion_taeon,Unity/Client/Assets/_Project/Audio/Voice/Story/Main09/main09_taeon_007.wav,5c1aab0e96029024bb6f21c6105952e0,main09_taeon_007.wav,True,,False,False,-19.251333552880645,False,companion_taeon,companion_taeon (미제작은 NONE),NEEDS_LISTENING,,8.52,24000,1,ab53ebb7bf6909f91791ccd3d296c38dd957dbe59985231e5c9a257a727927bb,LOW,SEMANTIC_LISTENING_PRIORITY_LOW,0,NORMAL_METADATA_SEMANTICS_UNCONFIRMED,NEEDS_LISTENING,False,2e41f68e37e0abe46fc691e8ec811451fd0c3046b5c9124fdfb02c00324d9653,-19.251333552880645,-2.497361128185653,204480,1,16,Lines/step5,6,4,Lines/step5:4;,LISTEN_COMPARE_FULL_RUNTIME_TEXT
9,Unity/Client/Assets/_Project/Scripts/World/MainQuest09FieldFlow.cs,172,11221,Lines,companion_miel,미엘,쉬어야 할 때도 말씀해주세요. 그건 모두에게 하는 말이에요.,main09_miel_006,M09:Unity/Client/Assets/_Project/Scripts/World/MainQuest09FieldFlow.cs:11221,Field_03,30,companion_miel,companion_miel,미엘,쉬어야 할 때도 말씀해주세요. 그건 모두에게 하는 말이에요.,쉬어야 할 때도 말씀해주세요. 그건 모두에게 하는 말이에요.,,,문서\03_스토리\LOCAL_Story_Dialogue_원문_부록.md,쉬어야 할 때도 말씀해주세요. 그건 모두에게 하는 말이에요.,main09_miel_006,미엘,쉬어야 할 때도 말씀해주세요. 그건 모두에게 하는 말이에요.,Limitless_TTS_Output_PreSerin/dialogue_manifest_main01_12.csv,companion_miel,Unity/Client/Assets/_Project/Audio/Voice/Story/Main09/main09_miel_006.wav,61ecf2dfea900c7459fabab2ef9be9e0,main09_miel_006.wav,True,,False,False,-20.94017816936711,False,companion_miel,companion_miel (미제작은 NONE),NEEDS_LISTENING,,3.96,24000,1,ce60b0a83fd72078043ebb20f1ecb066e431cbc7b9351f0f9d7b0a01180bb91a,LOW,SEMANTIC_LISTENING_PRIORITY_LOW,0,NORMAL_METADATA_SEMANTICS_UNCONFIRMED,NEEDS_LISTENING,False,a96b3999af89160f4fcc90559782c0a638394b81097377d1d2222c68f863a669,-20.94017816936711,-4.930889874954072,95040,2,24,Lines/step5,6,5,Lines/step5:5;,LISTEN_COMPARE_FULL_RUNTIME_TEXT
9,Unity/Client/Assets/_Project/Scripts/World/MainQuest09FieldFlow.cs,172,11280,Lines,companion_paul,폴,그럼 쉬는 시간도 계획에 넣겠습니다. 빈칸을 남겨둔 보람이 있네요.,main09_paul_013,M09:Unity/Client/Assets/_Project/Scripts/World/MainQuest09FieldFlow.cs:11280,Field_03,31,companion_paul,companion_paul,폴,그럼 쉬는 시간도 계획에 넣겠습니다. 빈칸을 남겨둔 보람이 있네요.,그럼 쉬는 시간도 계획에 넣겠습니다. 빈칸을 남겨둔 보람이 있네요.,,,문서\03_스토리\LOCAL_Story_Dialogue_원문_부록.md,그럼 쉬는 시간도 계획에 넣겠습니다. 빈칸을 남겨둔 보람이 있네요.,main09_paul_013,폴,그럼 쉬는 시간도 계획에 넣겠습니다. 빈칸을 남겨둔 보람이 있네요.,Limitless_TTS_Output_PreSerin/dialogue_manifest_main01_12.csv,companion_paul,Unity/Client/Assets/_Project/Audio/Voice/Story/Main09/main09_paul_013.wav,e474ffa4b994df34abb6c6bb4379959f,main09_paul_013.wav,True,,False,False,-57.069684881919585,False,companion_paul,companion_paul (미제작은 NONE),NEEDS_LISTENING,,1.17,24000,1,115807f9b57c25c1948fe400ce94f3bcf94fe73e4bed43f70517cf08124b5739,HIGH,SEMANTIC_LISTENING_PRIORITY_HIGH,290,LOW_RMS_BELOW_MINUS45_DBFS;EXTREME_SHORT_TEXT_DURATION_RATIO;MULTI_SENTENCE_SHORT_AUDIO;SAME_SPEAKER_NEARBY_OUTLIER,NEEDS_LISTENING,False,d438c1e960dc0dc672ef4e1a8a7cef15b7844f047e2e534f026e1c113e66f1e6,-57.069684881919585,-39.402856369877874,28080,2,27,Lines/step5,6,6,Lines/step5:6;,LISTEN_COMPARE_FULL_RUNTIME_TEXT
9,Unity/Client/Assets/_Project/Scripts/World/MainQuest09FieldFlow.cs,172,11343,Lines,companion_paul,폴,"우선 여기서 정리하고, 더 깊은 곳은 준비해서 확인하죠.",main09_paul_014,M09:Unity/Client/Assets/_Project/Scripts/World/MainQuest09FieldFlow.cs:11343,Field_03,32,companion_paul,companion_paul,폴,"우선 여기서 정리하고, 더 깊은 곳은 준비해서 확인하죠.","우선 여기서 정리하고, 더 깊은 곳은 준비해서 확인하죠.",,,문서\03_스토리\LOCAL_Story_Dialogue_원문_부록.md,"우선 여기서 정리하고, 더 깊은 곳은 준비해서 확인하죠.",main09_paul_014,폴,"우선 여기서 정리하고, 더 깊은 곳은 준비해서 확인하죠.",Limitless_TTS_Output_PreSerin/dialogue_manifest_main01_12.csv,companion_paul,Unity/Client/Assets/_Project/Audio/Voice/Story/Main09/main09_paul_014.wav,926efb74af315254c819b5c96f5b2d3b,main09_paul_014.wav,True,,False,False,-20.41638015752044,False,companion_paul,companion_paul (미제작은 NONE),NEEDS_LISTENING,,6.15,24000,1,d9d1b3d9eb9951881567758a93a8a742b8911ae23f6d9f7107dba63377e4af97,LOW,SEMANTIC_LISTENING_PRIORITY_LOW,0,NORMAL_METADATA_SEMANTICS_UNCONFIRMED,NEEDS_LISTENING,False,4c03bccefe633e8bc4483aebdf5a61a0f2dd1d9644be906320e1be1f71323185,-20.41638015752044,-3.5155982143052498,147600,1,22,Lines/step5,6,7,Lines/step5:7;,LISTEN_COMPARE_FULL_RUNTIME_TEXT
10,Unity/Client/Assets/_Project/Scripts/World/MainQuest10FieldFlow.cs,151,7694,TryInteract,,<PlayerName>,입구를 확인했다. 내려가기 전 준비를 마치고 다시 돌아오자.,,M10:Unity/Client/Assets/_Project/Scripts/World/MainQuest10FieldFlow.cs:7694,Field_03/Dungeon_01,1,player,player,플레이어,입구를 확인했다. 내려가기 전 준비를 마치고 다시 돌아오자.,입구를 확인했다. 내려가기 전 준비를 마치고 다시 돌아오자.,,,문서\03_스토리\LOCAL_Story_Dialogue_원문_부록.md,입구를 확인했다. 내려가기 전 준비를 마치고 다시 돌아오자.,,,,,NONE,,,,,,False,False,,False,NONE,NONE,OK,,,,,,NOT_VOICE_TARGET,,,,OK,False,,,,,,,BattleRetry,7,1,,
10,Unity/Client/Assets/_Project/Scripts/World/MainQuest10FieldFlow.cs,204,10664,Lines,companion_taeon,태온,폴이 가리킨 석재가 여기입니다. 주변 흙과 모서리의 방향이 다릅니다.,main10_taeon_001,M10:Unity/Client/Assets/_Project/Scripts/World/MainQuest10FieldFlow.cs:10664,Field_03/Dungeon_01,1,companion_taeon,companion_taeon,태온,폴이 가리킨 석재가 여기입니다. 주변 흙과 모서리의 방향이 다릅니다.,폴이 가리킨 석재가 여기입니다. 주변 흙과 모서리의 방향이 다릅니다.,,,문서\03_스토리\LOCAL_Story_Dialogue_원문_부록.md,폴이 가리킨 석재가 여기입니다. 주변 흙과 모서리의 방향이 다릅니다.,main10_taeon_001,태온,폴이 가리킨 석재가 여기입니다. 주변 흙과 모서리의 방향이 다릅니다.,Limitless_TTS_Output_PreSerin/dialogue_manifest_main01_12.csv,companion_taeon,Unity/Client/Assets/_Project/Audio/Voice/Story/Main10/main10_taeon_001.wav,3ece5e25c4ecf334eb098c7c1b1b39aa,main10_taeon_001.wav,True,,False,False,-18.599767298374502,False,companion_taeon,companion_taeon (미제작은 NONE),NEEDS_LISTENING,,6.06,24000,1,1c14bc3052f25bd95437cb8d02638946cd9d5fb24cb8272ec05f4d31ca1ac286,LOW,SEMANTIC_LISTENING_PRIORITY_LOW,0,NORMAL_METADATA_SEMANTICS_UNCONFIRMED,NEEDS_LISTENING,False,528de0ca6258ee28bc1e45c33d9eac5b5ff75d6819df0a022822d92fa15ef56e,-18.599767298374502,-2.271686555202139,145440,2,28,Lines/step0,1,1,Lines/step0:1;,LISTEN_COMPARE_FULL_RUNTIME_TEXT
10,Unity/Client/Assets/_Project/Scripts/World/MainQuest10FieldFlow.cs,205,10749,Lines,companion_paul,폴,네. 전에 본 자리를 다시 확인해보죠. 기억보다 돌이 도망가지는 않았을 겁니다.,main10_paul_001,M10:Unity/Client/Assets/_Project/Scripts/World/MainQuest10FieldFlow.cs:10749,Field_03/Dungeon_01,2,companion_paul,companion_paul,폴,네. 전에 본 자리를 다시 확인해보죠. 기억보다 돌이 도망가지는 않았을 겁니다.,네. 전에 본 자리를 다시 확인해보죠. 기억보다 돌이 도망가지는 않았을 겁니다.,,,문서\03_스토리\LOCAL_Story_Dialogue_원문_부록.md,네. 전에 본 자리를 다시 확인해보죠. 기억보다 돌이 도망가지는 않았을 겁니다.,main10_paul_001,폴,네. 전에 본 자리를 다시 확인해보죠. 기억보다 돌이 도망가지는 않았을 겁니다.,Limitless_TTS_Output_PreSerin/dialogue_manifest_main01_12.csv,companion_paul,Unity/Client/Assets/_Project/Audio/Voice/Story/Main10/main10_paul_001.wav,54fba4f91531e784ca0e26c6f29dda78,main10_paul_001.wav,True,,False,False,-23.071853754371553,False,companion_paul,companion_paul (미제작은 NONE),NEEDS_LISTENING,,6.95,24000,1,898a6e1862f232aa917ced86cea9ec259e2f367ead25bd71f84d10e7c7efa3d3,MEDIUM,SEMANTIC_LISTENING_PRIORITY_MEDIUM,25,LONG_MULTI_SENTENCE_OR_3_LINES,NEEDS_LISTENING,False,5360e10d706c3234e0cccc885675ed9464130e596ccb5d3998664815b8c45970,-23.071853754371553,-2.9309941059942317,166800,3,31,Lines/step0,1,2,Lines/step0:2;,LISTEN_COMPARE_FULL_RUNTIME_TEXT
10,Unity/Client/Assets/_Project/Scripts/World/MainQuest10FieldFlow.cs,205,10819,Lines,,<PlayerName>,이어지는 부분을 살펴보겠습니다.,,M10:Unity/Client/Assets/_Project/Scripts/World/MainQuest10FieldFlow.cs:10819,Field_03/Dungeon_01,3,player,player,플레이어,이어지는 부분을 살펴보겠습니다.,이어지는 부분을 살펴보겠습니다.,,,문서\03_스토리\LOCAL_Story_Dialogue_원문_부록.md,이어지는 부분을 살펴보겠습니다.,,,,,NONE,,,,,,False,False,,False,NONE,NONE,OK,,,,,,NOT_VOICE_TARGET,,,,OK,False,,,,,,,Lines/step0,1,3,Lines/step0:3;,
10,Unity/Client/Assets/_Project/Scripts/World/MainQuest10FieldFlow.cs,206,10884,Lines,companion_taeon,태온,모서리 간격이 반복됩니다. 자연 암반과는 형태가 다릅니다.,main10_taeon_002,M10:Unity/Client/Assets/_Project/Scripts/World/MainQuest10FieldFlow.cs:10884,Field_03/Dungeon_01,4,companion_taeon,companion_taeon,태온,모서리 간격이 반복됩니다. 자연 암반과는 형태가 다릅니다.,모서리 간격이 반복됩니다. 자연 암반과는 형태가 다릅니다.,,,문서\03_스토리\LOCAL_Story_Dialogue_원문_부록.md,모서리 간격이 반복됩니다. 자연 암반과는 형태가 다릅니다.,main10_taeon_002,태온,모서리 간격이 반복됩니다. 자연 암반과는 형태가 다릅니다.,Limitless_TTS_Output_PreSerin/dialogue_manifest_main01_12.csv,companion_taeon,Unity/Client/Assets/_Project/Audio/Voice/Story/Main10/main10_taeon_002.wav,45f4964db2ec5b6488a7a8adea39be10,main10_taeon_002.wav,True,,False,False,-20.68514103994108,False,companion_taeon,companion_taeon (미제작은 NONE),NEEDS_LISTENING,,4.27,24000,1,03ddb55d6c1f34dd24b6718ebe803ef9a291d1b7b7c962e138938d4443b671d8,LOW,SEMANTIC_LISTENING_PRIORITY_LOW,0,NORMAL_METADATA_SEMANTICS_UNCONFIRMED,NEEDS_LISTENING,False,4050f640df283b8ad53b3a45f8f2218a13d38cb75a1eda435d5b2ba400fd68d9,-20.68514103994108,-2.568324673547096,102480,2,24,Lines/step1,2,1,Lines/step1:1;,LISTEN_COMPARE_FULL_RUNTIME_TEXT
10,Unity/Client/Assets/_Project/Scripts/World/MainQuest10FieldFlow.cs,207,10963,Lines,companion_paul,폴,"표면에 손댄 흔적이 있습니다. 오래된 구조의 일부일 가능성이 높지만, 누가 언제 만들었는지는 모르겠습니다.",main10_paul_002,M10:Unity/Client/Assets/_Project/Scripts/World/MainQuest10FieldFlow.cs:10963,Field_03/Dungeon_01,5,companion_paul,companion_paul,폴,"표면에 손댄 흔적이 있습니다. 오래된 구조의 일부일 가능성이 높지만, 누가 언제 만들었는지는 모르겠습니다.","표면에 손댄 흔적이 있습니다. 오래된 구조의 일부일 가능성이 높지만, 누가 언제 만들었는지는 모르겠습니다.",,,문서\03_스토리\LOCAL_Story_Dialogue_원문_부록.md,"표면에 손댄 흔적이 있습니다. 오래된 구조의 일부일 가능성이 높지만, 누가 언제 만들었는지는 모르겠습니다.",main10_paul_002,폴,"표면에 손댄 흔적이 있습니다. 오래된 구조의 일부일 가능성이 높지만, 누가 언제 만들었는지는 모르겠습니다.",Limitless_TTS_Output_PreSerin/dialogue_manifest_main01_12.csv,companion_paul,Unity/Client/Assets/_Project/Audio/Voice/Story/Main10/main10_paul_002.wav,5ba719bfbefbcd74ea5edfb6b3c514ad,main10_paul_002.wav,True,,False,False,-21.044982096491612,False,companion_paul,companion_paul (미제작은 NONE),NEEDS_LISTENING,,8.89,24000,1,01b47cb920d03e1fbf156727025b885f23b16587a0fb05563c984e2dd84c9ffc,MEDIUM,SEMANTIC_LISTENING_PRIORITY_MEDIUM,25,LONG_MULTI_SENTENCE_OR_3_LINES,NEEDS_LISTENING,False,18c7905c939e77b1df006aa39b2b54e5cdf4794b9585b927e0fdaa1dcdb2b4a0,-21.044982096491612,-3.594225759093353,213360,2,44,Lines/step1,2,2,Lines/step1:2;,LISTEN_COMPARE_FULL_RUNTIME_TEXT
10,Unity/Client/Assets/_Project/Scripts/World/MainQuest10FieldFlow.cs,208,11068,Lines,companion_miel,미엘,흙 아래쪽으로도 이어지는 것 같아요.,main10_miel_001,M10:Unity/Client/Assets/_Project/Scripts/World/MainQuest10FieldFlow.cs:11068,Field_03/Dungeon_01,6,companion_miel,companion_miel,미엘,흙 아래쪽으로도 이어지는 것 같아요.,흙 아래쪽으로도 이어지는 것 같아요.,,,문서\03_스토리\LOCAL_Story_Dialogue_원문_부록.md,흙 아래쪽으로도 이어지는 것 같아요.,main10_miel_001,미엘,흙 아래쪽으로도 이어지는 것 같아요.,Limitless_TTS_Output_PreSerin/dialogue_manifest_main01_12.csv,companion_miel,Unity/Client/Assets/_Project/Audio/Voice/Story/Main10/main10_miel_001.wav,d45a5d133509c4e4c8551ceca905557d,main10_miel_001.wav,True,,False,False,-21.296200479449215,False,companion_miel,companion_miel (미제작은 NONE),NEEDS_LISTENING,,4.16,24000,1,dc2316fdede8bbd4c05018496bba76712b7c36724c0714d9b3cbfa7936a767f2,LOW,SEMANTIC_LISTENING_PRIORITY_LOW,0,NORMAL_METADATA_SEMANTICS_UNCONFIRMED,NEEDS_LISTENING,False,8df5b3c708d0d094a83d6e29aadf34c0d1c0b6834da01911fe124da4731f1788,-21.296200479449215,-5.21078985610376,99840,1,15,Lines/step1,2,3,Lines/step1:3;,LISTEN_COMPARE_FULL_RUNTIME_TEXT
10,Unity/Client/Assets/_Project/Scripts/World/MainQuest10FieldFlow.cs,208,11114,Lines,,<PlayerName>,보이는 범위만 기록하고 안쪽으로 가보죠.,,M10:Unity/Client/Assets/_Project/Scripts/World/MainQuest10FieldFlow.cs:11114,Field_03/Dungeon_01,7,player,player,플레이어,보이는 범위만 기록하고 안쪽으로 가보죠.,보이는 범위만 기록하고 안쪽으로 가보죠.,,,문서\03_스토리\LOCAL_Story_Dialogue_원문_부록.md,보이는 범위만 기록하고 안쪽으로 가보죠.,,,,,NONE,,,,,,False,False,,False,NONE,NONE,OK,,,,,,NOT_VOICE_TARGET,,,,OK,False,,,,,,,Lines/step1,2,4,Lines/step1:4;,
10,Unity/Client/Assets/_Project/Scripts/World/MainQuest10FieldFlow.cs,209,11184,Lines,companion_miel,미엘,이쪽으로 올수록 벌레와 새 소리가 거의 들리지 않아요.,main10_miel_002,M10:Unity/Client/Assets/_Project/Scripts/World/MainQuest10FieldFlow.cs:11184,Field_03/Dungeon_01,8,companion_miel,companion_miel,미엘,이쪽으로 올수록 벌레와 새 소리가 거의 들리지 않아요.,이쪽으로 올수록 벌레와 새 소리가 거의 들리지 않아요.,,,문서\03_스토리\LOCAL_Story_Dialogue_원문_부록.md,이쪽으로 올수록 벌레와 새 소리가 거의 들리지 않아요.,main10_miel_002,미엘,이쪽으로 올수록 벌레와 새 소리가 거의 들리지 않아요.,Limitless_TTS_Output_PreSerin/dialogue_manifest_main01_12.csv,companion_miel,Unity/Client/Assets/_Project/Audio/Voice/Story/Main10/main10_miel_002.wav,bafd577a8e4f0bc47a2b7ee48913549d,main10_miel_002.wav,True,,False,False,-20.301560939261236,False,companion_miel,companion_miel (미제작은 NONE),NEEDS_LISTENING,,8.55,24000,1,631cabea3059deed1823ce712ec5618811812e9a8fd38843e0e4226d22c96a2d,LOW,SEMANTIC_LISTENING_PRIORITY_LOW,0,NORMAL_METADATA_SEMANTICS_UNCONFIRMED,NEEDS_LISTENING,False,ca3e7f378c35bccfd6490548ebd917e88d67cf4b4b002be89e691585cb2f0b9d,-20.301560939261236,-4.605957128692531,205200,1,22,Lines/step2,3,1,Lines/step2:1;,LISTEN_COMPARE_FULL_RUNTIME_TEXT
10,Unity/Client/Assets/_Project/Scripts/World/MainQuest10FieldFlow.cs,210,11260,Lines,companion_taeon,태온,몬스터의 흔적도 안쪽을 피해 돌아갑니다. 먼저 안전한 길을 확인하죠.,main10_taeon_003,M10:Unity/Client/Assets/_Project/Scripts/World/MainQuest10FieldFlow.cs:11260,Field_03/Dungeon_01,9,companion_taeon,companion_taeon,태온,몬스터의 흔적도 안쪽을 피해 돌아갑니다. 먼저 안전한 길을 확인하죠.,몬스터의 흔적도 안쪽을 피해 돌아갑니다. 먼저 안전한 길을 확인하죠.,,,문서\03_스토리\LOCAL_Story_Dialogue_원문_부록.md,몬스터의 흔적도 안쪽을 피해 돌아갑니다. 먼저 안전한 길을 확인하죠.,main10_taeon_003,태온,몬스터의 흔적도 안쪽을 피해 돌아갑니다. 먼저 안전한 길을 확인하죠.,Limitless_TTS_Output_PreSerin/dialogue_manifest_main01_12.csv,companion_taeon,Unity/Client/Assets/_Project/Audio/Voice/Story/Main10/main10_taeon_003.wav,a0359669b044e724bbd68d3b498d08c0,main10_taeon_003.wav,True,,False,False,-18.27991310004296,False,companion_taeon,companion_taeon (미제작은 NONE),NEEDS_LISTENING,,5.65,24000,1,a0af9c5834bc99bb45d759deaceba6d44631cd719c96f5b9844bb3e7b1a969ac,LOW,SEMANTIC_LISTENING_PRIORITY_LOW,0,NORMAL_METADATA_SEMANTICS_UNCONFIRMED,NEEDS_LISTENING,False,6615d3b608dad564724c00a1b854a69c800b255edd1a9813fd7d9163fb393d35,-18.27991310004296,-1.6473695836892195,135600,2,28,Lines/step2,3,2,Lines/step2:2;,LISTEN_COMPARE_FULL_RUNTIME_TEXT
10,Unity/Client/Assets/_Project/Scripts/World/MainQuest10FieldFlow.cs,211,11345,Lines,companion_paul,폴,"귀를 쉬게 할 계획은 없었는데, 조용해지는 방향이 분명하군요.",main10_paul_003,M10:Unity/Client/Assets/_Project/Scripts/World/MainQuest10FieldFlow.cs:11345,Field_03/Dungeon_01,10,companion_paul,companion_paul,폴,"귀를 쉬게 할 계획은 없었는데, 조용해지는 방향이 분명하군요.","귀를 쉬게 할 계획은 없었는데, 조용해지는 방향이 분명하군요.",,,문서\03_스토리\LOCAL_Story_Dialogue_원문_부록.md,"귀를 쉬게 할 계획은 없었는데, 조용해지는 방향이 분명하군요.",main10_paul_003,폴,"귀를 쉬게 할 계획은 없었는데, 조용해지는 방향이 분명하군요.",Limitless_TTS_Output_PreSerin/dialogue_manifest_main01_12.csv,companion_paul,Unity/Client/Assets/_Project/Audio/Voice/Story/Main10/main10_paul_003.wav,d9dc9413d78611f499e5daf1faba6095,main10_paul_003.wav,True,,False,False,-19.729897023034784,False,companion_paul,companion_paul (미제작은 NONE),NEEDS_LISTENING,,15.93,24000,1,c648522794143bb6ec6d7af3d45fb30c5de53f2091e27acf78db27f89daa9ccd,LOW,SEMANTIC_LISTENING_PRIORITY_LOW,0,NORMAL_METADATA_SEMANTICS_UNCONFIRMED,NEEDS_LISTENING,False,e4242213543aeb5ff7a77d826f92ccb849a44376ef007bfdac9308af92e4e67a,-19.729897023034784,-1.3503413873507544,382320,1,25,Lines/step2,3,3,Lines/step2:3;,LISTEN_COMPARE_FULL_RUNTIME_TEXT
10,Unity/Client/Assets/_Project/Scripts/World/MainQuest10FieldFlow.cs,212,11446,Lines,,<PlayerName>,무너진 돌 아래로 경사가 이어집니다.,,M10:Unity/Client/Assets/_Project/Scripts/World/MainQuest10FieldFlow.cs:11446,Field_03/Dungeon_01,11,player,player,플레이어,무너진 돌 아래로 경사가 이어집니다.,무너진 돌 아래로 경사가 이어집니다.,,,문서\03_스토리\LOCAL_Story_Dialogue_원문_부록.md,무너진 돌 아래로 경사가 이어집니다.,,,,,NONE,,,,,,False,False,,False,NONE,NONE,OK,,,,,,NOT_VOICE_TARGET,,,,OK,False,,,,,,,Lines/step3,4,1,Lines/step3:1;,
10,Unity/Client/Assets/_Project/Scripts/World/MainQuest10FieldFlow.cs,213,11493,Lines,companion_taeon,태온,발 디딜 곳부터 살펴야 합니다. 흙이 밀린 자리는 피하세요.,main10_taeon_004,M10:Unity/Client/Assets/_Project/Scripts/World/MainQuest10FieldFlow.cs:11493,Field_03/Dungeon_01,12,companion_taeon,companion_taeon,태온,발 디딜 곳부터 살펴야 합니다. 흙이 밀린 자리는 피하세요.,발 디딜 곳부터 살펴야 합니다. 흙이 밀린 자리는 피하세요.,,,문서\03_스토리\LOCAL_Story_Dialogue_원문_부록.md,발 디딜 곳부터 살펴야 합니다. 흙이 밀린 자리는 피하세요.,main10_taeon_004,태온,발 디딜 곳부터 살펴야 합니다. 흙이 밀린 자리는 피하세요.,Limitless_TTS_Output_PreSerin/dialogue_manifest_main01_12.csv,companion_taeon,Unity/Client/Assets/_Project/Audio/Voice/Story/Main10/main10_taeon_004.wav,d9f5f0a96ef7ddd41b10723f68ed99e7,main10_taeon_004.wav,True,,False,False,-18.40091803804369,False,companion_taeon,companion_taeon (미제작은 NONE),NEEDS_LISTENING,,17.68,24000,1,96341666f19a455d3de9603d323aa89dd043b8a0586d3e1b5aeee38847bdd91a,MEDIUM,SEMANTIC_LISTENING_PRIORITY_MEDIUM,25,EXCESSIVE_DURATION_RATIO,NEEDS_LISTENING,False,10fcc489bf1831f09bd28c879328ca62c6db7507e2d052c5d07a842366428b3f,-18.40091803804369,-1.2111872429696222,424320,2,23,Lines/step3,4,2,Lines/step3:2;,LISTEN_COMPARE_FULL_RUNTIME_TEXT
10,Unity/Client/Assets/_Project/Scripts/World/MainQuest10FieldFlow.cs,214,11573,Lines,companion_paul,폴,단단한 가장자리를 표시해두겠습니다. 안쪽 구조는 아직 보이지 않습니다.,main10_paul_004,M10:Unity/Client/Assets/_Project/Scripts/World/MainQuest10FieldFlow.cs:11573,Field_03/Dungeon_01,13,companion_paul,companion_paul,폴,단단한 가장자리를 표시해두겠습니다. 안쪽 구조는 아직 보이지 않습니다.,단단한 가장자리를 표시해두겠습니다. 안쪽 구조는 아직 보이지 않습니다.,,,문서\03_스토리\LOCAL_Story_Dialogue_원문_부록.md,단단한 가장자리를 표시해두겠습니다. 안쪽 구조는 아직 보이지 않습니다.,main10_paul_004,폴,단단한 가장자리를 표시해두겠습니다. 안쪽 구조는 아직 보이지 않습니다.,Limitless_TTS_Output_PreSerin/dialogue_manifest_main01_12.csv,companion_paul,Unity/Client/Assets/_Project/Audio/Voice/Story/Main10/main10_paul_004.wav,832c0594a7d1b404cb91908104ba4ef4,main10_paul_004.wav,True,,False,False,-38.26006926203229,False,companion_paul,companion_paul (미제작은 NONE),NEEDS_LISTENING,,2.11,24000,1,42e172e8fcf6a5703e282e527b7ed4477a6ec793cf632c04045b31e4dec7c49d,HIGH,SEMANTIC_LISTENING_PRIORITY_HIGH,70,MULTI_SENTENCE_SHORT_AUDIO,NEEDS_LISTENING,False,74efe50bf3e984051168f7a7a967bd6c935b366ab0dc7e34aa8c7a504392dad7,-38.26006926203229,-18.35948290178681,50640,2,30,Lines/step3,4,3,Lines/step3:3;,LISTEN_COMPARE_FULL_RUNTIME_TEXT
10,Unity/Client/Assets/_Project/Scripts/World/MainQuest10FieldFlow.cs,215,11679,Lines,companion_miel,미엘,덩굴 아래에 빈 공간이 있어요.,main10_miel_003,M10:Unity/Client/Assets/_Project/Scripts/World/MainQuest10FieldFlow.cs:11679,Field_03/Dungeon_01,14,companion_miel,companion_miel,미엘,덩굴 아래에 빈 공간이 있어요.,덩굴 아래에 빈 공간이 있어요.,,,문서\03_스토리\LOCAL_Story_Dialogue_원문_부록.md,덩굴 아래에 빈 공간이 있어요.,main10_miel_003,미엘,덩굴 아래에 빈 공간이 있어요.,Limitless_TTS_Output_PreSerin/dialogue_manifest_main01_12.csv,companion_miel,Unity/Client/Assets/_Project/Audio/Voice/Story/Main10/main10_miel_003.wav,4782ceed07f8aa7429fc52a5d85575d1,main10_miel_003.wav,True,,False,False,-20.517930277004666,False,companion_miel,companion_miel (미제작은 NONE),NEEDS_LISTENING,,3.96,24000,1,9631b0ff330036f5dbb50449fd83729305be1214f3fa366b822d319a63b02f22,LOW,SEMANTIC_LISTENING_PRIORITY_LOW,0,NORMAL_METADATA_SEMANTICS_UNCONFIRMED,NEEDS_LISTENING,False,fa7571132118055361b4f21c49f8f7ab2d6cebd316b0eb8a7c690be1cc196d95,-20.517930277004666,-4.141125699669168,95040,1,12,Lines/step4,5,1,Lines/step4:1;,LISTEN_COMPARE_FULL_RUNTIME_TEXT
10,Unity/Client/Assets/_Project/Scripts/World/MainQuest10FieldFlow.cs,216,11742,Lines,companion_paul,폴,오래된 석재와 안치 공간처럼 보이는 자리가 드러났습니다. 정확한 용도는 더 확인해야 합니다.,main10_paul_005,M10:Unity/Client/Assets/_Project/Scripts/World/MainQuest10FieldFlow.cs:11742,Field_03/Dungeon_01,15,companion_paul,companion_paul,폴,오래된 석재와 안치 공간처럼 보이는 자리가 드러났습니다. 정확한 용도는 더 확인해야 합니다.,오래된 석재와 안치 공간처럼 보이는 자리가 드러났습니다. 정확한 용도는 더 확인해야 합니다.,,,문서\03_스토리\LOCAL_Story_Dialogue_원문_부록.md,오래된 석재와 안치 공간처럼 보이는 자리가 드러났습니다. 정확한 용도는 더 확인해야 합니다.,main10_paul_005,폴,오래된 석재와 안치 공간처럼 보이는 자리가 드러났습니다. 정확한 용도는 더 확인해야 합니다.,Limitless_TTS_Output_PreSerin/dialogue_manifest_main01_12.csv,companion_paul,Unity/Client/Assets/_Project/Audio/Voice/Story/Main10/main10_paul_005.wav,09bb4ca2d37ba7341a55565937736b0c,main10_paul_005.wav,True,,False,False,-22.58460361662154,False,companion_paul,companion_paul (미제작은 NONE),NEEDS_LISTENING,,4.55,24000,1,679968d2d81051e4191d6397005b311b80b5a70a726fac1c6ebe2d7ffcadd574,MEDIUM,SEMANTIC_LISTENING_PRIORITY_MEDIUM,25,LONG_MULTI_SENTENCE_OR_3_LINES,NEEDS_LISTENING,False,c39ff0473ae4de11cd532325d049f36433c584552bd18b9d300a4299ed4a6d6c,-22.58460361662154,-4.791719684943933,109200,2,38,Lines/step4,5,2,Lines/step4:2;,LISTEN_COMPARE_FULL_RUNTIME_TEXT
10,Unity/Client/Assets/_Project/Scripts/World/MainQuest10FieldFlow.cs,217,11839,Lines,,<PlayerName>,침묵의 지하묘지로 이어지는 입구 같습니다. 지금 보이는 부분을 조사하죠.,,M10:Unity/Client/Assets/_Project/Scripts/World/MainQuest10FieldFlow.cs:11839,Field_03/Dungeon_01,16,player,player,플레이어,침묵의 지하묘지로 이어지는 입구 같습니다. 지금 보이는 부분을 조사하죠.,침묵의 지하묘지로 이어지는 입구 같습니다. 지금 보이는 부분을 조사하죠.,,,문서\03_스토리\LOCAL_Story_Dialogue_원문_부록.md,침묵의 지하묘지로 이어지는 입구 같습니다. 지금 보이는 부분을 조사하죠.,,,,,NONE,,,,,,False,False,,False,NONE,NONE,OK,,,,,,NOT_VOICE_TARGET,,,,OK,False,,,,,,,Lines/step4,5,3,Lines/step4:3;,
10,Unity/Client/Assets/_Project/Scripts/World/MainQuest10FieldFlow.cs,218,11927,Lines,companion_taeon,태온,몬스터들이 피하던 방향과 일치합니다.,main10_taeon_005,M10:Unity/Client/Assets/_Project/Scripts/World/MainQuest10FieldFlow.cs:11927,Field_03/Dungeon_01,17,companion_taeon,companion_taeon,태온,몬스터들이 피하던 방향과 일치합니다.,몬스터들이 피하던 방향과 일치합니다.,,,문서\03_스토리\LOCAL_Story_Dialogue_원문_부록.md,몬스터들이 피하던 방향과 일치합니다.,main10_taeon_005,태온,몬스터들이 피하던 방향과 일치합니다.,Limitless_TTS_Output_PreSerin/dialogue_manifest_main01_12.csv,companion_taeon,Unity/Client/Assets/_Project/Audio/Voice/Story/Main10/main10_taeon_005.wav,9d6c242f0446003438b60920e1c4e66f,main10_taeon_005.wav,True,,False,False,-54.9014992840644,False,companion_taeon,companion_taeon (미제작은 NONE),NEEDS_LISTENING,,0.86,24000,1,0ebfc7c1bd02b59cef062b7f30d8d9751214132670c657e237bbb1938180e0ea,HIGH,SEMANTIC_LISTENING_PRIORITY_HIGH,150,LOW_RMS_BELOW_MINUS45_DBFS;EXTREME_SHORT_TEXT_DURATION_RATIO,NEEDS_LISTENING,False,c79b92170e8c76b58b8290fe88ae366ece1fc59c2b1cbdd5715e4553199eed90,-54.9014992840644,-30.387525609488854,20640,1,16,Lines/step5,6,1,Lines/step5:1;,LISTEN_COMPARE_FULL_RUNTIME_TEXT
10,Unity/Client/Assets/_Project/Scripts/World/MainQuest10FieldFlow.cs,219,11994,Lines,companion_paul,폴,마력의 흐름도 아래쪽으로 향합니다. 관련은 있어 보이지만 이것이 원인인지는 아직 모릅니다.,main10_paul_006,M10:Unity/Client/Assets/_Project/Scripts/World/MainQuest10FieldFlow.cs:11994,Field_03/Dungeon_01,18,companion_paul,companion_paul,폴,마력의 흐름도 아래쪽으로 향합니다. 관련은 있어 보이지만 이것이 원인인지는 아직 모릅니다.,마력의 흐름도 아래쪽으로 향합니다. 관련은 있어 보이지만 이것이 원인인지는 아직 모릅니다.,,,문서\03_스토리\LOCAL_Story_Dialogue_원문_부록.md,마력의 흐름도 아래쪽으로 향합니다. 관련은 있어 보이지만 이것이 원인인지는 아직 모릅니다.,main10_paul_006,폴,마력의 흐름도 아래쪽으로 향합니다. 관련은 있어 보이지만 이것이 원인인지는 아직 모릅니다.,Limitless_TTS_Output_PreSerin/dialogue_manifest_main01_12.csv,companion_paul,Unity/Client/Assets/_Project/Audio/Voice/Story/Main10/main10_paul_006.wav,320bb7739875c8648bceaa4d4888675d,main10_paul_006.wav,True,,False,False,-30.007107939132002,False,companion_paul,companion_paul (미제작은 NONE),NEEDS_LISTENING,,2.33,24000,1,3404da6716651fa8fce8d616acbee224245882c571262047957d5e2c04fa4e93,HIGH,SEMANTIC_LISTENING_PRIORITY_HIGH,165,EXTREME_SHORT_TEXT_DURATION_RATIO;MULTI_SENTENCE_SHORT_AUDIO;LONG_MULTI_SENTENCE_OR_3_LINES,NEEDS_LISTENING,False,92767b548aedcc373440a14ae1c04a467bae8fbc216db5c978fb527e554514c3,-30.007107939132002,-18.937924458205508,55920,2,38,Lines/step5,6,2,Lines/step5:2;,LISTEN_COMPARE_FULL_RUNTIME_TEXT
10,Unity/Client/Assets/_Project/Scripts/World/MainQuest10FieldFlow.cs,220,12090,Lines,companion_miel,미엘,주변 생물 소리도 거의 들리지 않아요.,main10_miel_004,M10:Unity/Client/Assets/_Project/Scripts/World/MainQuest10FieldFlow.cs:12090,Field_03/Dungeon_01,19,companion_miel,companion_miel,미엘,주변 생물 소리도 거의 들리지 않아요.,주변 생물 소리도 거의 들리지 않아요.,,,문서\03_스토리\LOCAL_Story_Dialogue_원문_부록.md,주변 생물 소리도 거의 들리지 않아요.,main10_miel_004,미엘,주변 생물 소리도 거의 들리지 않아요.,Limitless_TTS_Output_PreSerin/dialogue_manifest_main01_12.csv,companion_miel,Unity/Client/Assets/_Project/Audio/Voice/Story/Main10/main10_miel_004.wav,c2cb934dd5ffeb14c983d179c6a563e9,main10_miel_004.wav,True,,False,False,-18.312975035137164,False,companion_miel,companion_miel (미제작은 NONE),NEEDS_LISTENING,,2.69,24000,1,4c8647eaabc88d523df8217077cf6582729464328637ab6ddfe6e6edb44927a4,LOW,SEMANTIC_LISTENING_PRIORITY_LOW,0,NORMAL_METADATA_SEMANTICS_UNCONFIRMED,NEEDS_LISTENING,False,4bd9baf150ff3b15ecafadd4c2734eda7ef61f8dd8d75f7badc975b09abfab51,-18.312975035137164,-4.68333044933504,64560,1,15,Lines/step5,6,3,Lines/step5:3;,LISTEN_COMPARE_FULL_RUNTIME_TEXT
10,Unity/Client/Assets/_Project/Scripts/World/MainQuest10FieldFlow.cs,220,12137,Lines,,<PlayerName>,서두르지 말고 내려갈 경로를 확인하죠.,,M10:Unity/Client/Assets/_Project/Scripts/World/MainQuest10FieldFlow.cs:12137,Field_03/Dungeon_01,20,player,player,플레이어,서두르지 말고 내려갈 경로를 확인하죠.,서두르지 말고 내려갈 경로를 확인하죠.,,,문서\03_스토리\LOCAL_Story_Dialogue_원문_부록.md,서두르지 말고 내려갈 경로를 확인하죠.,,,,,NONE,,,,,,False,False,,False,NONE,NONE,OK,,,,,,NOT_VOICE_TARGET,,,,OK,False,,,,,,,Lines/step5,6,4,Lines/step5:4;,
10,Unity/Client/Assets/_Project/Scripts/World/MainQuest10FieldFlow.cs,221,12207,Lines,companion_paul,폴,돌아갈 길과 단단한 가장자리는 표시했습니다. 아래쪽은 준비해서 확인하는 편이 좋겠습니다.,main10_paul_007,M10:Unity/Client/Assets/_Project/Scripts/World/MainQuest10FieldFlow.cs:12207,Field_03/Dungeon_01,21,companion_paul,companion_paul,폴,돌아갈 길과 단단한 가장자리는 표시했습니다. 아래쪽은 준비해서 확인하는 편이 좋겠습니다.,돌아갈 길과 단단한 가장자리는 표시했습니다. 아래쪽은 준비해서 확인하는 편이 좋겠습니다.,,,문서\03_스토리\LOCAL_Story_Dialogue_원문_부록.md,돌아갈 길과 단단한 가장자리는 표시했습니다. 아래쪽은 준비해서 확인하는 편이 좋겠습니다.,main10_paul_007,폴,돌아갈 길과 단단한 가장자리는 표시했습니다. 아래쪽은 준비해서 확인하는 편이 좋겠습니다.,Limitless_TTS_Output_PreSerin/dialogue_manifest_main01_12.csv,companion_paul,Unity/Client/Assets/_Project/Audio/Voice/Story/Main10/main10_paul_007.wav,ea4bdb949266049448e00fcd68835658,main10_paul_007.wav,True,,False,False,-24.19146077864763,False,companion_paul,companion_paul (미제작은 NONE),NEEDS_LISTENING,,5.37,24000,1,533fb2fc47202a2005edc4942d79ae61ee3604a82124275c20e1cdc0c9dd8508,MEDIUM,SEMANTIC_LISTENING_PRIORITY_MEDIUM,25,LONG_MULTI_SENTENCE_OR_3_LINES,NEEDS_LISTENING,False,16ea21eaa46018daf529a3d9dbb78e2cd42b92ff1328b7af2b39ebd0814a7721,-24.19146077864763,-3.872061045336591,128880,2,38,Lines/step6,7,1,Lines/step6:1;,LISTEN_COMPARE_FULL_RUNTIME_TEXT
10,Unity/Client/Assets/_Project/Scripts/World/MainQuest10FieldFlow.cs,222,12302,Lines,companion_taeon,태온,무너진 돌을 밟지 않도록 입구 위치를 기억해두겠습니다.,main10_taeon_006,M10:Unity/Client/Assets/_Project/Scripts/World/MainQuest10FieldFlow.cs:12302,Field_03/Dungeon_01,22,companion_taeon,companion_taeon,태온,무너진 돌을 밟지 않도록 입구 위치를 기억해두겠습니다.,무너진 돌을 밟지 않도록 입구 위치를 기억해두겠습니다.,,,문서\03_스토리\LOCAL_Story_Dialogue_원문_부록.md,무너진 돌을 밟지 않도록 입구 위치를 기억해두겠습니다.,main10_taeon_006,태온,무너진 돌을 밟지 않도록 입구 위치를 기억해두겠습니다.,Limitless_TTS_Output_PreSerin/dialogue_manifest_main01_12.csv,companion_taeon,Unity/Client/Assets/_Project/Audio/Voice/Story/Main10/main10_taeon_006.wav,d52ac69dae59f0e4ba9296ddae8e695d,main10_taeon_006.wav,True,,False,False,-18.16544506094824,False,companion_taeon,companion_taeon (미제작은 NONE),NEEDS_LISTENING,,9.01,24000,1,3ab0933a53eed3c59c9fe32730e754cef764b4b9003700382a2d7bedd0720ece,LOW,SEMANTIC_LISTENING_PRIORITY_LOW,0,NORMAL_METADATA_SEMANTICS_UNCONFIRMED,NEEDS_LISTENING,False,3330b90dc1df9d01b5823d2828b623b08ef4ff3a00153b5a7959d3bc5d8d2d86,-18.16544506094824,-1.5838369813936273,216240,1,23,Lines/step6,7,2,Lines/step6:2;,LISTEN_COMPARE_FULL_RUNTIME_TEXT
10,Unity/Client/Assets/_Project/Scripts/World/MainQuest10FieldFlow.cs,223,12379,Lines,companion_miel,미엘,모두 상태를 확인하고 움직여요.,main10_miel_005,M10:Unity/Client/Assets/_Project/Scripts/World/MainQuest10FieldFlow.cs:12379,Field_03/Dungeon_01,23,companion_miel,companion_miel,미엘,모두 상태를 확인하고 움직여요.,모두 상태를 확인하고 움직여요.,,,문서\03_스토리\LOCAL_Story_Dialogue_원문_부록.md,모두 상태를 확인하고 움직여요.,main10_miel_005,미엘,모두 상태를 확인하고 움직여요.,Limitless_TTS_Output_PreSerin/dialogue_manifest_main01_12.csv,companion_miel,Unity/Client/Assets/_Project/Audio/Voice/Story/Main10/main10_miel_005.wav,62ebf30750751d64f800a85ea13b740b,main10_miel_005.wav,True,,False,False,-19.64016650730516,False,companion_miel,companion_miel (미제작은 NONE),NEEDS_LISTENING,,2.89,24000,1,e10c41db0a9778f05634b936a7e95156d80e18b2fc750179d539a47d57386b34,LOW,SEMANTIC_LISTENING_PRIORITY_LOW,0,NORMAL_METADATA_SEMANTICS_UNCONFIRMED,NEEDS_LISTENING,False,32c43d4090061e9b6d4ef76b1c5bf81bcb49166c673cea28fc106ec4f9bd9dcb,-19.64016650730516,-3.1518257331584993,69360,1,13,Lines/step6,7,3,Lines/step6:3;,LISTEN_COMPARE_FULL_RUNTIME_TEXT
10,Unity/Client/Assets/_Project/Scripts/World/MainQuest10FieldFlow.cs,223,12422,Lines,,<PlayerName>,입구를 확인했습니다. 준비를 마친 뒤 안쪽을 조사하겠습니다.,,M10:Unity/Client/Assets/_Project/Scripts/World/MainQuest10FieldFlow.cs:12422,Field_03/Dungeon_01,24,player,player,플레이어,입구를 확인했습니다. 준비를 마친 뒤 안쪽을 조사하겠습니다.,입구를 확인했습니다. 준비를 마친 뒤 안쪽을 조사하겠습니다.,,,문서\03_스토리\LOCAL_Story_Dialogue_원문_부록.md,입구를 확인했습니다. 준비를 마친 뒤 안쪽을 조사하겠습니다.,,,,,NONE,,,,,,False,False,,False,NONE,NONE,OK,,,,,,NOT_VOICE_TARGET,,,,OK,False,,,,,,,Lines/step6,7,4,Lines/step6:4;,
11,Unity/Client/Assets/_Project/Scripts/World/MainQuest11DungeonFlow.cs,240,12881,AfterBoss,companion_paul,폴,멈췄는데도 주변의 빛은 그대로군요.,main11_paul_001,M11:Unity/Client/Assets/_Project/Scripts/World/MainQuest11DungeonFlow.cs:12881,Dungeon_01/Dungeon_01_B2/Field_03,1,companion_paul,companion_paul,폴,멈췄는데도 주변의 빛은 그대로군요.,멈췄는데도 주변의 빛은 그대로군요.,,,문서\03_스토리\LOCAL_Story_Dialogue_원문_부록.md,멈췄는데도 주변의 빛은 그대로군요.,main11_paul_001,폴,멈췄는데도 주변의 빛은 그대로군요.,Limitless_TTS_Output_PreSerin/dialogue_manifest_main01_12.csv,companion_paul,Unity/Client/Assets/_Project/Audio/Voice/Story/Main11/main11_paul_001.wav,ab0f9f0a27013654ca507fb17288a7a2,main11_paul_001.wav,True,,False,False,-33.97996261006345,False,companion_paul,companion_paul (미제작은 NONE),NEEDS_LISTENING,,2.01,24000,1,890ff737a6e4875cbb3144ef7c21a19e95adf888dad4a5dd197bc72ec0cf5d5f,LOW,SEMANTIC_LISTENING_PRIORITY_LOW,0,NORMAL_METADATA_SEMANTICS_UNCONFIRMED,NEEDS_LISTENING,False,0c4de9702167518dc17288dd08cd281e90ab39b09e126e7637eae1cfd32bca59,-33.97996261006345,-18.867838900668268,48240,1,15,AfterBoss,1,1,,LISTEN_COMPARE_FULL_RUNTIME_TEXT
11,Unity/Client/Assets/_Project/Scripts/World/MainQuest11DungeonFlow.cs,240,12926,AfterBoss,companion_taeon,태온,이 존재가 빛의 근원은 아니었던 것 같습니다.,main11_taeon_001,M11:Unity/Client/Assets/_Project/Scripts/World/MainQuest11DungeonFlow.cs:12926,Dungeon_01/Dungeon_01_B2/Field_03,2,companion_taeon,companion_taeon,태온,이 존재가 빛의 근원은 아니었던 것 같습니다.,이 존재가 빛의 근원은 아니었던 것 같습니다.,,,문서\03_스토리\LOCAL_Story_Dialogue_원문_부록.md,이 존재가 빛의 근원은 아니었던 것 같습니다.,main11_taeon_001,태온,이 존재가 빛의 근원은 아니었던 것 같습니다.,Limitless_TTS_Output_PreSerin/dialogue_manifest_main01_12.csv,companion_taeon,Unity/Client/Assets/_Project/Audio/Voice/Story/Main11/main11_taeon_001.wav,7d87148a2d889e34992e0c7e1a7387a5,main11_taeon_001.wav,True,,False,False,-18.31235292393758,False,companion_taeon,companion_taeon (미제작은 NONE),NEEDS_LISTENING,,38.03,24000,1,8a8db2801f924935dc4f62337e0c81033c43dba969a75d07a2639029f30609df,MEDIUM,SEMANTIC_LISTENING_PRIORITY_MEDIUM,25,EXCESSIVE_DURATION_RATIO,NEEDS_LISTENING,False,d79388cb5361fd4e4bbbd09717512a7ff8bef64438baec38be4273751735c557,-18.31235292393758,-1.3630466278530036,912720,1,18,AfterBoss,1,2,,LISTEN_COMPARE_FULL_RUNTIME_TEXT
11,Unity/Client/Assets/_Project/Scripts/World/MainQuest11DungeonFlow.cs,241,12988,AfterBoss,companion_miel,미엘,뒤쪽을 보세요. 길이 열린 것 같아요.,main11_miel_001,M11:Unity/Client/Assets/_Project/Scripts/World/MainQuest11DungeonFlow.cs:12988,Dungeon_01/Dungeon_01_B2/Field_03,3,companion_miel,companion_miel,미엘,뒤쪽을 보세요. 길이 열린 것 같아요.,뒤쪽을 보세요. 길이 열린 것 같아요.,,,문서\03_스토리\LOCAL_Story_Dialogue_원문_부록.md,뒤쪽을 보세요. 길이 열린 것 같아요.,main11_miel_001,미엘,뒤쪽을 보세요. 길이 열린 것 같아요.,Limitless_TTS_Output_PreSerin/dialogue_manifest_main01_12.csv,companion_miel,Unity/Client/Assets/_Project/Audio/Voice/Story/Main11/main11_miel_001.wav,4b701370c4e311947b84b68f0c5ad304,main11_miel_001.wav,True,,False,False,-18.141849535229547,False,companion_miel,companion_miel (미제작은 NONE),NEEDS_LISTENING,,2.35,24000,1,80864f84b74805e20bc157c85ecee83fac59b0dc057d548c631077bae8b204b5,LOW,SEMANTIC_LISTENING_PRIORITY_LOW,0,NORMAL_METADATA_SEMANTICS_UNCONFIRMED,NEEDS_LISTENING,False,f2db3a86a607ecd53081538a8f31d2b4e89c476de28512776b051ddc160bc560,-18.141849535229547,-3.6549791547667527,56400,2,14,AfterBoss,1,3,,LISTEN_COMPARE_FULL_RUNTIME_TEXT
11,Unity/Client/Assets/_Project/Scripts/World/MainQuest11DungeonFlow.cs,247,13180,Lines,companion_taeon,태온,석관과 묘표가 남아 있습니다. 실제 안치 공간으로 쓰였던 곳입니다.,main11_taeon_002,M11:Unity/Client/Assets/_Project/Scripts/World/MainQuest11DungeonFlow.cs:13180,Dungeon_01/Dungeon_01_B2/Field_03,1,companion_taeon,companion_taeon,태온,석관과 묘표가 남아 있습니다. 실제 안치 공간으로 쓰였던 곳입니다.,석관과 묘표가 남아 있습니다. 실제 안치 공간으로 쓰였던 곳입니다.,,,문서\03_스토리\LOCAL_Story_Dialogue_원문_부록.md,석관과 묘표가 남아 있습니다. 실제 안치 공간으로 쓰였던 곳입니다.,main11_taeon_002,태온,석관과 묘표가 남아 있습니다. 실제 안치 공간으로 쓰였던 곳입니다.,Limitless_TTS_Output_PreSerin/dialogue_manifest_main01_12.csv,companion_taeon,Unity/Client/Assets/_Project/Audio/Voice/Story/Main11/main11_taeon_002.wav,59c2d338c3d9cb94bb80d42664d48a14,main11_taeon_002.wav,True,,False,False,-20.67529771763298,False,companion_taeon,companion_taeon (미제작은 NONE),NEEDS_LISTENING,,6.19,24000,1,c70eeb3fa3e4d3178554f0759f8f04061d0eb4c8f0d712df753f7f6fba8c04fb,LOW,SEMANTIC_LISTENING_PRIORITY_LOW,0,NORMAL_METADATA_SEMANTICS_UNCONFIRMED,NEEDS_LISTENING,False,286095beeba478bdc42a47ae4faf47f21893565efe4b8ab1ad23286e859d1b2e,-20.67529771763298,-2.5904416166876256,148560,2,27,Lines/step1,2,1,Lines/step1:1;,LISTEN_COMPARE_FULL_RUNTIME_TEXT
11,Unity/Client/Assets/_Project/Scripts/World/MainQuest11DungeonFlow.cs,248,13264,Lines,companion_miel,미엘,오래된 흔적이지만 누군가 머물렀던 자리였겠네요.,main11_miel_002,M11:Unity/Client/Assets/_Project/Scripts/World/MainQuest11DungeonFlow.cs:13264,Dungeon_01/Dungeon_01_B2/Field_03,2,companion_miel,companion_miel,미엘,오래된 흔적이지만 누군가 머물렀던 자리였겠네요.,오래된 흔적이지만 누군가 머물렀던 자리였겠네요.,,,문서\03_스토리\LOCAL_Story_Dialogue_원문_부록.md,오래된 흔적이지만 누군가 머물렀던 자리였겠네요.,main11_miel_002,미엘,오래된 흔적이지만 누군가 머물렀던 자리였겠네요.,Limitless_TTS_Output_PreSerin/dialogue_manifest_main01_12.csv,companion_miel,Unity/Client/Assets/_Project/Audio/Voice/Story/Main11/main11_miel_002.wav,c9bbd0663e3113d4f9edfbaf4fcdecea,main11_miel_002.wav,True,,False,False,-20.383015425453568,False,companion_miel,companion_miel (미제작은 NONE),NEEDS_LISTENING,,3.08,24000,1,921356ac6d7ac0e37f689b3b4386fc8453159c74ef01ace1856a070adacdc984,LOW,SEMANTIC_LISTENING_PRIORITY_LOW,0,NORMAL_METADATA_SEMANTICS_UNCONFIRMED,NEEDS_LISTENING,False,5b4b21dff49107e4fc2d8884d6570e59fa7f3fa785c5e67d74e3a99da407377d,-20.383015425453568,-0.9612768481473494,73920,1,21,Lines/step1,2,2,Lines/step1:2;,LISTEN_COMPARE_FULL_RUNTIME_TEXT
11,Unity/Client/Assets/_Project/Scripts/World/MainQuest11DungeonFlow.cs,248,13316,Lines,,<PlayerName>,서쪽 공간을 기록하겠습니다.,,M11:Unity/Client/Assets/_Project/Scripts/World/MainQuest11DungeonFlow.cs:13316,Dungeon_01/Dungeon_01_B2/Field_03,3,player,player,플레이어,서쪽 공간을 기록하겠습니다.,서쪽 공간을 기록하겠습니다.,,,문서\03_스토리\LOCAL_Story_Dialogue_원문_부록.md,서쪽 공간을 기록하겠습니다.,,,,,NONE,,,,,,False,False,,False,NONE,NONE,OK,,,,,,NOT_VOICE_TARGET,,,,OK,False,,,,,,,Lines/step1,2,3,Lines/step1:3;,
11,Unity/Client/Assets/_Project/Scripts/World/MainQuest11DungeonFlow.cs,249,13379,Lines,companion_taeon,태온,무너진 돌 사이의 긁힌 자국은 다른 흔적보다 새롭습니다.,main11_taeon_003,M11:Unity/Client/Assets/_Project/Scripts/World/MainQuest11DungeonFlow.cs:13379,Dungeon_01/Dungeon_01_B2/Field_03,4,companion_taeon,companion_taeon,태온,무너진 돌 사이의 긁힌 자국은 다른 흔적보다 새롭습니다.,무너진 돌 사이의 긁힌 자국은 다른 흔적보다 새롭습니다.,,,문서\03_스토리\LOCAL_Story_Dialogue_원문_부록.md,무너진 돌 사이의 긁힌 자국은 다른 흔적보다 새롭습니다.,main11_taeon_003,태온,무너진 돌 사이의 긁힌 자국은 다른 흔적보다 새롭습니다.,Limitless_TTS_Output_PreSerin/dialogue_manifest_main01_12.csv,companion_taeon,Unity/Client/Assets/_Project/Audio/Voice/Story/Main11/main11_taeon_003.wav,91455b4bc171bcc4c9b0183d942893cd,main11_taeon_003.wav,True,,False,False,-51.66797465960815,False,companion_taeon,companion_taeon (미제작은 NONE),NEEDS_LISTENING,,2.2,24000,1,e1145955ff4dea114b6e10ae252f6e42f9dc5d0f88d9cf2974a61a3420004222,HIGH,SEMANTIC_LISTENING_PRIORITY_HIGH,80,LOW_RMS_BELOW_MINUS45_DBFS,NEEDS_LISTENING,False,67763e0ef72f7fe73dddb7c250d9db669cb7e7b736594900af01dba418bfe695,-51.66797465960815,-34.51738445590585,52800,1,23,Lines/step2,3,1,Lines/step2:1;,LISTEN_COMPARE_FULL_RUNTIME_TEXT
11,Unity/Client/Assets/_Project/Scripts/World/MainQuest11DungeonFlow.cs,250,13457,Lines,companion_paul,폴,비슷한 선이 반복되네요. 뜻은 아직 알 수 없습니다.,main11_paul_002,M11:Unity/Client/Assets/_Project/Scripts/World/MainQuest11DungeonFlow.cs:13457,Dungeon_01/Dungeon_01_B2/Field_03,5,companion_paul,companion_paul,폴,비슷한 선이 반복되네요. 뜻은 아직 알 수 없습니다.,비슷한 선이 반복되네요. 뜻은 아직 알 수 없습니다.,,,문서\03_스토리\LOCAL_Story_Dialogue_원문_부록.md,비슷한 선이 반복되네요. 뜻은 아직 알 수 없습니다.,main11_paul_002,폴,비슷한 선이 반복되네요. 뜻은 아직 알 수 없습니다.,Limitless_TTS_Output_PreSerin/dialogue_manifest_main01_12.csv,companion_paul,Unity/Client/Assets/_Project/Audio/Voice/Story/Main11/main11_paul_002.wav,06fb285df7653a0419435d900c218239,main11_paul_002.wav,True,,False,False,-20.89828200347793,False,companion_paul,companion_paul (미제작은 NONE),NEEDS_LISTENING,,5.76,24000,1,14a1fab5295054ec8d3db17095da0180e12f972f395e00a41eba0f3be262f135,LOW,SEMANTIC_LISTENING_PRIORITY_LOW,0,NORMAL_METADATA_SEMANTICS_UNCONFIRMED,NEEDS_LISTENING,False,3746e8aac5b882dda107d26bfe65649d9a14528cdcd1bbc777b4db99cb4354b5,-20.89828200347793,-2.6441844538898778,138240,2,20,Lines/step2,3,2,Lines/step2:2;,LISTEN_COMPARE_FULL_RUNTIME_TEXT
11,Unity/Client/Assets/_Project/Scripts/World/MainQuest11DungeonFlow.cs,250,13512,Lines,,<PlayerName>,북쪽 장치도 확인해보죠.,,M11:Unity/Client/Assets/_Project/Scripts/World/MainQuest11DungeonFlow.cs:13512,Dungeon_01/Dungeon_01_B2/Field_03,6,player,player,플레이어,북쪽 장치도 확인해보죠.,북쪽 장치도 확인해보죠.,,,문서\03_스토리\LOCAL_Story_Dialogue_원문_부록.md,북쪽 장치도 확인해보죠.,,,,,NONE,,,,,,False,False,,False,NONE,NONE,OK,,,,,,NOT_VOICE_TARGET,,,,OK,False,,,,,,,Lines/step2,3,3,Lines/step2:3;,
11,Unity/Client/Assets/_Project/Scripts/World/MainQuest11DungeonFlow.cs,251,13573,Lines,companion_taeon,태온,양쪽 구조를 확인했습니다. 이제 이 장치를 움직일 수 있겠습니다.,main11_taeon_004,M11:Unity/Client/Assets/_Project/Scripts/World/MainQuest11DungeonFlow.cs:13573,Dungeon_01/Dungeon_01_B2/Field_03,7,companion_taeon,companion_taeon,태온,양쪽 구조를 확인했습니다. 이제 이 장치를 움직일 수 있겠습니다.,양쪽 구조를 확인했습니다. 이제 이 장치를 움직일 수 있겠습니다.,,,문서\03_스토리\LOCAL_Story_Dialogue_원문_부록.md,양쪽 구조를 확인했습니다. 이제 이 장치를 움직일 수 있겠습니다.,main11_taeon_004,태온,양쪽 구조를 확인했습니다. 이제 이 장치를 움직일 수 있겠습니다.,Limitless_TTS_Output_PreSerin/dialogue_manifest_main01_12.csv,companion_taeon,Unity/Client/Assets/_Project/Audio/Voice/Story/Main11/main11_taeon_004.wav,7c477d805c55c6c4f94e54ef0afdfd38,main11_taeon_004.wav,True,,False,False,-21.665527099950577,False,companion_taeon,companion_taeon (미제작은 NONE),NEEDS_LISTENING,,3.47,24000,1,d66a9178324350e5edbe12961d3f4d79b6b38cb8a3cd04583277b909fb8c0f9f,LOW,SEMANTIC_LISTENING_PRIORITY_LOW,0,NORMAL_METADATA_SEMANTICS_UNCONFIRMED,NEEDS_LISTENING,False,bd714ce345eeed4db76ee33929202a9bfdbab610fa9bcf14af10d03e920f1c70,-21.665527099950577,-4.835549460342249,83280,2,26,Lines/step3,4,1,Lines/step3:1;,LISTEN_COMPARE_FULL_RUNTIME_TEXT
11,Unity/Client/Assets/_Project/Scripts/World/MainQuest11DungeonFlow.cs,252,13656,Lines,companion_paul,폴,아래로 이어지는 길입니다. 단단한 가장자리를 따라 내려가죠.,main11_paul_003,M11:Unity/Client/Assets/_Project/Scripts/World/MainQuest11DungeonFlow.cs:13656,Dungeon_01/Dungeon_01_B2/Field_03,8,companion_paul,companion_paul,폴,아래로 이어지는 길입니다. 단단한 가장자리를 따라 내려가죠.,아래로 이어지는 길입니다. 단단한 가장자리를 따라 내려가죠.,,,문서\03_스토리\LOCAL_Story_Dialogue_원문_부록.md,아래로 이어지는 길입니다. 단단한 가장자리를 따라 내려가죠.,main11_paul_003,폴,아래로 이어지는 길입니다. 단단한 가장자리를 따라 내려가죠.,Limitless_TTS_Output_PreSerin/dialogue_manifest_main01_12.csv,companion_paul,Unity/Client/Assets/_Project/Audio/Voice/Story/Main11/main11_paul_003.wav,fc448551a9e1e99449eb24480408148d,main11_paul_003.wav,True,,False,False,-38.02742627111422,False,companion_paul,companion_paul (미제작은 NONE),NEEDS_LISTENING,,1.71,24000,1,d39e2b559abd6f73c56cb1177ce67e5310bb63486fe6955c8a0f1b2843691d12,HIGH,SEMANTIC_LISTENING_PRIORITY_HIGH,140,EXTREME_SHORT_TEXT_DURATION_RATIO;MULTI_SENTENCE_SHORT_AUDIO,NEEDS_LISTENING,False,4a80270e196a3b9c54e519f64216bf19373fc0d92d5ed9db4ff5f8dd8f8010cf,-38.02742627111422,-22.053070124863492,41040,2,25,Lines/step3,4,2,Lines/step3:2;,LISTEN_COMPARE_FULL_RUNTIME_TEXT
11,Unity/Client/Assets/_Project/Scripts/World/MainQuest11DungeonFlow.cs,253,13756,Lines,companion_miel,미엘,쓰이지 않은 안치 공간이 많아요. 위층과는 다르네요.,main11_miel_003,M11:Unity/Client/Assets/_Project/Scripts/World/MainQuest11DungeonFlow.cs:13756,Dungeon_01/Dungeon_01_B2/Field_03,9,companion_miel,companion_miel,미엘,쓰이지 않은 안치 공간이 많아요. 위층과는 다르네요.,쓰이지 않은 안치 공간이 많아요. 위층과는 다르네요.,,,문서\03_스토리\LOCAL_Story_Dialogue_원문_부록.md,쓰이지 않은 안치 공간이 많아요. 위층과는 다르네요.,main11_miel_003,미엘,쓰이지 않은 안치 공간이 많아요. 위층과는 다르네요.,Limitless_TTS_Output_PreSerin/dialogue_manifest_main01_12.csv,companion_miel,Unity/Client/Assets/_Project/Audio/Voice/Story/Main11/main11_miel_003.wav,7168a9339849c8241926ccf2e038bff6,main11_miel_003.wav,True,,False,False,-19.121462702419457,False,companion_miel,companion_miel (미제작은 NONE),NEEDS_LISTENING,,4.2,24000,1,a50a6fdf4855fa7104cebe2a043a32a790f48c57e58a193789112447a7cc0ef7,LOW,SEMANTIC_LISTENING_PRIORITY_LOW,0,NORMAL_METADATA_SEMANTICS_UNCONFIRMED,NEEDS_LISTENING,False,ba1052f681cf79d89e0b903b0a7b6de951a7e0a6e187bbc212fbb9b7efddf496,-19.121462702419457,-4.54625080155303,100800,2,21,Lines/step5,6,1,Lines/step5:1;,LISTEN_COMPARE_FULL_RUNTIME_TEXT
11,Unity/Client/Assets/_Project/Scripts/World/MainQuest11DungeonFlow.cs,254,13831,Lines,companion_taeon,태온,돌을 다듬은 방식도 더 정교합니다. 안쪽부터 확인하죠.,main11_taeon_005,M11:Unity/Client/Assets/_Project/Scripts/World/MainQuest11DungeonFlow.cs:13831,Dungeon_01/Dungeon_01_B2/Field_03,10,companion_taeon,companion_taeon,태온,돌을 다듬은 방식도 더 정교합니다. 안쪽부터 확인하죠.,돌을 다듬은 방식도 더 정교합니다. 안쪽부터 확인하죠.,,,문서\03_스토리\LOCAL_Story_Dialogue_원문_부록.md,돌을 다듬은 방식도 더 정교합니다. 안쪽부터 확인하죠.,main11_taeon_005,태온,돌을 다듬은 방식도 더 정교합니다. 안쪽부터 확인하죠.,Limitless_TTS_Output_PreSerin/dialogue_manifest_main01_12.csv,companion_taeon,Unity/Client/Assets/_Project/Audio/Voice/Story/Main11/main11_taeon_005.wav,98f06a071471ebd4aa4af8f4b2a5ace5,main11_taeon_005.wav,True,,False,False,-52.76793095403599,False,companion_taeon,companion_taeon (미제작은 NONE),NEEDS_LISTENING,,2.3,24000,1,021a6e5ab980dff0c5e0867af9950629f00685b3b26f1e2cf1f1b4bdd387d850,HIGH,SEMANTIC_LISTENING_PRIORITY_HIGH,80,LOW_RMS_BELOW_MINUS45_DBFS,NEEDS_LISTENING,False,4cb597185449241f7e623241146a3c2e64b8cb6ff0d7b0caf714d3b45faefdde,-52.76793095403599,-34.19898153602635,55200,2,22,Lines/step5,6,2,Lines/step5:2;,LISTEN_COMPARE_FULL_RUNTIME_TEXT
11,Unity/Client/Assets/_Project/Scripts/World/MainQuest11DungeonFlow.cs,255,13908,Lines,companion_paul,폴,바닥은 지나갈 수 있습니다. 거친 부분은 표시해두겠습니다.,main11_paul_004,M11:Unity/Client/Assets/_Project/Scripts/World/MainQuest11DungeonFlow.cs:13908,Dungeon_01/Dungeon_01_B2/Field_03,11,companion_paul,companion_paul,폴,바닥은 지나갈 수 있습니다. 거친 부분은 표시해두겠습니다.,바닥은 지나갈 수 있습니다. 거친 부분은 표시해두겠습니다.,,,문서\03_스토리\LOCAL_Story_Dialogue_원문_부록.md,바닥은 지나갈 수 있습니다. 거친 부분은 표시해두겠습니다.,main11_paul_004,폴,바닥은 지나갈 수 있습니다. 거친 부분은 표시해두겠습니다.,Limitless_TTS_Output_PreSerin/dialogue_manifest_main01_12.csv,companion_paul,Unity/Client/Assets/_Project/Audio/Voice/Story/Main11/main11_paul_004.wav,ce6795d1d3d454a4e922419728d50e20,main11_paul_004.wav,True,,False,False,-20.690746513897018,False,companion_paul,companion_paul (미제작은 NONE),NEEDS_LISTENING,,4.39,24000,1,f310ba402a74edbbff343b00a19c0398b91b354dcb532e5575066dbc5a6052f9,LOW,SEMANTIC_LISTENING_PRIORITY_LOW,0,NORMAL_METADATA_SEMANTICS_UNCONFIRMED,NEEDS_LISTENING,False,51950282792d54ab5c9b4d6b9dec1475d2c1883c9e6427fcfccd736982c7f589,-20.690746513897018,-1.924758246732843,105360,2,24,Lines/step5,6,3,Lines/step5:3;,LISTEN_COMPARE_FULL_RUNTIME_TEXT
11,Unity/Client/Assets/_Project/Scripts/World/MainQuest11DungeonFlow.cs,256,14007,Lines,companion_paul,폴,닫힌 묘실인데 안치 흔적은 거의 없습니다. 다른 용도였을 수도 있겠네요.,main11_paul_005,M11:Unity/Client/Assets/_Project/Scripts/World/MainQuest11DungeonFlow.cs:14007,Dungeon_01/Dungeon_01_B2/Field_03,12,companion_paul,companion_paul,폴,닫힌 묘실인데 안치 흔적은 거의 없습니다. 다른 용도였을 수도 있겠네요.,닫힌 묘실인데 안치 흔적은 거의 없습니다. 다른 용도였을 수도 있겠네요.,,,문서\03_스토리\LOCAL_Story_Dialogue_원문_부록.md,닫힌 묘실인데 안치 흔적은 거의 없습니다. 다른 용도였을 수도 있겠네요.,main11_paul_005,폴,닫힌 묘실인데 안치 흔적은 거의 없습니다. 다른 용도였을 수도 있겠네요.,Limitless_TTS_Output_PreSerin/dialogue_manifest_main01_12.csv,companion_paul,Unity/Client/Assets/_Project/Audio/Voice/Story/Main11/main11_paul_005.wav,c5befd70fbcaf27499580c0c4193d348,main11_paul_005.wav,True,,False,False,-22.331077058343,False,companion_paul,companion_paul (미제작은 NONE),NEEDS_LISTENING,,8.34,24000,1,d941ae94eb65c81d406141f68dfad6cab40f33ecce4aade8f1b61420dc63c151,LOW,SEMANTIC_LISTENING_PRIORITY_LOW,0,NORMAL_METADATA_SEMANTICS_UNCONFIRMED,NEEDS_LISTENING,False,a9a2c3ba7bf3def1e29f335278c76cb04f2b905d58c149c7a596a75779fd02a8,-22.331077058343,-6.743276123643012,200160,2,29,Lines/step6,7,1,Lines/step6:1;,LISTEN_COMPARE_FULL_RUNTIME_TEXT
11,Unity/Client/Assets/_Project/Scripts/World/MainQuest11DungeonFlow.cs,257,14093,Lines,companion_miel,미엘,"폴, 이쪽 바닥은 괜찮아요?",main11_miel_004,M11:Unity/Client/Assets/_Project/Scripts/World/MainQuest11DungeonFlow.cs:14093,Dungeon_01/Dungeon_01_B2/Field_03,13,companion_miel,companion_miel,미엘,"폴, 이쪽 바닥은 괜찮아요?","폴, 이쪽 바닥은 괜찮아요?",,,문서\03_스토리\LOCAL_Story_Dialogue_원문_부록.md,"폴, 이쪽 바닥은 괜찮아요?",main11_miel_004,미엘,"폴, 이쪽 바닥은 괜찮아요?",Limitless_TTS_Output_PreSerin/dialogue_manifest_main01_12.csv,companion_miel,Unity/Client/Assets/_Project/Audio/Voice/Story/Main11/main11_miel_004.wav,f659e0a2be2748e45b49e47a40f64bf6,main11_miel_004.wav,True,,False,False,-19.551856102982015,False,companion_miel,companion_miel (미제작은 NONE),NEEDS_LISTENING,,5.28,24000,1,f9fbeab12d0319eae56b9ad4ac2adde89e5593c422ca03d1a6f6b42d5fd8e1f0,LOW,SEMANTIC_LISTENING_PRIORITY_LOW,0,NORMAL_METADATA_SEMANTICS_UNCONFIRMED,NEEDS_LISTENING,False,478b801bfc290da116e3d950dfa242c7f481fab618a008b9d4f829dd00235789,-19.551856102982015,-2.892817568284452,126720,1,10,Lines/step6,7,2,Lines/step6:2;,LISTEN_COMPARE_FULL_RUNTIME_TEXT
11,Unity/Client/Assets/_Project/Scripts/World/MainQuest11DungeonFlow.cs,257,14134,Lines,companion_paul,폴,네. 조금 거칠지만 지나갈 수 있습니다.,main11_paul_006,M11:Unity/Client/Assets/_Project/Scripts/World/MainQuest11DungeonFlow.cs:14134,Dungeon_01/Dungeon_01_B2/Field_03,14,companion_paul,companion_paul,폴,네. 조금 거칠지만 지나갈 수 있습니다.,네. 조금 거칠지만 지나갈 수 있습니다.,,,문서\03_스토리\LOCAL_Story_Dialogue_원문_부록.md,네. 조금 거칠지만 지나갈 수 있습니다.,main11_paul_006,폴,네. 조금 거칠지만 지나갈 수 있습니다.,Limitless_TTS_Output_PreSerin/dialogue_manifest_main01_12.csv,companion_paul,Unity/Client/Assets/_Project/Audio/Voice/Story/Main11/main11_paul_006.wav,20c062bec16b763459823676c51d7b94,main11_paul_006.wav,True,,False,False,-21.64150609890077,False,companion_paul,companion_paul (미제작은 NONE),NEEDS_LISTENING,,4.87,24000,1,6cd602fe6de54605d8e994a2c4de2674ebe9f7a1145825cbbe93f722206b9f53,LOW,SEMANTIC_LISTENING_PRIORITY_LOW,0,NORMAL_METADATA_SEMANTICS_UNCONFIRMED,NEEDS_LISTENING,False,dcf7965867efb21f908d51a3a7d3074bf48af304d50a93378104b4656552c10d,-21.64150609890077,-1.9154999981169114,116880,2,15,Lines/step6,7,3,Lines/step6:3;,LISTEN_COMPARE_FULL_RUNTIME_TEXT
11,Unity/Client/Assets/_Project/Scripts/World/MainQuest11DungeonFlow.cs,258,14223,Lines,companion_taeon,태온,석재의 홈과 문양이 반복됩니다. 의미는 아직 모르겠습니다.,main11_taeon_006,M11:Unity/Client/Assets/_Project/Scripts/World/MainQuest11DungeonFlow.cs:14223,Dungeon_01/Dungeon_01_B2/Field_03,15,companion_taeon,companion_taeon,태온,석재의 홈과 문양이 반복됩니다. 의미는 아직 모르겠습니다.,석재의 홈과 문양이 반복됩니다. 의미는 아직 모르겠습니다.,,,문서\03_스토리\LOCAL_Story_Dialogue_원문_부록.md,석재의 홈과 문양이 반복됩니다. 의미는 아직 모르겠습니다.,main11_taeon_006,태온,석재의 홈과 문양이 반복됩니다. 의미는 아직 모르겠습니다.,Limitless_TTS_Output_PreSerin/dialogue_manifest_main01_12.csv,companion_taeon,Unity/Client/Assets/_Project/Audio/Voice/Story/Main11/main11_taeon_006.wav,38e54470a5c80bc48adfcb7688a6c4e5,main11_taeon_006.wav,True,,False,False,-20.737655680079033,False,companion_taeon,companion_taeon (미제작은 NONE),NEEDS_LISTENING,,3.63,24000,1,7124492cce96fb51eda408a562229a138ab2ec569b26cf3a4e99866dc31a8c68,LOW,SEMANTIC_LISTENING_PRIORITY_LOW,0,NORMAL_METADATA_SEMANTICS_UNCONFIRMED,NEEDS_LISTENING,False,707d83493bd801e4d114a8b972b781e14efe9fb3f0d9444b2b2a77cc8f138e6a,-20.737655680079033,-4.440863589938675,87120,2,24,Lines/step7,8,1,Lines/step7:1;,LISTEN_COMPARE_FULL_RUNTIME_TEXT
11,Unity/Client/Assets/_Project/Scripts/World/MainQuest11DungeonFlow.cs,259,14302,Lines,companion_paul,폴,용도를 정하기에는 단서가 모자랍니다. 본 것만 기록하죠.,main11_paul_007,M11:Unity/Client/Assets/_Project/Scripts/World/MainQuest11DungeonFlow.cs:14302,Dungeon_01/Dungeon_01_B2/Field_03,16,companion_paul,companion_paul,폴,용도를 정하기에는 단서가 모자랍니다. 본 것만 기록하죠.,용도를 정하기에는 단서가 모자랍니다. 본 것만 기록하죠.,,,문서\03_스토리\LOCAL_Story_Dialogue_원문_부록.md,용도를 정하기에는 단서가 모자랍니다. 본 것만 기록하죠.,main11_paul_007,폴,용도를 정하기에는 단서가 모자랍니다. 본 것만 기록하죠.,Limitless_TTS_Output_PreSerin/dialogue_manifest_main01_12.csv,companion_paul,Unity/Client/Assets/_Project/Audio/Voice/Story/Main11/main11_paul_007.wav,00e49925a29511c4e87c3fef00365ce0,main11_paul_007.wav,True,,False,False,-20.88381665051084,False,companion_paul,companion_paul (미제작은 NONE),NEEDS_LISTENING,,6.0,24000,1,556d96726de77620476c40efd9e77eb2b78ff4dd6d401fa2034b748d0eddff8b,LOW,SEMANTIC_LISTENING_PRIORITY_LOW,0,NORMAL_METADATA_SEMANTICS_UNCONFIRMED,NEEDS_LISTENING,False,62496ff6d8a2a47a5fe7f0155cd9377f2939cfa8b3036e5dc242d303c8fbcf7e,-20.88381665051084,-2.8979967692102093,144000,2,23,Lines/step7,8,2,Lines/step7:2;,LISTEN_COMPARE_FULL_RUNTIME_TEXT
11,Unity/Client/Assets/_Project/Scripts/World/MainQuest11DungeonFlow.cs,260,14400,Lines,companion_paul,폴,푸른 흐름은 이 방에서 시작되는 것 같지 않습니다. 더 안쪽에서 들어오는 듯하군요.,main11_paul_008,M11:Unity/Client/Assets/_Project/Scripts/World/MainQuest11DungeonFlow.cs:14400,Dungeon_01/Dungeon_01_B2/Field_03,17,companion_paul,companion_paul,폴,푸른 흐름은 이 방에서 시작되는 것 같지 않습니다. 더 안쪽에서 들어오는 듯하군요.,푸른 흐름은 이 방에서 시작되는 것 같지 않습니다. 더 안쪽에서 들어오는 듯하군요.,,,문서\03_스토리\LOCAL_Story_Dialogue_원문_부록.md,푸른 흐름은 이 방에서 시작되는 것 같지 않습니다. 더 안쪽에서 들어오는 듯하군요.,main11_paul_008,폴,푸른 흐름은 이 방에서 시작되는 것 같지 않습니다. 더 안쪽에서 들어오는 듯하군요.,Limitless_TTS_Output_PreSerin/dialogue_manifest_main01_12.csv,companion_paul,Unity/Client/Assets/_Project/Audio/Voice/Story/Main11/main11_paul_008.wav,39d58a63e77b90541a6277af10e7a55c,main11_paul_008.wav,True,,False,False,-32.75949290869986,False,companion_paul,companion_paul (미제작은 NONE),NEEDS_LISTENING,,1.52,24000,1,8f1497d5013d003cadb21321f54b1c69d4afc4794b76314498306a572855e52b,HIGH,SEMANTIC_LISTENING_PRIORITY_HIGH,140,EXTREME_SHORT_TEXT_DURATION_RATIO;MULTI_SENTENCE_SHORT_AUDIO,NEEDS_LISTENING,False,9b04ea8033099bdfcc279a0b085984696256d48a0fed2f08d330d7f781e6062a,-32.75949290869986,-19.92556942276118,36480,2,33,Lines/step8,9,1,Lines/step8:1;,LISTEN_COMPARE_FULL_RUNTIME_TEXT
11,Unity/Client/Assets/_Project/Scripts/World/MainQuest11DungeonFlow.cs,261,14492,Lines,companion_taeon,태온,방향은 확인했습니다. 근원은 아직 모릅니다.,main11_taeon_007,M11:Unity/Client/Assets/_Project/Scripts/World/MainQuest11DungeonFlow.cs:14492,Dungeon_01/Dungeon_01_B2/Field_03,18,companion_taeon,companion_taeon,태온,방향은 확인했습니다. 근원은 아직 모릅니다.,방향은 확인했습니다. 근원은 아직 모릅니다.,,,문서\03_스토리\LOCAL_Story_Dialogue_원문_부록.md,방향은 확인했습니다. 근원은 아직 모릅니다.,main11_taeon_007,태온,방향은 확인했습니다. 근원은 아직 모릅니다.,Limitless_TTS_Output_PreSerin/dialogue_manifest_main01_12.csv,companion_taeon,Unity/Client/Assets/_Project/Audio/Voice/Story/Main11/main11_taeon_007.wav,7a29e55920c6c664d9f2cef26eb2e940,main11_taeon_007.wav,True,,False,False,-56.415668291762096,False,companion_taeon,companion_taeon (미제작은 NONE),NEEDS_LISTENING,,1.46,24000,1,12a88a72b1596be3d3e65b0f3c5b43393e35ce83b0042e259712a19e3e6d54e4,HIGH,SEMANTIC_LISTENING_PRIORITY_HIGH,150,LOW_RMS_BELOW_MINUS45_DBFS;MULTI_SENTENCE_SHORT_AUDIO,NEEDS_LISTENING,False,b2bfd36fcfa6f42aae31083a5b5b128fa4949e4c7ad3e203974c9d15158eb8b5,-56.415668291762096,-37.65985285549987,35040,2,18,Lines/step8,9,2,Lines/step8:2;,LISTEN_COMPARE_FULL_RUNTIME_TEXT
11,Unity/Client/Assets/_Project/Scripts/World/MainQuest11DungeonFlow.cs,261,14543,Lines,companion_miel,미엘,무리하지 말고 앞쪽을 살펴봐요.,main11_miel_005,M11:Unity/Client/Assets/_Project/Scripts/World/MainQuest11DungeonFlow.cs:14543,Dungeon_01/Dungeon_01_B2/Field_03,19,companion_miel,companion_miel,미엘,무리하지 말고 앞쪽을 살펴봐요.,무리하지 말고 앞쪽을 살펴봐요.,,,문서\03_스토리\LOCAL_Story_Dialogue_원문_부록.md,무리하지 말고 앞쪽을 살펴봐요.,main11_miel_005,미엘,무리하지 말고 앞쪽을 살펴봐요.,Limitless_TTS_Output_PreSerin/dialogue_manifest_main01_12.csv,companion_miel,Unity/Client/Assets/_Project/Audio/Voice/Story/Main11/main11_miel_005.wav,3b2e9370358c5734381443c5cc27b202,main11_miel_005.wav,True,,False,False,-20.657793823061752,False,companion_miel,companion_miel (미제작은 NONE),NEEDS_LISTENING,,5.47,24000,1,f80c4b23645bc946486f408c5e66d9d506d7deb161391ea0490074ca76f1bc88,LOW,SEMANTIC_LISTENING_PRIORITY_LOW,0,NORMAL_METADATA_SEMANTICS_UNCONFIRMED,NEEDS_LISTENING,False,b828a8c2a3ab78ade3db836aaf16061b8dc3a03b779122210dabe549d4db1c00,-20.657793823061752,-2.528513683920452,131280,1,13,Lines/step8,9,3,Lines/step8:3;,LISTEN_COMPARE_FULL_RUNTIME_TEXT
11,Unity/Client/Assets/_Project/Scripts/World/MainQuest11DungeonFlow.cs,262,14628,Lines,companion_paul,폴,빛이 이 구조물에서 만들어지는 건 아닌 것 같습니다. 아래에서 올라와 틈을 지나갑니다.,main11_paul_009,M11:Unity/Client/Assets/_Project/Scripts/World/MainQuest11DungeonFlow.cs:14628,Dungeon_01/Dungeon_01_B2/Field_03,20,companion_paul,companion_paul,폴,빛이 이 구조물에서 만들어지는 건 아닌 것 같습니다. 아래에서 올라와 틈을 지나갑니다.,빛이 이 구조물에서 만들어지는 건 아닌 것 같습니다. 아래에서 올라와 틈을 지나갑니다.,,,문서\03_스토리\LOCAL_Story_Dialogue_원문_부록.md,빛이 이 구조물에서 만들어지는 건 아닌 것 같습니다. 아래에서 올라와 틈을 지나갑니다.,main11_paul_009,폴,빛이 이 구조물에서 만들어지는 건 아닌 것 같습니다. 아래에서 올라와 틈을 지나갑니다.,Limitless_TTS_Output_PreSerin/dialogue_manifest_main01_12.csv,companion_paul,Unity/Client/Assets/_Project/Audio/Voice/Story/Main11/main11_paul_009.wav,8779977c5436e1e458b4cdafe960ff53,main11_paul_009.wav,True,,False,False,-22.318492857955196,False,companion_paul,companion_paul (미제작은 NONE),NEEDS_LISTENING,,13.72,24000,1,35812b590ef10bd201ddafe707734ec5abb827f25aa67c69107335b74f7c6629,MEDIUM,SEMANTIC_LISTENING_PRIORITY_MEDIUM,25,LONG_MULTI_SENTENCE_OR_3_LINES,NEEDS_LISTENING,False,631281aaa3adbfdd22e4e950a659584a1f5ec298359c92d16b5414da4897772c,-22.318492857955196,-3.6207279624523525,329280,2,35,Lines/step10,11,1,Lines/step10:1;,LISTEN_COMPARE_FULL_RUNTIME_TEXT
11,Unity/Client/Assets/_Project/Scripts/World/MainQuest11DungeonFlow.cs,263,14722,Lines,companion_taeon,태온,그렇다면 지금 보이는 균열로 내려갈 수 있겠습니까?,main11_taeon_008,M11:Unity/Client/Assets/_Project/Scripts/World/MainQuest11DungeonFlow.cs:14722,Dungeon_01/Dungeon_01_B2/Field_03,21,companion_taeon,companion_taeon,태온,그렇다면 지금 보이는 균열로 내려갈 수 있겠습니까?,그렇다면 지금 보이는 균열로 내려갈 수 있겠습니까?,,,문서\03_스토리\LOCAL_Story_Dialogue_원문_부록.md,그렇다면 지금 보이는 균열로 내려갈 수 있겠습니까?,main11_taeon_008,태온,그렇다면 지금 보이는 균열로 내려갈 수 있겠습니까?,Limitless_TTS_Output_PreSerin/dialogue_manifest_main01_12.csv,companion_taeon,Unity/Client/Assets/_Project/Audio/Voice/Story/Main11/main11_taeon_008.wav,467c5d2ebc0b31d429dd1bb284462384,main11_taeon_008.wav,True,,False,False,-21.714687421450076,False,companion_taeon,companion_taeon (미제작은 NONE),NEEDS_LISTENING,,2.09,24000,1,93f6f2aa84d43e51e10f2ebed49e34dec68e1bacd364e8ff13f3ffd34d6141ec,LOW,SEMANTIC_LISTENING_PRIORITY_LOW,0,NORMAL_METADATA_SEMANTICS_UNCONFIRMED,NEEDS_LISTENING,False,6ee4e2d2faf8aba1fac2988d919f698a71e214a6e595a1d17879de080fda7212,-21.714687421450076,-3.483078636993044,50160,1,21,Lines/step10,11,2,Lines/step10:2;,LISTEN_COMPARE_FULL_RUNTIME_TEXT
11,Unity/Client/Assets/_Project/Scripts/World/MainQuest11DungeonFlow.cs,264,14797,Lines,companion_miel,미엘,아래쪽은 많이 무너져 있어요.,main11_miel_006,M11:Unity/Client/Assets/_Project/Scripts/World/MainQuest11DungeonFlow.cs:14797,Dungeon_01/Dungeon_01_B2/Field_03,22,companion_miel,companion_miel,미엘,아래쪽은 많이 무너져 있어요.,아래쪽은 많이 무너져 있어요.,,,문서\03_스토리\LOCAL_Story_Dialogue_원문_부록.md,아래쪽은 많이 무너져 있어요.,main11_miel_006,미엘,아래쪽은 많이 무너져 있어요.,Limitless_TTS_Output_PreSerin/dialogue_manifest_main01_12.csv,companion_miel,Unity/Client/Assets/_Project/Audio/Voice/Story/Main11/main11_miel_006.wav,c4d9cff4a71832442b563acbda4a631e,main11_miel_006.wav,True,,False,False,-19.07550862329024,False,companion_miel,companion_miel (미제작은 NONE),NEEDS_LISTENING,,2.39,24000,1,7b4d4f215d8d2dbb4b7dfdf472484be9944ea625e55d7e34bb0b110b42865b32,LOW,SEMANTIC_LISTENING_PRIORITY_LOW,0,NORMAL_METADATA_SEMANTICS_UNCONFIRMED,NEEDS_LISTENING,False,93ba8f33cfc7069956593357faa565e2f3b693817374494e621a4d4f88342509,-19.07550862329024,-2.951448566436747,57360,1,12,Lines/step10,11,3,Lines/step10:3;,LISTEN_COMPARE_FULL_RUNTIME_TEXT
11,Unity/Client/Assets/_Project/Scripts/World/MainQuest11DungeonFlow.cs,265,14859,Lines,companion_taeon,태온,지금 억지로 들어가는 건 위험합니다.,main11_taeon_009,M11:Unity/Client/Assets/_Project/Scripts/World/MainQuest11DungeonFlow.cs:14859,Dungeon_01/Dungeon_01_B2/Field_03,23,companion_taeon,companion_taeon,태온,지금 억지로 들어가는 건 위험합니다.,지금 억지로 들어가는 건 위험합니다.,,,문서\03_스토리\LOCAL_Story_Dialogue_원문_부록.md,지금 억지로 들어가는 건 위험합니다.,main11_taeon_009,태온,지금 억지로 들어가는 건 위험합니다.,Limitless_TTS_Output_PreSerin/dialogue_manifest_main01_12.csv,companion_taeon,Unity/Client/Assets/_Project/Audio/Voice/Story/Main11/main11_taeon_009.wav,03e3127a965296c43a9d250a35e08578,main11_taeon_009.wav,True,,False,False,-54.82016666175912,False,companion_taeon,companion_taeon (미제작은 NONE),NEEDS_LISTENING,,1.21,24000,1,9bf28b3a9515091a3cf739397661189e4d79a6be772b65cadc9935862d603d9b,HIGH,SEMANTIC_LISTENING_PRIORITY_HIGH,80,LOW_RMS_BELOW_MINUS45_DBFS,NEEDS_LISTENING,False,54501e08590774d542078d6217cf9901afd8218dbcb30e9865e5f2d1354eda5b,-54.82016666175912,-35.438803404625766,29040,1,15,Lines/step10,11,4,Lines/step10:4;,LISTEN_COMPARE_FULL_RUNTIME_TEXT
11,Unity/Client/Assets/_Project/Scripts/World/MainQuest11DungeonFlow.cs,266,14926,Lines,companion_paul,폴,동의합니다. 무너진 지하에서 길을 개척하는 취미는 없거든요.,main11_paul_010,M11:Unity/Client/Assets/_Project/Scripts/World/MainQuest11DungeonFlow.cs:14926,Dungeon_01/Dungeon_01_B2/Field_03,24,companion_paul,companion_paul,폴,동의합니다. 무너진 지하에서 길을 개척하는 취미는 없거든요.,동의합니다. 무너진 지하에서 길을 개척하는 취미는 없거든요.,,,문서\03_스토리\LOCAL_Story_Dialogue_원문_부록.md,동의합니다. 무너진 지하에서 길을 개척하는 취미는 없거든요.,main11_paul_010,폴,동의합니다. 무너진 지하에서 길을 개척하는 취미는 없거든요.,Limitless_TTS_Output_PreSerin/dialogue_manifest_main01_12.csv,companion_paul,Unity/Client/Assets/_Project/Audio/Voice/Story/Main11/main11_paul_010.wav,65e4785eb7ea4ed4fab73dbcb7ef7a9d,main11_paul_010.wav,True,,False,False,-21.008511256523732,False,companion_paul,companion_paul (미제작은 NONE),NEEDS_LISTENING,,4.6,24000,1,f7be831f9d01ab67b42b9c58d1545da647d5b774d466b63c9a76522f84bf2ecb,LOW,SEMANTIC_LISTENING_PRIORITY_LOW,0,NORMAL_METADATA_SEMANTICS_UNCONFIRMED,NEEDS_LISTENING,False,63828933b6f586da7d7522e4f62c8b0980a3c092dd14a95a113309fbb6ca8f04,-21.008511256523732,-2.742131027698953,110400,2,25,Lines/step10,11,5,Lines/step10:5;,LISTEN_COMPARE_FULL_RUNTIME_TEXT
11,Unity/Client/Assets/_Project/Scripts/World/MainQuest11DungeonFlow.cs,267,15027,Lines,companion_paul,폴,석판은 대부분 부서졌습니다. 글자를 읽기는 어렵겠네요.,main11_paul_011,M11:Unity/Client/Assets/_Project/Scripts/World/MainQuest11DungeonFlow.cs:15027,Dungeon_01/Dungeon_01_B2/Field_03,25,companion_paul,companion_paul,폴,석판은 대부분 부서졌습니다. 글자를 읽기는 어렵겠네요.,석판은 대부분 부서졌습니다. 글자를 읽기는 어렵겠네요.,,,문서\03_스토리\LOCAL_Story_Dialogue_원문_부록.md,석판은 대부분 부서졌습니다. 글자를 읽기는 어렵겠네요.,main11_paul_011,폴,석판은 대부분 부서졌습니다. 글자를 읽기는 어렵겠네요.,Limitless_TTS_Output_PreSerin/dialogue_manifest_main01_12.csv,companion_paul,Unity/Client/Assets/_Project/Audio/Voice/Story/Main11/main11_paul_011.wav,659db3d1704a78040adacf51dff8816d,main11_paul_011.wav,True,,False,False,-22.175470420748404,False,companion_paul,companion_paul (미제작은 NONE),NEEDS_LISTENING,,5.8,24000,1,29b529f7404146511942a0a2442edb8d51877f3fd2bc24b7443fbe18deed9ef5,LOW,SEMANTIC_LISTENING_PRIORITY_LOW,0,NORMAL_METADATA_SEMANTICS_UNCONFIRMED,NEEDS_LISTENING,False,5c6087f09e7379daa90590774601237abfb1c89b0f14bd4de39e9ce0929318dd,-22.175470420748404,-3.55422435451702,139200,2,23,Lines/step11,12,1,Lines/step11:1;,LISTEN_COMPARE_FULL_RUNTIME_TEXT
11,Unity/Client/Assets/_Project/Scripts/World/MainQuest11DungeonFlow.cs,268,15103,Lines,companion_miel,미엘,밖에서 알아볼 수 있는 사람이 있을지도 몰라요.,main11_miel_007,M11:Unity/Client/Assets/_Project/Scripts/World/MainQuest11DungeonFlow.cs:15103,Dungeon_01/Dungeon_01_B2/Field_03,26,companion_miel,companion_miel,미엘,밖에서 알아볼 수 있는 사람이 있을지도 몰라요.,밖에서 알아볼 수 있는 사람이 있을지도 몰라요.,,,문서\03_스토리\LOCAL_Story_Dialogue_원문_부록.md,밖에서 알아볼 수 있는 사람이 있을지도 몰라요.,main11_miel_007,미엘,밖에서 알아볼 수 있는 사람이 있을지도 몰라요.,Limitless_TTS_Output_PreSerin/dialogue_manifest_main01_12.csv,companion_miel,Unity/Client/Assets/_Project/Audio/Voice/Story/Main11/main11_miel_007.wav,d377c8382a9e491489df67886c4c0cdf,main11_miel_007.wav,True,,False,False,-19.222021740584513,False,companion_miel,companion_miel (미제작은 NONE),NEEDS_LISTENING,,3.01,24000,1,88a2c450f573cb7d8ed0243e920501ccbdbbab851cc0c47219a6e138c98fa9a0,LOW,SEMANTIC_LISTENING_PRIORITY_LOW,0,NORMAL_METADATA_SEMANTICS_UNCONFIRMED,NEEDS_LISTENING,False,627e213de98636de77dd466d81b340fbcb742d26dbb146bd9b8dca74196658f5,-19.222021740584513,-3.088047935282725,72240,1,19,Lines/step11,12,2,Lines/step11:2;,LISTEN_COMPARE_FULL_RUNTIME_TEXT
11,Unity/Client/Assets/_Project/Scripts/World/MainQuest11DungeonFlow.cs,269,15175,Lines,companion_taeon,태온,지하묘지에서 본 것과 같은 문양입니다. 가져가는 편이 좋겠습니다.,main11_taeon_010,M11:Unity/Client/Assets/_Project/Scripts/World/MainQuest11DungeonFlow.cs:15175,Dungeon_01/Dungeon_01_B2/Field_03,27,companion_taeon,companion_taeon,태온,지하묘지에서 본 것과 같은 문양입니다. 가져가는 편이 좋겠습니다.,지하묘지에서 본 것과 같은 문양입니다. 가져가는 편이 좋겠습니다.,,,문서\03_스토리\LOCAL_Story_Dialogue_원문_부록.md,지하묘지에서 본 것과 같은 문양입니다. 가져가는 편이 좋겠습니다.,main11_taeon_010,태온,지하묘지에서 본 것과 같은 문양입니다. 가져가는 편이 좋겠습니다.,Limitless_TTS_Output_PreSerin/dialogue_manifest_main01_12.csv,companion_taeon,Unity/Client/Assets/_Project/Audio/Voice/Story/Main11/main11_taeon_010.wav,5d097a42fb0b84743bd0e2d129aaebd7,main11_taeon_010.wav,True,,False,False,-49.65707301764588,False,companion_taeon,companion_taeon (미제작은 NONE),NEEDS_LISTENING,,1.51,24000,1,6b727309e49a1225cde0a410bfe6cf0033843abe0406043212ac03dbbdac16ae,HIGH,SEMANTIC_LISTENING_PRIORITY_HIGH,220,LOW_RMS_BELOW_MINUS45_DBFS;EXTREME_SHORT_TEXT_DURATION_RATIO;MULTI_SENTENCE_SHORT_AUDIO,NEEDS_LISTENING,False,dc02fd110be25c03162ff6353c74c8224098ab1e9989228ae7e4466da0023f01,-49.65707301764588,-32.77309917518035,36240,2,27,Lines/step11,12,3,Lines/step11:3;,LISTEN_COMPARE_FULL_RUNTIME_TEXT
11,Unity/Client/Assets/_Project/Scripts/World/MainQuest11DungeonFlow.cs,270,15280,Lines,,<PlayerName>,주변을 더 살펴보겠습니다.,,M11:Unity/Client/Assets/_Project/Scripts/World/MainQuest11DungeonFlow.cs:15280,Dungeon_01/Dungeon_01_B2/Field_03,28,player,player,플레이어,주변을 더 살펴보겠습니다.,주변을 더 살펴보겠습니다.,,,문서\03_스토리\LOCAL_Story_Dialogue_원문_부록.md,주변을 더 살펴보겠습니다.,,,,,NONE,,,,,,False,False,,False,NONE,NONE,OK,,,,,,NOT_VOICE_TARGET,,,,OK,False,,,,,,,Lines/step9,10,1,Lines/step0:1;Lines/step4:1;Lines/step9:1;,
12,Unity/Client/Assets/_Project/Scripts/World/Chapter2IntroFlow.cs,237,13327,TryHandleNpc,starter-village-general-store,잡화 상인,예전에 서쪽에서 온 상인이 비슷한 문양이 새겨진 돌을 가져온 적이 있어요. 뜻까지는 모릅니다.,,M12:Unity/Client/Assets/_Project/Scripts/World/Chapter2IntroFlow.cs:13327,Field_03/World_StarterVillage,1,starter-village-general-store,starter-village-general-store,잡화 상인,예전에 서쪽에서 온 상인이 비슷한 문양이 새겨진 돌을 가져온 적이 있어요. 뜻까지는 모릅니다.,예전에 서쪽에서 온 상인이 비슷한 문양이 새겨진 돌을 가져온 적이 있어요. 뜻까지는 모릅니다.,,,문서\03_스토리\LOCAL_Story_Dialogue_원문_부록.md,예전에 서쪽에서 온 상인이 비슷한 문양이 새겨진 돌을 가져온 적이 있어요. 뜻까지는 모릅니다.,,,,,NONE,,,,,,False,False,,False,NONE,starter-village-general-store (미제작은 NONE),OK,,,,,,NOT_VOICE_TARGET,,,,OK,False,,,,,,,TryHandleNpc,1,1,,
12,Unity/Client/Assets/_Project/Scripts/World/Chapter2IntroFlow.cs,403,22757,field03_main12_tablet,companion_paul,폴,지하묘지와 같은 반복 문양입니다. 아주 오래된 기록이지만 의미는 아직 알 수 없습니다.,main12_paul_supp_001,M12:Unity/Client/Assets/_Project/Scripts/World/Chapter2IntroFlow.cs:22757,Field_03/World_StarterVillage,1,companion_paul,companion_paul,폴,지하묘지와 같은 반복 문양입니다. 아주 오래된 기록이지만 의미는 아직 알 수 없습니다.,지하묘지와 같은 반복 문양입니다. 아주 오래된 기록이지만 의미는 아직 알 수 없습니다.,,,문서\03_스토리\LOCAL_Story_Dialogue_원문_부록.md,지하묘지와 같은 반복 문양입니다. 아주 오래된 기록이지만 의미는 아직 알 수 없습니다.,main12_paul_supp_001,폴,지하묘지와 같은 반복 문양입니다. 아주 오래된 기록이지만 의미는 아직 알 수 없습니다.,Limitless_TTS_Output_Missing_Main01_05_08_12_v2/dialogue_manifest_missing_main01_05_08_12_v2.csv,companion_paul,Unity/Client/Assets/_Project/Audio/Voice/Story/Main12/main12_paul_supp_001.wav,f9788bca675b04b418201d5d910d5b75,main12_paul_supp_001.wav,True,,False,False,-22.30920289943694,False,companion_paul,companion_paul (미제작은 NONE),NEEDS_LISTENING,,8.58,24000,1,1cb22cd8c89ce85d91c271153afae3f06ae421cab3d89246168349cf583a36f8,MEDIUM,SEMANTIC_LISTENING_PRIORITY_MEDIUM,65,LONG_MULTI_SENTENCE_OR_3_LINES;SUPPLEMENT_PACK_UNLISTENED;IMPORTANT_STORY_UNLISTENED,NEEDS_LISTENING,False,a45e8cf62c84b081e64c2f8b2973ae8a0e4e9bb28572115df233523877c0941b,-22.30920289943694,-4.7494837747298915,205920,2,35,QuestSequence01,1,1,,LISTEN_COMPARE_FULL_RUNTIME_TEXT
12,Unity/Client/Assets/_Project/Scripts/World/Chapter2IntroFlow.cs,404,22862,village_main12_records,companion_paul,폴,같은 문양은 맞습니다. 다만 같은 원인이라는 뜻인지는 아직 모르겠군요.,main12_paul_supp_002,M12:Unity/Client/Assets/_Project/Scripts/World/Chapter2IntroFlow.cs:22862,Field_03/World_StarterVillage,1,companion_paul,companion_paul,폴,같은 문양은 맞습니다. 다만 같은 원인이라는 뜻인지는 아직 모르겠군요.,같은 문양은 맞습니다. 다만 같은 원인이라는 뜻인지는 아직 모르겠군요.,,,문서\03_스토리\LOCAL_Story_Dialogue_원문_부록.md,같은 문양은 맞습니다. 다만 같은 원인이라는 뜻인지는 아직 모르겠군요.,main12_paul_supp_002,폴,같은 문양은 맞습니다. 다만 같은 원인이라는 뜻인지는 아직 모르겠군요.,Limitless_TTS_Output_Missing_Main01_05_08_12_v2/dialogue_manifest_missing_main01_05_08_12_v2.csv,companion_paul,Unity/Client/Assets/_Project/Audio/Voice/Story/Main12/main12_paul_supp_002.wav,5739d8d9122681445bd408a4c7c718d9,main12_paul_supp_002.wav,True,,False,False,-21.963001014287343,False,companion_paul,companion_paul (미제작은 NONE),NEEDS_LISTENING,,10.82,24000,1,ab96312d11e1f1a67ab88f605b5bcdeb3facc29ca25c7eed19ff90923b53de60,MEDIUM,SEMANTIC_LISTENING_PRIORITY_MEDIUM,40,SUPPLEMENT_PACK_UNLISTENED;IMPORTANT_STORY_UNLISTENED,NEEDS_LISTENING,False,1cb7e51bdf42b4cae09c745de97b617fc350b4f9066ac65e6a71fb44e130f1c4,-21.963001014287343,-5.550587372186754,259680,2,29,QuestSequence02,2,1,,LISTEN_COMPARE_FULL_RUNTIME_TEXT
12,Unity/Client/Assets/_Project/Scripts/World/Chapter2IntroFlow.cs,405,22959,field03_main12_party_decision,companion_taeon,태온,직접 확인하는 편이 좋겠습니다. 미엘도 서쪽으로 가볼 이유는 충분하다고 합니다.,main12_taeon_supp_001,M12:Unity/Client/Assets/_Project/Scripts/World/Chapter2IntroFlow.cs:22959,Field_03/World_StarterVillage,1,companion_taeon,companion_taeon,태온,직접 확인하는 편이 좋겠습니다. 미엘도 서쪽으로 가볼 이유는 충분하다고 합니다.,직접 확인하는 편이 좋겠습니다. 미엘도 서쪽으로 가볼 이유는 충분하다고 합니다.,,,문서\03_스토리\LOCAL_Story_Dialogue_원문_부록.md,직접 확인하는 편이 좋겠습니다. 미엘도 서쪽으로 가볼 이유는 충분하다고 합니다.,main12_taeon_supp_001,태온,직접 확인하는 편이 좋겠습니다. 미엘도 서쪽으로 가볼 이유는 충분하다고 합니다.,Limitless_TTS_Output_Missing_Main01_05_08_12_v2/dialogue_manifest_missing_main01_05_08_12_v2.csv,companion_taeon,Unity/Client/Assets/_Project/Audio/Voice/Story/Main12/main12_taeon_supp_001.wav,d0423b2b15a7e4643b85d966181ed25a,main12_taeon_supp_001.wav,True,,False,False,-19.43238293036579,False,companion_taeon,companion_taeon (미제작은 NONE),NEEDS_LISTENING,,6.55,24000,1,af8b3909f2925a9d1a035da3ad2aa2eae2445e29fd843c51f6742b60f304237a,MEDIUM,SEMANTIC_LISTENING_PRIORITY_MEDIUM,40,SUPPLEMENT_PACK_UNLISTENED;IMPORTANT_STORY_UNLISTENED,NEEDS_LISTENING,False,f89d79085e7893d25043ba58973e755e4e8e1fbdfac00977512b31ef2a6558c2,-19.43238293036579,-2.2641150525419595,157200,2,33,QuestSequence03,3,1,,LISTEN_COMPARE_FULL_RUNTIME_TEXT
13,Unity/Client/Assets/_Project/Scripts/World/Chapter2IntroFlow.cs,240,13630,TryHandleNpc,companion_serin,세린,저도 아르벨로 갑니다. 그곳까지 함께 움직이죠.,main13_serin_004,M13:Unity/Client/Assets/_Project/Scripts/World/Chapter2IntroFlow.cs:13630,Field_04/World_ArbelVillage,1,companion_serin,companion_serin,세린,저도 아르벨로 갑니다. 그곳까지 함께 움직이죠.,저도 아르벨로 갑니다. 그곳까지 함께 움직이죠.,,,문서\03_스토리\LOCAL_Story_Dialogue_원문_부록.md,저도 아르벨로 갑니다. 그곳까지 함께 움직이죠.,main13_serin_004,세린,저도 아르벨로 갑니다. 그곳까지 함께 움직이죠.,Limitless_TTS_Output_Main13_15/dialogue_manifest_main13_15.csv,companion_serin,Unity/Client/Assets/_Project/Audio/Voice/Story/Main13/main13_serin_004.wav,434410bf05fda1a4ba5b5b600e17a74f,main13_serin_004.wav,True,,False,False,-18.44978071369497,False,companion_serin,companion_serin (미제작은 NONE),NEEDS_LISTENING,,3.95,24000,1,e9467ace9360dc61f071091e5ced7278f1dda41686e7627f7714988f1e91ea52,MEDIUM,SEMANTIC_LISTENING_PRIORITY_MEDIUM,20,IMPORTANT_STORY_UNLISTENED,NEEDS_LISTENING,False,d1b5dadce60b063138d4f45fb24cd7814bd8fa2cde60b45cffda0e1c9a672e22,-18.44978071369497,-1.8408041445324903,94800,2,19,QuestSequence04,4,1,,LISTEN_COMPARE_FULL_RUNTIME_TEXT
13,Unity/Client/Assets/_Project/Scripts/World/Chapter2IntroFlow.cs,243,13803,TryHandleNpc,companion_miel,미엘,괜찮으세요?,main13_miel_001,M13:Unity/Client/Assets/_Project/Scripts/World/Chapter2IntroFlow.cs:13803,Field_04/World_ArbelVillage,2,companion_miel,companion_miel,미엘,괜찮으세요?,괜찮으세요?,,,문서\03_스토리\LOCAL_Story_Dialogue_원문_부록.md,괜찮으세요?,main13_miel_001,미엘,괜찮으세요?,Limitless_TTS_Output_Main13_15/dialogue_manifest_main13_15.csv,companion_miel,Unity/Client/Assets/_Project/Audio/Voice/Story/Main13/main13_miel_001.wav,07243826a3cf8cb41a3ee227f6dd6afe,main13_miel_001.wav,True,,False,False,-18.17089127913283,False,companion_miel,companion_miel (미제작은 NONE),NEEDS_LISTENING,,1.56,24000,1,73a4eb39c94a75064cd2433dff8961f01a8acc5744cc0c92e0ea02c0b4036355,MEDIUM,SEMANTIC_LISTENING_PRIORITY_MEDIUM,20,IMPORTANT_STORY_UNLISTENED,NEEDS_LISTENING,False,5a1250dd8eb0bddfc2b0ca69e08267576d11e94621f01644ffac88885004cd3a,-18.17089127913283,-3.0740643396764207,37440,1,5,QuestSequence03,3,1,,LISTEN_COMPARE_FULL_RUNTIME_TEXT
13,Unity/Client/Assets/_Project/Scripts/World/Chapter2IntroFlow.cs,244,13890,TryHandleNpc,companion_serin,세린,잠시만요. 바람이 강하면 말소리가 흐려져서요.,main13_serin_001,M13:Unity/Client/Assets/_Project/Scripts/World/Chapter2IntroFlow.cs:13890,Field_04/World_ArbelVillage,3,companion_serin,companion_serin,세린,잠시만요. 바람이 강하면 말소리가 흐려져서요.,잠시만요. 바람이 강하면 말소리가 흐려져서요.,,,문서\03_스토리\LOCAL_Story_Dialogue_원문_부록.md,잠시만요. 바람이 강하면 말소리가 흐려져서요.,main13_serin_001,세린,잠시만요. 바람이 강하면 말소리가 흐려져서요.,Limitless_TTS_Output_Main13_15/dialogue_manifest_main13_15.csv,companion_serin,Unity/Client/Assets/_Project/Audio/Voice/Story/Main13/main13_serin_001.wav,40573fc1e17cd504a8edbcb708c21677,main13_serin_001.wav,True,,False,False,-18.39300314072837,False,companion_serin,companion_serin (미제작은 NONE),NEEDS_LISTENING,,4.9,24000,1,60fde5017a9c5adbcb1cb8ea93bd5b9eea575b48536fba7e89593638c177073e,MEDIUM,SEMANTIC_LISTENING_PRIORITY_MEDIUM,20,IMPORTANT_STORY_UNLISTENED,NEEDS_LISTENING,False,3a01877bb1d11d93915c42beec4cb7c6bb1d28aba2df02624e52b5aab420a63f,-18.39300314072837,-1.3290012642757936,117600,2,19,QuestSequence03,3,2,,LISTEN_COMPARE_FULL_RUNTIME_TEXT
13,Unity/Client/Assets/_Project/Scripts/World/Chapter2IntroFlow.cs,245,13988,TryHandleNpc,companion_serin,세린,이 장치가 땅의 진동을 제가 알아볼 수 있는 신호로 바꿔 줘요. 중요한지는 제가 판단하고요.,main13_serin_002,M13:Unity/Client/Assets/_Project/Scripts/World/Chapter2IntroFlow.cs:13988,Field_04/World_ArbelVillage,4,companion_serin,companion_serin,세린,이 장치가 땅의 진동을 제가 알아볼 수 있는 신호로 바꿔 줘요. 중요한지는 제가 판단하고요.,이 장치가 땅의 진동을 제가 알아볼 수 있는 신호로 바꿔 줘요. 중요한지는 제가 판단하고요.,,,문서\03_스토리\LOCAL_Story_Dialogue_원문_부록.md,이 장치가 땅의 진동을 제가 알아볼 수 있는 신호로 바꿔 줘요. 중요한지는 제가 판단하고요.,main13_serin_002,세린,이 장치가 땅의 진동을 제가 알아볼 수 있는 신호로 바꿔 줘요. 중요한지는 제가 판단하고요.,Limitless_TTS_Output_Main13_15/dialogue_manifest_main13_15.csv,companion_serin,Unity/Client/Assets/_Project/Audio/Voice/Story/Main13/main13_serin_002.wav,92a29c3a042998f4dbba2cfe00926506,main13_serin_002.wav,True,,False,False,-17.639241277325958,False,companion_serin,companion_serin (미제작은 NONE),NEEDS_LISTENING,,7.86,24000,1,a948fa452fb5996afc105c4f0d02cb4ac1622eef0f1e2f30b3df04f2da06cb2e,MEDIUM,SEMANTIC_LISTENING_PRIORITY_MEDIUM,45,LONG_MULTI_SENTENCE_OR_3_LINES;IMPORTANT_STORY_UNLISTENED,NEEDS_LISTENING,False,ec74ce5cd692d48d547cb25a82289bd3f538a3a643c1ac3ab39a15a5c2ba3c91,-17.639241277325958,-1.7181517556056989,188640,2,36,QuestSequence03,3,3,,LISTEN_COMPARE_FULL_RUNTIME_TEXT
13,Unity/Client/Assets/_Project/Scripts/World/Chapter2IntroFlow.cs,246,14112,TryHandleNpc,companion_serin,세린,"잠깐만요. 앞에 둘, 오른쪽 뒤에 하나 더 있어요. 발밑으로 울립니다.",main13_serin_003,M13:Unity/Client/Assets/_Project/Scripts/World/Chapter2IntroFlow.cs:14112,Field_04/World_ArbelVillage,5,companion_serin,companion_serin,세린,"잠깐만요. 앞에 둘, 오른쪽 뒤에 하나 더 있어요. 발밑으로 울립니다.","잠깐만요. 앞에 둘, 오른쪽 뒤에 하나 더 있어요. 발밑으로 울립니다.",,,문서\03_스토리\LOCAL_Story_Dialogue_원문_부록.md,"잠깐만요. 앞에 둘, 오른쪽 뒤에 하나 더 있어요. 발밑으로 울립니다.",main13_serin_003,세린,"잠깐만요. 앞에 둘, 오른쪽 뒤에 하나 더 있어요. 발밑으로 울립니다.",Limitless_TTS_Output_Main13_15/dialogue_manifest_main13_15.csv,companion_serin,Unity/Client/Assets/_Project/Audio/Voice/Story/Main13/main13_serin_003.wav,c30628720589e6f4abd44bf6d19318b2,main13_serin_003.wav,True,,False,False,-18.922631101640796,False,companion_serin,companion_serin (미제작은 NONE),NEEDS_LISTENING,,6.47,24000,1,acf68d4299b8b24ffdf3c461124bcf9319adcf4be0ff8d9cac135e73b26e8214,MEDIUM,SEMANTIC_LISTENING_PRIORITY_MEDIUM,45,LONG_MULTI_SENTENCE_OR_3_LINES;IMPORTANT_STORY_UNLISTENED,NEEDS_LISTENING,False,c5344fd9a4999482361d93aa781fc30f7dd1b5d186782568cf4884cda24b2778,-18.922631101640796,-1.8769201617977374,155280,3,26,QuestSequence03,3,4,,LISTEN_COMPARE_FULL_RUNTIME_TEXT
13,Unity/Client/Assets/_Project/Scripts/World/Chapter2IntroFlow.cs,254,14631,TryHandleNpc,arbel-leon,레온,아르벨에 오신 걸 환영합니다. 세린은 잠시 자기 조사를 마치고 오겠다고 했습니다.,main13_leon_001,M13:Unity/Client/Assets/_Project/Scripts/World/Chapter2IntroFlow.cs:14631,Field_04/World_ArbelVillage,6,arbel-leon,arbel-leon,레온,아르벨에 오신 걸 환영합니다. 세린은 잠시 자기 조사를 마치고 오겠다고 했습니다.,아르벨에 오신 걸 환영합니다. 세린은 잠시 자기 조사를 마치고 오겠다고 했습니다.,,,문서\03_스토리\LOCAL_Story_Dialogue_원문_부록.md,아르벨에 오신 걸 환영합니다. 세린은 잠시 자기 조사를 마치고 오겠다고 했습니다.,main13_leon_001,레온,아르벨에 오신 걸 환영합니다. 세린은 잠시 자기 조사를 마치고 오겠다고 했습니다.,Limitless_TTS_Output_Main13_15/dialogue_manifest_main13_15.csv,arbel-leon,Unity/Client/Assets/_Project/Audio/Voice/Story/Main13/main13_leon_001.wav,7688fc9ef88479442a7ed56541506a94,main13_leon_001.wav,True,,False,False,-19.832007979187637,False,NONE,arbel-leon (미제작은 NONE),NEEDS_LISTENING,,9.59,24000,1,bb0d5f54a413142055dc554f39d6d25760e6ae73c50023f314f8627d233651cd,MEDIUM,SEMANTIC_LISTENING_PRIORITY_MEDIUM,20,IMPORTANT_STORY_UNLISTENED,NEEDS_LISTENING,False,78f4a61a49b417ba256b3422077febc94f6617850a3fa46b708e94864702c7c7,-19.832007979187637,-0.813313410151653,230160,2,33,QuestSequence05,5,1,,LISTEN_COMPARE_FULL_RUNTIME_TEXT
13,Unity/Client/Assets/_Project/Scripts/World/Chapter2IntroFlow.cs,406,23068,field04_main13_dry_soil,companion_paul,폴,서쪽으로 갈수록 흙이 더 말라 있습니다. 계절 탓인지는 아직 판단할 수 없겠어요.,main13_paul_001,M13:Unity/Client/Assets/_Project/Scripts/World/Chapter2IntroFlow.cs:23068,Field_04/World_ArbelVillage,1,companion_paul,companion_paul,폴,서쪽으로 갈수록 흙이 더 말라 있습니다. 계절 탓인지는 아직 판단할 수 없겠어요.,서쪽으로 갈수록 흙이 더 말라 있습니다. 계절 탓인지는 아직 판단할 수 없겠어요.,,,문서\03_스토리\LOCAL_Story_Dialogue_원문_부록.md,서쪽으로 갈수록 흙이 더 말라 있습니다. 계절 탓인지는 아직 판단할 수 없겠어요.,main13_paul_001,폴,서쪽으로 갈수록 흙이 더 말라 있습니다. 계절 탓인지는 아직 판단할 수 없겠어요.,Limitless_TTS_Output_Main13_15/dialogue_manifest_main13_15.csv,companion_paul,Unity/Client/Assets/_Project/Audio/Voice/Story/Main13/main13_paul_001.wav,611db5f0a0bfce040a5379689d59cef1,main13_paul_001.wav,True,,False,False,-20.827199528574866,False,companion_paul,companion_paul (미제작은 NONE),NEEDS_LISTENING,,6.72,24000,1,611f46289e6e7b9f929c96fd6db058acfac865517c7a8236a2d59d706f55e6b7,MEDIUM,SEMANTIC_LISTENING_PRIORITY_MEDIUM,20,IMPORTANT_STORY_UNLISTENED,NEEDS_LISTENING,False,a04f44ec16af6f1039f755aaec87543b70c0d8f96614094dea7a4fd0649ec6d2,-20.827199528574866,-2.5672559259742616,161280,2,32,QuestSequence01,1,1,,LISTEN_COMPARE_FULL_RUNTIME_TEXT
13,Unity/Client/Assets/_Project/Scripts/World/Chapter2IntroFlow.cs,407,23172,field04_main13_shallow_stream,companion_paul,폴,물길이 눈에 띄게 줄었습니다. 주변의 살아 있는 나무와 비교해 기록해 두죠.,main13_paul_002,M13:Unity/Client/Assets/_Project/Scripts/World/Chapter2IntroFlow.cs:23172,Field_04/World_ArbelVillage,1,companion_paul,companion_paul,폴,물길이 눈에 띄게 줄었습니다. 주변의 살아 있는 나무와 비교해 기록해 두죠.,물길이 눈에 띄게 줄었습니다. 주변의 살아 있는 나무와 비교해 기록해 두죠.,,,문서\03_스토리\LOCAL_Story_Dialogue_원문_부록.md,물길이 눈에 띄게 줄었습니다. 주변의 살아 있는 나무와 비교해 기록해 두죠.,main13_paul_002,폴,물길이 눈에 띄게 줄었습니다. 주변의 살아 있는 나무와 비교해 기록해 두죠.,Limitless_TTS_Output_Main13_15/dialogue_manifest_main13_15.csv,companion_paul,Unity/Client/Assets/_Project/Audio/Voice/Story/Main13/main13_paul_002.wav,96d0a9fd69a37824d9a90f47cd2d4514,main13_paul_002.wav,True,,False,False,-19.55659171900435,False,companion_paul,companion_paul (미제작은 NONE),NEEDS_LISTENING,,15.1,24000,1,ad56d7c106424a4aba78d2ce7646b066262aa850a43cf9d4aa3d0e377195c14c,MEDIUM,SEMANTIC_LISTENING_PRIORITY_MEDIUM,20,IMPORTANT_STORY_UNLISTENED,NEEDS_LISTENING,False,01decf61fd25ffd4c77607f4d52aec0355e5182bcdc0eb38913fb1fa7c640835,-19.55659171900435,-1.693312329859284,362400,2,30,QuestSequence02,2,1,,LISTEN_COMPARE_FULL_RUNTIME_TEXT
14,Unity/Client/Assets/_Project/Scripts/World/Chapter2IntroFlow.cs,250,14310,TryHandleNpc,companion_serin,세린,마을 안에서는 약한데 서쪽으로 갈수록 진동이 커져요. 일정한 간격으로 반복되고요.,main14_serin_001,M14:Unity/Client/Assets/_Project/Scripts/World/Chapter2IntroFlow.cs:14310,World_ArbelVillage/Field_05,1,companion_serin,companion_serin,세린,마을 안에서는 약한데 서쪽으로 갈수록 진동이 커져요. 일정한 간격으로 반복되고요.,마을 안에서는 약한데 서쪽으로 갈수록 진동이 커져요. 일정한 간격으로 반복되고요.,,,문서\03_스토리\LOCAL_Story_Dialogue_원문_부록.md,마을 안에서는 약한데 서쪽으로 갈수록 진동이 커져요. 일정한 간격으로 반복되고요.,main14_serin_001,세린,마을 안에서는 약한데 서쪽으로 갈수록 진동이 커져요. 일정한 간격으로 반복되고요.,Limitless_TTS_Output_Main13_15/dialogue_manifest_main13_15.csv,companion_serin,Unity/Client/Assets/_Project/Audio/Voice/Story/Main14/main14_serin_001.wav,f648bd02b7f026744b77de3ee838d11e,main14_serin_001.wav,True,,False,False,-18.022993097820745,False,companion_serin,companion_serin (미제작은 NONE),NEEDS_LISTENING,,7.0,24000,1,fe67be396a028b76e23bd58790f7fea67bb0964f0d5ca1f097bd3fe05d199f41,MEDIUM,SEMANTIC_LISTENING_PRIORITY_MEDIUM,20,IMPORTANT_STORY_UNLISTENED,NEEDS_LISTENING,False,2e098881c5788b52d50e85bd08f7c3ae2555dcada0d8d3c85481c1b4793f7e82,-18.022993097820745,-1.8881137443533906,168000,2,34,QuestSequence04,4,1,,LISTEN_COMPARE_FULL_RUNTIME_TEXT
14,Unity/Client/Assets/_Project/Scripts/World/Chapter2IntroFlow.cs,251,14428,TryHandleNpc,companion_taeon,태온,열기는 계속 이어집니다. 같은 원인인지는 더 확인해야겠습니다.,main14_taeon_001,M14:Unity/Client/Assets/_Project/Scripts/World/Chapter2IntroFlow.cs:14428,World_ArbelVillage/Field_05,2,companion_taeon,companion_taeon,태온,열기는 계속 이어집니다. 같은 원인인지는 더 확인해야겠습니다.,열기는 계속 이어집니다. 같은 원인인지는 더 확인해야겠습니다.,,,문서\03_스토리\LOCAL_Story_Dialogue_원문_부록.md,열기는 계속 이어집니다. 같은 원인인지는 더 확인해야겠습니다.,main14_taeon_001,태온,열기는 계속 이어집니다. 같은 원인인지는 더 확인해야겠습니다.,Limitless_TTS_Output_Main13_15/dialogue_manifest_main13_15.csv,companion_taeon,Unity/Client/Assets/_Project/Audio/Voice/Story/Main14/main14_taeon_001.wav,39db0bfc29bc54d4687733277abac61f,main14_taeon_001.wav,True,,False,False,-17.310386639251078,False,companion_taeon,companion_taeon (미제작은 NONE),NEEDS_LISTENING,,6.95,24000,1,ba2fdbe936d03b2ecb9af8c2a702a00d00a2fce102d19edece0572bc1cc42147,MEDIUM,SEMANTIC_LISTENING_PRIORITY_MEDIUM,20,IMPORTANT_STORY_UNLISTENED,NEEDS_LISTENING,False,f64e722425c14b34ad2dd581899f82ff432e47d75bb11c006fed24ced8852c5d,-17.310386639251078,-1.6061321890682503,166800,2,26,QuestSequence04,4,2,,LISTEN_COMPARE_FULL_RUNTIME_TEXT
14,Unity/Client/Assets/_Project/Scripts/World/Chapter2IntroFlow.cs,256,14868,TryHandleNpc,arbel-leon,레온,서쪽 땅이 마른 건 오래됐지만 최근 속도가 빠릅니다. 주민들이 쓸 우물부터 확인해 주시겠습니까?,main14_leon_001,M14:Unity/Client/Assets/_Project/Scripts/World/Chapter2IntroFlow.cs:14868,World_ArbelVillage/Field_05,3,arbel-leon,arbel-leon,레온,서쪽 땅이 마른 건 오래됐지만 최근 속도가 빠릅니다. 주민들이 쓸 우물부터 확인해 주시겠습니까?,서쪽 땅이 마른 건 오래됐지만 최근 속도가 빠릅니다. 주민들이 쓸 우물부터 확인해 주시겠습니까?,,,문서\03_스토리\LOCAL_Story_Dialogue_원문_부록.md,서쪽 땅이 마른 건 오래됐지만 최근 속도가 빠릅니다. 주민들이 쓸 우물부터 확인해 주시겠습니까?,main14_leon_001,레온,서쪽 땅이 마른 건 오래됐지만 최근 속도가 빠릅니다. 주민들이 쓸 우물부터 확인해 주시겠습니까?,Limitless_TTS_Output_Main13_15/dialogue_manifest_main13_15.csv,arbel-leon,Unity/Client/Assets/_Project/Audio/Voice/Story/Main14/main14_leon_001.wav,94c96f49759593a42ad5fc77b23a2a99,main14_leon_001.wav,True,,False,False,-21.941828995284855,False,NONE,arbel-leon (미제작은 NONE),NEEDS_LISTENING,,14.2,24000,1,4c9905a9aef30dfb311fda946bdefdcfac2a51f1cec7dbbff7082e41ae53c5d4,MEDIUM,SEMANTIC_LISTENING_PRIORITY_MEDIUM,45,LONG_MULTI_SENTENCE_OR_3_LINES;IMPORTANT_STORY_UNLISTENED,NEEDS_LISTENING,False,41672f5e24eaddd25153937aa1fd94ad9fa474276f9f69442707fdada2ed4e6d,-21.941828995284855,-1.8218214473877818,340800,2,39,QuestSequence01,1,1,,LISTEN_COMPARE_FULL_RUNTIME_TEXT
14,Unity/Client/Assets/_Project/Scripts/World/Chapter2IntroFlow.cs,258,15054,TryHandleNpc,arbel-leon,레온,"건조, 열기, 주기적인 진동, 도망친 야수까지 확인됐군요. 원인을 단정하지 않고 주민을 대비시키겠습니다.",main14_leon_002,M14:Unity/Client/Assets/_Project/Scripts/World/Chapter2IntroFlow.cs:15054,World_ArbelVillage/Field_05,4,arbel-leon,arbel-leon,레온,"건조, 열기, 주기적인 진동, 도망친 야수까지 확인됐군요. 원인을 단정하지 않고 주민을 대비시키겠습니다.","건조, 열기, 주기적인 진동, 도망친 야수까지 확인됐군요. 원인을 단정하지 않고 주민을 대비시키겠습니다.",,,문서\03_스토리\LOCAL_Story_Dialogue_원문_부록.md,"건조, 열기, 주기적인 진동, 도망친 야수까지 확인됐군요. 원인을 단정하지 않고 주민을 대비시키겠습니다.",main14_leon_002,레온,"건조, 열기, 주기적인 진동, 도망친 야수까지 확인됐군요. 원인을 단정하지 않고 주민을 대비시키겠습니다.",Limitless_TTS_Output_Main13_15/dialogue_manifest_main13_15.csv,arbel-leon,Unity/Client/Assets/_Project/Audio/Voice/Story/Main14/main14_leon_002.wav,2c142ec6f1ea197479c658746feaf86d,main14_leon_002.wav,True,,False,False,-22.75629364466662,False,NONE,arbel-leon (미제작은 NONE),NEEDS_LISTENING,,17.3,24000,1,ef7c44bca227ea40d5c7f39f146af63e106d40aa80d228ed7da102723b04cbf7,MEDIUM,SEMANTIC_LISTENING_PRIORITY_MEDIUM,45,LONG_MULTI_SENTENCE_OR_3_LINES;IMPORTANT_STORY_UNLISTENED,NEEDS_LISTENING,False,c8b4d5ea46b0a6257ece9e5d6462b61999d4f226d3f75a9b450928b8304ebd2c,-22.75629364466662,-1.4252912572512138,415200,2,42,QuestSequence07,7,1,,LISTEN_COMPARE_FULL_RUNTIME_TEXT
14,Unity/Client/Assets/_Project/Scripts/World/Chapter2IntroFlow.cs,339,19061,Update,companion_serin,세린,그 야수는 이쪽으로 오던 게 아니에요. 서쪽에서 도망치고 있었어요.,main14_serin_002,M14:Unity/Client/Assets/_Project/Scripts/World/Chapter2IntroFlow.cs:19061,World_ArbelVillage/Field_05,1,companion_serin,companion_serin,세린,그 야수는 이쪽으로 오던 게 아니에요. 서쪽에서 도망치고 있었어요.,그 야수는 이쪽으로 오던 게 아니에요. 서쪽에서 도망치고 있었어요.,,,문서\03_스토리\LOCAL_Story_Dialogue_원문_부록.md,그 야수는 이쪽으로 오던 게 아니에요. 서쪽에서 도망치고 있었어요.,main14_serin_002,세린,그 야수는 이쪽으로 오던 게 아니에요. 서쪽에서 도망치고 있었어요.,Limitless_TTS_Output_Main13_15/dialogue_manifest_main13_15.csv,companion_serin,Unity/Client/Assets/_Project/Audio/Voice/Story/Main14/main14_serin_002.wav,b2af673c2bcd1024f881de6e21bcf592,main14_serin_002.wav,True,,False,False,-17.819870077721422,False,companion_serin,companion_serin (미제작은 NONE),NEEDS_LISTENING,,5.21,24000,1,339d47f6366a852ddbd4c3adc45647aad0c379b2169fcb82fee54b60c3e09d70,MEDIUM,SEMANTIC_LISTENING_PRIORITY_MEDIUM,20,IMPORTANT_STORY_UNLISTENED,NEEDS_LISTENING,False,f10f54955d72ab69f26b5fdaf316ee08d4ad40e50da31cb63128cc9206b56e19,-17.819870077721422,-2.383267777826315,125040,2,27,QuestSequence06,6,1,,LISTEN_COMPARE_FULL_RUNTIME_TEXT
14,Unity/Client/Assets/_Project/Scripts/World/Chapter2IntroFlow.cs,340,19197,Update,companion_miel,미엘,그럼 저쪽에 무언가 있나요?,main14_miel_001,M14:Unity/Client/Assets/_Project/Scripts/World/Chapter2IntroFlow.cs:19197,World_ArbelVillage/Field_05,2,companion_miel,companion_miel,미엘,그럼 저쪽에 무언가 있나요?,그럼 저쪽에 무언가 있나요?,,,문서\03_스토리\LOCAL_Story_Dialogue_원문_부록.md,그럼 저쪽에 무언가 있나요?,main14_miel_001,미엘,그럼 저쪽에 무언가 있나요?,Limitless_TTS_Output_Main13_15/dialogue_manifest_main13_15.csv,companion_miel,Unity/Client/Assets/_Project/Audio/Voice/Story/Main14/main14_miel_001.wav,c0bfefc9a5b1a1e4691f8d67523c67ea,main14_miel_001.wav,True,,False,False,-19.02608244776286,False,companion_miel,companion_miel (미제작은 NONE),NEEDS_LISTENING,,8.57,24000,1,040936ce2c2e6eee678ee6bd8b2a7cb68005c1472ef2e581f9cb64c748f944e0,MEDIUM,SEMANTIC_LISTENING_PRIORITY_MEDIUM,20,IMPORTANT_STORY_UNLISTENED,NEEDS_LISTENING,False,91fe9e63a5b3a095d3c7520e9a9fc20308b5c1bb0e4a6b5d4801216d17fd5af6,-19.02608244776286,-1.7113703189790668,205680,1,11,QuestSequence06,6,2,,LISTEN_COMPARE_FULL_RUNTIME_TEXT
14,Unity/Client/Assets/_Project/Scripts/World/Chapter2IntroFlow.cs,341,19301,Update,companion_serin,세린,이번 건 큽니다.,main14_serin_003,M14:Unity/Client/Assets/_Project/Scripts/World/Chapter2IntroFlow.cs:19301,World_ArbelVillage/Field_05,3,companion_serin,companion_serin,세린,이번 건 큽니다.,이번 건 큽니다.,,,문서\03_스토리\LOCAL_Story_Dialogue_원문_부록.md,이번 건 큽니다.,main14_serin_003,세린,이번 건 큽니다.,Limitless_TTS_Output_Main13_15/dialogue_manifest_main13_15.csv,companion_serin,Unity/Client/Assets/_Project/Audio/Voice/Story/Main14/main14_serin_003.wav,94660d6c1d15d904e8f1a3ba33f333c3,main14_serin_003.wav,True,,False,False,-17.626231018833206,False,companion_serin,companion_serin (미제작은 NONE),NEEDS_LISTENING,,1.91,24000,1,d76f0b7d1b162f917682469236c39646dcd2c0e1e738e5cbcc4a0c9f409313ea,MEDIUM,SEMANTIC_LISTENING_PRIORITY_MEDIUM,20,IMPORTANT_STORY_UNLISTENED,NEEDS_LISTENING,False,dcd9a0209b37c3e34ee47ef2576bfda94e8cb1f207194211f4f9172e4eee3a87,-17.626231018833206,-1.930384144624346,45840,1,6,QuestSequence06,6,3,,LISTEN_COMPARE_FULL_RUNTIME_TEXT
14,Unity/Client/Assets/_Project/Scripts/World/Chapter2IntroFlow.cs,342,19409,Update,companion_taeon,태온,이번에는 저도 느꼈습니다. 아직 원인은 알 수 없습니다.,main14_taeon_002,M14:Unity/Client/Assets/_Project/Scripts/World/Chapter2IntroFlow.cs:19409,World_ArbelVillage/Field_05,4,companion_taeon,companion_taeon,태온,이번에는 저도 느꼈습니다. 아직 원인은 알 수 없습니다.,이번에는 저도 느꼈습니다. 아직 원인은 알 수 없습니다.,,,문서\03_스토리\LOCAL_Story_Dialogue_원문_부록.md,이번에는 저도 느꼈습니다. 아직 원인은 알 수 없습니다.,main14_taeon_002,태온,이번에는 저도 느꼈습니다. 아직 원인은 알 수 없습니다.,Limitless_TTS_Output_Main13_15/dialogue_manifest_main13_15.csv,companion_taeon,Unity/Client/Assets/_Project/Audio/Voice/Story/Main14/main14_taeon_002.wav,7a0e572c48a03164f8aa9af2c1722589,main14_taeon_002.wav,True,,False,False,-19.037287892187823,False,companion_taeon,companion_taeon (미제작은 NONE),NEEDS_LISTENING,,5.86,24000,1,a3b4eefd74e357de5b8f344f8345a954cb5ae66f3f81a50b3a7115503f6d2009,MEDIUM,SEMANTIC_LISTENING_PRIORITY_MEDIUM,20,IMPORTANT_STORY_UNLISTENED,NEEDS_LISTENING,False,353662420ed8d1dea044cc71d96c6ebf650557686583a72ca8c873f697d11d6c,-19.037287892187823,-1.6913797701365343,140640,2,22,QuestSequence06,6,4,,LISTEN_COMPARE_FULL_RUNTIME_TEXT
14,Unity/Client/Assets/_Project/Scripts/World/Chapter2IntroFlow.cs,408,23279,arbel_main14_old_well,companion_paul,폴,서쪽 우물의 수위가 더 낮습니다. 지하 흐름 차이는 가능성일 뿐입니다.,main14_paul_001,M14:Unity/Client/Assets/_Project/Scripts/World/Chapter2IntroFlow.cs:23279,World_ArbelVillage/Field_05,1,companion_paul,companion_paul,폴,서쪽 우물의 수위가 더 낮습니다. 지하 흐름 차이는 가능성일 뿐입니다.,서쪽 우물의 수위가 더 낮습니다. 지하 흐름 차이는 가능성일 뿐입니다.,,,문서\03_스토리\LOCAL_Story_Dialogue_원문_부록.md,서쪽 우물의 수위가 더 낮습니다. 지하 흐름 차이는 가능성일 뿐입니다.,main14_paul_001,폴,서쪽 우물의 수위가 더 낮습니다. 지하 흐름 차이는 가능성일 뿐입니다.,Limitless_TTS_Output_Main13_15/dialogue_manifest_main13_15.csv,companion_paul,Unity/Client/Assets/_Project/Audio/Voice/Story/Main14/main14_paul_001.wav,876b41e19f2eb85459d1056df48cb5ed,main14_paul_001.wav,True,,False,False,-19.775974626872454,False,companion_paul,companion_paul (미제작은 NONE),NEEDS_LISTENING,,5.28,24000,1,49ea4527be0a3bf9ca55fb8bc6a8def306010525bdbe5094c854fef489e81164,MEDIUM,SEMANTIC_LISTENING_PRIORITY_MEDIUM,20,IMPORTANT_STORY_UNLISTENED,NEEDS_LISTENING,False,c840c3382dc066e10a9f8d749bea00759eafd3e5466a6aa8cca9faaa8bd8d680,-19.775974626872454,-2.332497359948564,126720,2,28,QuestSequence02,2,1,,LISTEN_COMPARE_FULL_RUNTIME_TEXT
14,Unity/Client/Assets/_Project/Scripts/World/Chapter2IntroFlow.cs,409,23375,field05_main14_irrigation,companion_paul,폴,수로는 거의 말랐고 그늘의 바닥도 미세하게 따뜻합니다.,main14_paul_002,M14:Unity/Client/Assets/_Project/Scripts/World/Chapter2IntroFlow.cs:23375,World_ArbelVillage/Field_05,1,companion_paul,companion_paul,폴,수로는 거의 말랐고 그늘의 바닥도 미세하게 따뜻합니다.,수로는 거의 말랐고 그늘의 바닥도 미세하게 따뜻합니다.,,,문서\03_스토리\LOCAL_Story_Dialogue_원문_부록.md,수로는 거의 말랐고 그늘의 바닥도 미세하게 따뜻합니다.,main14_paul_002,폴,수로는 거의 말랐고 그늘의 바닥도 미세하게 따뜻합니다.,Limitless_TTS_Output_Main13_15/dialogue_manifest_main13_15.csv,companion_paul,Unity/Client/Assets/_Project/Audio/Voice/Story/Main14/main14_paul_002.wav,5da30b2a43457004793dbabb963e0112,main14_paul_002.wav,True,,False,False,-57.17483173374974,False,companion_paul,companion_paul (미제작은 NONE),NEEDS_LISTENING,,1.05,24000,1,526ff3f01aa4dda666ee1e330ac93020bca70bf60375d7eeda0f7423e041216e,HIGH,SEMANTIC_LISTENING_PRIORITY_HIGH,170,LOW_RMS_BELOW_MINUS45_DBFS;EXTREME_SHORT_TEXT_DURATION_RATIO;IMPORTANT_STORY_UNLISTENED,NEEDS_LISTENING,False,3b7b423d3ebe3494c736d7f86458317a56e4efde4808209724f5b8f9d8520848,-57.17483173374974,-39.402856369877874,25200,1,23,QuestSequence03,3,1,,LISTEN_COMPARE_FULL_RUNTIME_TEXT
14,Unity/Client/Assets/_Project/Scripts/World/Chapter2IntroFlow.cs,410,23466,field05_main14_watchpost,companion_paul,폴,타버린 풀과 갈라진 돌입니다. 열이 잠깐 발생했거나 무언가 지나갔을 수 있습니다.,main14_paul_003,M14:Unity/Client/Assets/_Project/Scripts/World/Chapter2IntroFlow.cs:23466,World_ArbelVillage/Field_05,1,companion_paul,companion_paul,폴,타버린 풀과 갈라진 돌입니다. 열이 잠깐 발생했거나 무언가 지나갔을 수 있습니다.,타버린 풀과 갈라진 돌입니다. 열이 잠깐 발생했거나 무언가 지나갔을 수 있습니다.,,,문서\03_스토리\LOCAL_Story_Dialogue_원문_부록.md,타버린 풀과 갈라진 돌입니다. 열이 잠깐 발생했거나 무언가 지나갔을 수 있습니다.,main14_paul_003,폴,타버린 풀과 갈라진 돌입니다. 열이 잠깐 발생했거나 무언가 지나갔을 수 있습니다.,Limitless_TTS_Output_Main13_15/dialogue_manifest_main13_15.csv,companion_paul,Unity/Client/Assets/_Project/Audio/Voice/Story/Main14/main14_paul_003.wav,de8715557db747748a5612c3964ebce5,main14_paul_003.wav,True,,False,False,-20.935116990815153,False,companion_paul,companion_paul (미제작은 NONE),NEEDS_LISTENING,,7.07,24000,1,b58f26d71fc7aaf9278d8fb850e691aaefda215143e97d594cd2fcd57c92ba07,MEDIUM,SEMANTIC_LISTENING_PRIORITY_MEDIUM,20,IMPORTANT_STORY_UNLISTENED,NEEDS_LISTENING,False,32d62a4380b111f5aead0b2be3c4f7c7e9ec485ef27ac9c3616cf5bd59e8aa9f,-20.935116990815153,-3.38937626266826,169680,2,33,QuestSequence05,5,1,,LISTEN_COMPARE_FULL_RUNTIME_TEXT
15,Unity/Client/Assets/_Project/Scripts/World/Chapter2Main15Flow.cs,152,8307,TryHandleNpc,arbel-leon,레온,서쪽 길을 다녀온 사람들이 땅이 뜨겁다고 합니다. 작은 불 흔적은 있지만 큰 불길을 본 사람은 없어요.,main15_leon_001,M15:Unity/Client/Assets/_Project/Scripts/World/Chapter2Main15Flow.cs:8307,Field_06/World_ArbelVillage,1,arbel-leon,arbel-leon,레온,서쪽 길을 다녀온 사람들이 땅이 뜨겁다고 합니다. 작은 불 흔적은 있지만 큰 불길을 본 사람은 없어요.,서쪽 길을 다녀온 사람들이 땅이 뜨겁다고 합니다. 작은 불 흔적은 있지만 큰 불길을 본 사람은 없어요.,,,문서\03_스토리\LOCAL_Story_Dialogue_원문_부록.md,서쪽 길을 다녀온 사람들이 땅이 뜨겁다고 합니다. 작은 불 흔적은 있지만 큰 불길을 본 사람은 없어요.,main15_leon_001,레온,서쪽 길을 다녀온 사람들이 땅이 뜨겁다고 합니다. 작은 불 흔적은 있지만 큰 불길을 본 사람은 없어요.,Limitless_TTS_Output_Main13_15/dialogue_manifest_main13_15.csv,arbel-leon,Unity/Client/Assets/_Project/Audio/Voice/Story/Main15/main15_leon_001.wav,95b34bc2883935a478621ff1fc37ef0b,main15_leon_001.wav,True,,False,False,-22.218831273900665,False,NONE,arbel-leon (미제작은 NONE),NEEDS_LISTENING,,14.79,24000,1,ed7083be85277bf862afd5b1fd9bf43d5073bc2c0c04fb750d2ffb1223822c4c,MEDIUM,SEMANTIC_LISTENING_PRIORITY_MEDIUM,45,LONG_MULTI_SENTENCE_OR_3_LINES;IMPORTANT_STORY_UNLISTENED,NEEDS_LISTENING,False,bcb29d83c2df446ae1c9313ddd524114d6943b695cc8627617e25de5dfe0b0fe,-22.218831273900665,-3.195371777079903,354960,2,40,QuestSequence01,1,1,,LISTEN_COMPARE_FULL_RUNTIME_TEXT
15,Unity/Client/Assets/_Project/Scripts/World/Chapter2Main15Flow.cs,153,8431,TryHandleNpc,companion_serin,세린,저도 계속 서쪽을 확인할 생각이에요. 같이 살펴보죠.,main15_serin_001,M15:Unity/Client/Assets/_Project/Scripts/World/Chapter2Main15Flow.cs:8431,Field_06/World_ArbelVillage,2,companion_serin,companion_serin,세린,저도 계속 서쪽을 확인할 생각이에요. 같이 살펴보죠.,저도 계속 서쪽을 확인할 생각이에요. 같이 살펴보죠.,,,문서\03_스토리\LOCAL_Story_Dialogue_원문_부록.md,저도 계속 서쪽을 확인할 생각이에요. 같이 살펴보죠.,main15_serin_001,세린,저도 계속 서쪽을 확인할 생각이에요. 같이 살펴보죠.,Limitless_TTS_Output_Main13_15/dialogue_manifest_main13_15.csv,companion_serin,Unity/Client/Assets/_Project/Audio/Voice/Story/Main15/main15_serin_001.wav,d58749bc65f51ef43991ae78562dfeaf,main15_serin_001.wav,True,,False,False,-18.041860845362997,False,companion_serin,companion_serin (미제작은 NONE),NEEDS_LISTENING,,4.26,24000,1,64420ff99c2f829fb76f8c499095b4c8844a0cbb0ca89f88b2904e2546a978b3,MEDIUM,SEMANTIC_LISTENING_PRIORITY_MEDIUM,20,IMPORTANT_STORY_UNLISTENED,NEEDS_LISTENING,False,71becb82b06cbf88601dcb0c677c3e2400d631d6ed7ee18a1282af6a8e045e5d,-18.041860845362997,-1.5841550817631147,102240,2,21,QuestSequence01,1,2,,LISTEN_COMPARE_FULL_RUNTIME_TEXT
15,Unity/Client/Assets/_Project/Scripts/World/Chapter2Main15Flow.cs,156,8630,TryHandleNpc,companion_serin,세린,또 시작됐어요. 지난번보다 간격이 조금 짧아요. 서쪽에서 오지만 위치까지는 모르겠습니다.,main15_serin_004,M15:Unity/Client/Assets/_Project/Scripts/World/Chapter2Main15Flow.cs:8630,Field_06/World_ArbelVillage,3,companion_serin,companion_serin,세린,또 시작됐어요. 지난번보다 간격이 조금 짧아요. 서쪽에서 오지만 위치까지는 모르겠습니다.,또 시작됐어요. 지난번보다 간격이 조금 짧아요. 서쪽에서 오지만 위치까지는 모르겠습니다.,,,문서\03_스토리\LOCAL_Story_Dialogue_원문_부록.md,또 시작됐어요. 지난번보다 간격이 조금 짧아요. 서쪽에서 오지만 위치까지는 모르겠습니다.,main15_serin_004,세린,또 시작됐어요. 지난번보다 간격이 조금 짧아요. 서쪽에서 오지만 위치까지는 모르겠습니다.,Limitless_TTS_Output_Main13_15/dialogue_manifest_main13_15.csv,companion_serin,Unity/Client/Assets/_Project/Audio/Voice/Story/Main15/main15_serin_004.wav,5c88d3f77a017c940b0fd2071fda9618,main15_serin_004.wav,True,,False,False,-17.536952824927933,False,companion_serin,companion_serin (미제작은 NONE),NEEDS_LISTENING,,7.65,24000,1,8b9d79b1e8f265dbb3b6c7ae2ca024a3db0c63b86e5ead50202d5448aa4c6a45,MEDIUM,SEMANTIC_LISTENING_PRIORITY_MEDIUM,45,LONG_MULTI_SENTENCE_OR_3_LINES;IMPORTANT_STORY_UNLISTENED,NEEDS_LISTENING,False,bbe1f34b1503c148aa302f0bd28f3ebb3e818137b5fefa0be74ed09c36aeb52e,-17.536952824927933,-1.2377398172242187,183600,3,37,QuestSequence07,7,1,,LISTEN_COMPARE_FULL_RUNTIME_TEXT
15,Unity/Client/Assets/_Project/Scripts/World/Chapter2Main15Flow.cs,157,8775,TryHandleNpc,companion_paul,폴,이 지면은 제 휠에도 별로 반갑지 않네요.,main15_paul_002,M15:Unity/Client/Assets/_Project/Scripts/World/Chapter2Main15Flow.cs:8775,Field_06/World_ArbelVillage,4,companion_paul,companion_paul,폴,이 지면은 제 휠에도 별로 반갑지 않네요.,이 지면은 제 휠에도 별로 반갑지 않네요.,,,문서\03_스토리\LOCAL_Story_Dialogue_원문_부록.md,이 지면은 제 휠에도 별로 반갑지 않네요.,main15_paul_002,폴,이 지면은 제 휠에도 별로 반갑지 않네요.,Limitless_TTS_Output_Main13_15/dialogue_manifest_main13_15.csv,companion_paul,Unity/Client/Assets/_Project/Audio/Voice/Story/Main15/main15_paul_002.wav,a9119f9a2fbcd514aa875b6f6601d573,main15_paul_002.wav,True,,False,False,-23.900552078844193,False,companion_paul,companion_paul (미제작은 NONE),NEEDS_LISTENING,,7.87,24000,1,64eb273849c7c4830dab5f4be2c486491eda9369db8335c4690cb021f0ed96be,MEDIUM,SEMANTIC_LISTENING_PRIORITY_MEDIUM,20,IMPORTANT_STORY_UNLISTENED,NEEDS_LISTENING,False,926c383dd38b123b5fb6515bf232202aa062930038080a2340295345245950ec,-23.900552078844193,-5.307921308758376,188880,1,16,QuestSequence07,7,2,,LISTEN_COMPARE_FULL_RUNTIME_TEXT
15,Unity/Client/Assets/_Project/Scripts/World/Chapter2Main15Flow.cs,158,8878,TryHandleNpc,companion_serin,세린,땅이 뜨거워서요?,main15_serin_005,M15:Unity/Client/Assets/_Project/Scripts/World/Chapter2Main15Flow.cs:8878,Field_06/World_ArbelVillage,5,companion_serin,companion_serin,세린,땅이 뜨거워서요?,땅이 뜨거워서요?,,,문서\03_스토리\LOCAL_Story_Dialogue_원문_부록.md,땅이 뜨거워서요?,main15_serin_005,세린,땅이 뜨거워서요?,Limitless_TTS_Output_Main13_15/dialogue_manifest_main13_15.csv,companion_serin,Unity/Client/Assets/_Project/Audio/Voice/Story/Main15/main15_serin_005.wav,4689c68730c43dc468d24919a59586bc,main15_serin_005.wav,True,,False,False,-20.390376390976005,False,companion_serin,companion_serin (미제작은 NONE),NEEDS_LISTENING,,1.83,24000,1,75355e27161a07b071bff636d747a9528d816b6668437f3ff1285ae52f1511d1,MEDIUM,SEMANTIC_LISTENING_PRIORITY_MEDIUM,20,IMPORTANT_STORY_UNLISTENED,NEEDS_LISTENING,False,5ee95fc84b7234bb0d72251390c0d5f474d29e4457f68c889528fff8ceae6cc5,-20.390376390976005,-4.004710835889143,43920,1,7,QuestSequence07,7,3,,LISTEN_COMPARE_FULL_RUNTIME_TEXT
15,Unity/Client/Assets/_Project/Scripts/World/Chapter2Main15Flow.cs,159,8983,TryHandleNpc,companion_paul,폴,타이어도 오늘은 기분이 나쁜 모양입니다.,main15_paul_003,M15:Unity/Client/Assets/_Project/Scripts/World/Chapter2Main15Flow.cs:8983,Field_06/World_ArbelVillage,6,companion_paul,companion_paul,폴,타이어도 오늘은 기분이 나쁜 모양입니다.,타이어도 오늘은 기분이 나쁜 모양입니다.,,,문서\03_스토리\LOCAL_Story_Dialogue_원문_부록.md,타이어도 오늘은 기분이 나쁜 모양입니다.,main15_paul_003,폴,타이어도 오늘은 기분이 나쁜 모양입니다.,Limitless_TTS_Output_Main13_15/dialogue_manifest_main13_15.csv,companion_paul,Unity/Client/Assets/_Project/Audio/Voice/Story/Main15/main15_paul_003.wav,39be4777cb7af5a469a5e9ea4d040535,main15_paul_003.wav,True,,False,False,-18.28370996942191,False,companion_paul,companion_paul (미제작은 NONE),NEEDS_LISTENING,,5.02,24000,1,867469c31e137e79988f1e1c406ace2ce38795b23d3dcbf40854511fee9bf64f,MEDIUM,SEMANTIC_LISTENING_PRIORITY_MEDIUM,20,IMPORTANT_STORY_UNLISTENED,NEEDS_LISTENING,False,1ba43a4a5b313391852d811c508368baf2e92f7d558406b3200f8a0ea02e4427,-18.28370996942191,-0.9592044440450642,120480,1,17,QuestSequence07,7,4,,LISTEN_COMPARE_FULL_RUNTIME_TEXT
15,Unity/Client/Assets/_Project/Scripts/World/Chapter2Main15Flow.cs,162,9152,TryHandleNpc,arbel-leon,레온,"변한 동물과 균열, 더 강한 열기와 진동이 있었군요. 원인을 단정하지 않고 주민들에게 대비를 알리겠습니다.",main15_leon_002,M15:Unity/Client/Assets/_Project/Scripts/World/Chapter2Main15Flow.cs:9152,Field_06/World_ArbelVillage,7,arbel-leon,arbel-leon,레온,"변한 동물과 균열, 더 강한 열기와 진동이 있었군요. 원인을 단정하지 않고 주민들에게 대비를 알리겠습니다.","변한 동물과 균열, 더 강한 열기와 진동이 있었군요. 원인을 단정하지 않고 주민들에게 대비를 알리겠습니다.",,,문서\03_스토리\LOCAL_Story_Dialogue_원문_부록.md,"변한 동물과 균열, 더 강한 열기와 진동이 있었군요. 원인을 단정하지 않고 주민들에게 대비를 알리겠습니다.",main15_leon_002,레온,"변한 동물과 균열, 더 강한 열기와 진동이 있었군요. 원인을 단정하지 않고 주민들에게 대비를 알리겠습니다.",Limitless_TTS_Output_Main13_15/dialogue_manifest_main13_15.csv,arbel-leon,Unity/Client/Assets/_Project/Audio/Voice/Story/Main15/main15_leon_002.wav,a5260d8c9f7495a45a0d06ea12733376,main15_leon_002.wav,True,,False,False,-21.793122286381372,False,NONE,arbel-leon (미제작은 NONE),NEEDS_LISTENING,,12.0,24000,1,6929be8f97d72f93057189e9016d4e93531c36fccaf6399f0efa30a2515ec112,MEDIUM,SEMANTIC_LISTENING_PRIORITY_MEDIUM,45,LONG_MULTI_SENTENCE_OR_3_LINES;IMPORTANT_STORY_UNLISTENED,NEEDS_LISTENING,False,341f9c72e91237d169937c5699dcb2a290db5ce804fccd34645d225959c61418,-21.793122286381372,-3.219914704527847,288000,2,43,QuestSequence08,8,1,,LISTEN_COMPARE_FULL_RUNTIME_TEXT
15,Unity/Client/Assets/_Project/Scripts/World/Chapter2Main15Flow.cs,165,9325,TryHandleNpc,companion_serin,세린,저도 계속 서쪽을 확인할 생각이에요. 혼자보다 함께 움직이는 편이 낫겠습니다.,main15_serin_007,M15:Unity/Client/Assets/_Project/Scripts/World/Chapter2Main15Flow.cs:9325,Field_06/World_ArbelVillage,8,companion_serin,companion_serin,세린,저도 계속 서쪽을 확인할 생각이에요. 혼자보다 함께 움직이는 편이 낫겠습니다.,저도 계속 서쪽을 확인할 생각이에요. 혼자보다 함께 움직이는 편이 낫겠습니다.,,,문서\03_스토리\LOCAL_Story_Dialogue_원문_부록.md,저도 계속 서쪽을 확인할 생각이에요. 혼자보다 함께 움직이는 편이 낫겠습니다.,main15_serin_007,세린,저도 계속 서쪽을 확인할 생각이에요. 혼자보다 함께 움직이는 편이 낫겠습니다.,Limitless_TTS_Output_Main13_15/dialogue_manifest_main13_15.csv,companion_serin,Unity/Client/Assets/_Project/Audio/Voice/Story/Main15/main15_serin_007.wav,5c62785020163b146a9b7fd1b5a5e00c,main15_serin_007.wav,True,,False,False,-17.51663284389871,False,companion_serin,companion_serin (미제작은 NONE),NEEDS_LISTENING,,5.7,24000,1,319c2471f72b1788d522c7024ae4b030b0ff5cc674dde8e85b5556193495ea77,MEDIUM,SEMANTIC_LISTENING_PRIORITY_MEDIUM,20,IMPORTANT_STORY_UNLISTENED,NEEDS_LISTENING,False,02641ec66da0e6c8858860b28bfa1aaf46674e5b3e760d1df48200f55fbef647,-17.51663284389871,-1.1042761129882246,136800,2,32,QuestSequence09,9,1,,LISTEN_COMPARE_FULL_RUNTIME_TEXT
15,Unity/Client/Assets/_Project/Scripts/World/Chapter2Main15Flow.cs,166,9464,TryHandleNpc,companion_taeon,태온,그렇다면 앞으로도 함께하시겠습니까?,main15_taeon_004,M15:Unity/Client/Assets/_Project/Scripts/World/Chapter2Main15Flow.cs:9464,Field_06/World_ArbelVillage,9,companion_taeon,companion_taeon,태온,그렇다면 앞으로도 함께하시겠습니까?,그렇다면 앞으로도 함께하시겠습니까?,,,문서\03_스토리\LOCAL_Story_Dialogue_원문_부록.md,그렇다면 앞으로도 함께하시겠습니까?,main15_taeon_004,태온,그렇다면 앞으로도 함께하시겠습니까?,Limitless_TTS_Output_Main13_15/dialogue_manifest_main13_15.csv,companion_taeon,Unity/Client/Assets/_Project/Audio/Voice/Story/Main15/main15_taeon_004.wav,b0e79f907fc0ed740ac0e3f20702ce60,main15_taeon_004.wav,True,,False,False,-21.297522062240088,False,companion_taeon,companion_taeon (미제작은 NONE),NEEDS_LISTENING,,4.84,24000,1,b3e55c9587b03828cdcd103888709d9c4467901dad63c2ef00a81faeed8a653c,MEDIUM,SEMANTIC_LISTENING_PRIORITY_MEDIUM,20,IMPORTANT_STORY_UNLISTENED,NEEDS_LISTENING,False,1d31b31edb7a5900146ba4113fb715c04d00adfef52668ccd3bb246b731f53a5,-21.297522062240088,-2.6136893638418,116160,1,16,QuestSequence09,9,2,,LISTEN_COMPARE_FULL_RUNTIME_TEXT
15,Unity/Client/Assets/_Project/Scripts/World/Chapter2Main15Flow.cs,167,9566,TryHandleNpc,companion_serin,세린,네. 당분간이 아니어도 괜찮다면요.,main15_serin_008,M15:Unity/Client/Assets/_Project/Scripts/World/Chapter2Main15Flow.cs:9566,Field_06/World_ArbelVillage,10,companion_serin,companion_serin,세린,네. 당분간이 아니어도 괜찮다면요.,네. 당분간이 아니어도 괜찮다면요.,,,문서\03_스토리\LOCAL_Story_Dialogue_원문_부록.md,네. 당분간이 아니어도 괜찮다면요.,main15_serin_008,세린,네. 당분간이 아니어도 괜찮다면요.,Limitless_TTS_Output_Main13_15/dialogue_manifest_main13_15.csv,companion_serin,Unity/Client/Assets/_Project/Audio/Voice/Story/Main15/main15_serin_008.wav,e09674083ac0c7c44b0bb77805e98f34,main15_serin_008.wav,True,,False,False,-16.076442017502984,False,companion_serin,companion_serin (미제작은 NONE),NEEDS_LISTENING,,3.65,24000,1,f2ad235edb28138b45716b8f1ed865ee6bca5007592bc2c089a056f1e5564718,MEDIUM,SEMANTIC_LISTENING_PRIORITY_MEDIUM,20,IMPORTANT_STORY_UNLISTENED,NEEDS_LISTENING,False,a6b98794c39058c0bcc2f49023c3d61a234f8343978236bce97ad8795b742d01,-16.076442017502984,-1.5577923152887352,87600,2,14,QuestSequence09,9,3,,LISTEN_COMPARE_FULL_RUNTIME_TEXT
15,Unity/Client/Assets/_Project/Scripts/World/Chapter2Main15Flow.cs,168,9681,TryHandleNpc,companion_miel,미엘,물론이에요.,main15_miel_002,M15:Unity/Client/Assets/_Project/Scripts/World/Chapter2Main15Flow.cs:9681,Field_06/World_ArbelVillage,11,companion_miel,companion_miel,미엘,물론이에요.,물론이에요.,,,문서\03_스토리\LOCAL_Story_Dialogue_원문_부록.md,물론이에요.,main15_miel_002,미엘,물론이에요.,Limitless_TTS_Output_Main13_15/dialogue_manifest_main13_15.csv,companion_miel,Unity/Client/Assets/_Project/Audio/Voice/Story/Main15/main15_miel_002.wav,c2bfd3fa3e092884ba85d91c3302f7c7,main15_miel_002.wav,True,,False,False,-17.148222328778196,False,companion_miel,companion_miel (미제작은 NONE),NEEDS_LISTENING,,1.41,24000,1,9f1728c4ead6e2ef63617636bc9e304fb30a43e643dd5402531352ffb2c4b654,MEDIUM,SEMANTIC_LISTENING_PRIORITY_MEDIUM,20,IMPORTANT_STORY_UNLISTENED,NEEDS_LISTENING,False,9beac32b3f5b095e864e1f121afc8d221e23fea62270a44befa822296552ca86,-17.148222328778196,-4.063758579527415,33840,1,5,QuestSequence09,9,4,,LISTEN_COMPARE_FULL_RUNTIME_TEXT
15,Unity/Client/Assets/_Project/Scripts/World/Chapter2Main15Flow.cs,169,9768,TryHandleNpc,companion_paul,폴,제 일이 줄어든다면 언제나 환영입니다.,main15_paul_006,M15:Unity/Client/Assets/_Project/Scripts/World/Chapter2Main15Flow.cs:9768,Field_06/World_ArbelVillage,12,companion_paul,companion_paul,폴,제 일이 줄어든다면 언제나 환영입니다.,제 일이 줄어든다면 언제나 환영입니다.,,,문서\03_스토리\LOCAL_Story_Dialogue_원문_부록.md,제 일이 줄어든다면 언제나 환영입니다.,main15_paul_006,폴,제 일이 줄어든다면 언제나 환영입니다.,Limitless_TTS_Output_Main13_15/dialogue_manifest_main13_15.csv,companion_paul,Unity/Client/Assets/_Project/Audio/Voice/Story/Main15/main15_paul_006.wav,22e404e19e889474eb5975e4d25d6388,main15_paul_006.wav,True,,False,False,-20.5451891019027,False,companion_paul,companion_paul (미제작은 NONE),NEEDS_LISTENING,,3.68,24000,1,c027a828e1fa3b6464005d30c60a2486262d3601fdddea8cfd5240f23b1945b5,MEDIUM,SEMANTIC_LISTENING_PRIORITY_MEDIUM,20,IMPORTANT_STORY_UNLISTENED,NEEDS_LISTENING,False,347b64c1263aba43da96588a1da5f799da4ad3af71d2ad608451c2210f058fec,-20.5451891019027,-1.8953643451173314,88320,1,16,QuestSequence09,9,5,,LISTEN_COMPARE_FULL_RUNTIME_TEXT
15,Unity/Client/Assets/_Project/Scripts/World/Chapter2Main15Flow.cs,254,13632,Lines,companion_miel,미엘,몸에 불이 붙은 건가요?,main15_miel_001,M15:Unity/Client/Assets/_Project/Scripts/World/Chapter2Main15Flow.cs:13632,Field_06/World_ArbelVillage,1,companion_miel,companion_miel,미엘,몸에 불이 붙은 건가요?,몸에 불이 붙은 건가요?,,,문서\03_스토리\LOCAL_Story_Dialogue_원문_부록.md,몸에 불이 붙은 건가요?,main15_miel_001,미엘,몸에 불이 붙은 건가요?,Limitless_TTS_Output_Main13_15/dialogue_manifest_main13_15.csv,companion_miel,Unity/Client/Assets/_Project/Audio/Voice/Story/Main15/main15_miel_001.wav,b2639392087718345a8f62829dd456a6,main15_miel_001.wav,True,,False,False,-40.64250658120411,False,companion_miel,companion_miel (미제작은 NONE),NEEDS_LISTENING,,1.14,24000,1,f281460d7529f5941a996c2b399103f547081ed10b732f6ec077b4e85a6da6be,MEDIUM,SEMANTIC_LISTENING_PRIORITY_MEDIUM,20,IMPORTANT_STORY_UNLISTENED,NEEDS_LISTENING,False,0a80bed7edbaf8325f4faa79f0fa93a3c0211b3293db7e60df3fd32b5b7634c2,-40.64250658120411,-20.015387816694727,27360,1,9,QuestSequence02,2,1,QuestSequence02:1;,LISTEN_COMPARE_FULL_RUNTIME_TEXT
15,Unity/Client/Assets/_Project/Scripts/World/Chapter2Main15Flow.cs,255,13730,Lines,companion_paul,폴,불이 붙었다기보다 몸 자체가 변한 것 같습니다.,main15_paul_001,M15:Unity/Client/Assets/_Project/Scripts/World/Chapter2Main15Flow.cs:13730,Field_06/World_ArbelVillage,2,companion_paul,companion_paul,폴,불이 붙었다기보다 몸 자체가 변한 것 같습니다.,불이 붙었다기보다 몸 자체가 변한 것 같습니다.,,,문서\03_스토리\LOCAL_Story_Dialogue_원문_부록.md,불이 붙었다기보다 몸 자체가 변한 것 같습니다.,main15_paul_001,폴,불이 붙었다기보다 몸 자체가 변한 것 같습니다.,Limitless_TTS_Output_Main13_15/dialogue_manifest_main13_15.csv,companion_paul,Unity/Client/Assets/_Project/Audio/Voice/Story/Main15/main15_paul_001.wav,415037a69576e1c40a0cac13a66da4dc,main15_paul_001.wav,True,,False,False,-24.157162166520237,False,companion_paul,companion_paul (미제작은 NONE),NEEDS_LISTENING,,5.18,24000,1,ee7a4d5eb75e9f0942acbe385b599a0f3d957786ce36b7466a427e923de07025,MEDIUM,SEMANTIC_LISTENING_PRIORITY_MEDIUM,20,IMPORTANT_STORY_UNLISTENED,NEEDS_LISTENING,False,1c387ae04553e36e88f5798e04cefba91c4bc8928fe85c7f082af501415c0ca3,-24.157162166520237,-4.956648065458919,124320,1,19,QuestSequence02,2,2,QuestSequence02:2;,LISTEN_COMPARE_FULL_RUNTIME_TEXT
15,Unity/Client/Assets/_Project/Scripts/World/Chapter2Main15Flow.cs,256,13840,Lines,companion_taeon,태온,가까이 가기 전에 상태를 확인하죠.,main15_taeon_001,M15:Unity/Client/Assets/_Project/Scripts/World/Chapter2Main15Flow.cs:13840,Field_06/World_ArbelVillage,3,companion_taeon,companion_taeon,태온,가까이 가기 전에 상태를 확인하죠.,가까이 가기 전에 상태를 확인하죠.,,,문서\03_스토리\LOCAL_Story_Dialogue_원문_부록.md,가까이 가기 전에 상태를 확인하죠.,main15_taeon_001,태온,가까이 가기 전에 상태를 확인하죠.,Limitless_TTS_Output_Main13_15/dialogue_manifest_main13_15.csv,companion_taeon,Unity/Client/Assets/_Project/Audio/Voice/Story/Main15/main15_taeon_001.wav,9aa2646d26e839b428c04ff4009c647b,main15_taeon_001.wav,True,,False,False,-57.71293556780536,False,companion_taeon,companion_taeon (미제작은 NONE),NEEDS_LISTENING,,1.32,24000,1,be96ee77c1bd2b2cdde7bbd3385d7dfb2914a7da49d99afc0cbababd8166e620,HIGH,SEMANTIC_LISTENING_PRIORITY_HIGH,100,LOW_RMS_BELOW_MINUS45_DBFS;IMPORTANT_STORY_UNLISTENED,NEEDS_LISTENING,False,136ca15773e3293441c11e38836aa467bc03729059e568c8a3f844415720c90e,-57.71293556780536,-44.37569489396374,31680,1,14,QuestSequence02,2,3,QuestSequence02:3;,LISTEN_COMPARE_FULL_RUNTIME_TEXT
15,Unity/Client/Assets/_Project/Scripts/World/Chapter2Main15Flow.cs,257,13946,Lines,companion_serin,세린,움직임은 보통 야생동물과 비슷해요.,main15_serin_002,M15:Unity/Client/Assets/_Project/Scripts/World/Chapter2Main15Flow.cs:13946,Field_06/World_ArbelVillage,4,companion_serin,companion_serin,세린,움직임은 보통 야생동물과 비슷해요.,움직임은 보통 야생동물과 비슷해요.,,,문서\03_스토리\LOCAL_Story_Dialogue_원문_부록.md,움직임은 보통 야생동물과 비슷해요.,main15_serin_002,세린,움직임은 보통 야생동물과 비슷해요.,Limitless_TTS_Output_Main13_15/dialogue_manifest_main13_15.csv,companion_serin,Unity/Client/Assets/_Project/Audio/Voice/Story/Main15/main15_serin_002.wav,8b6306d2d4e62cf44800fe49337f3d5f,main15_serin_002.wav,True,,False,False,-15.683663082420459,False,companion_serin,companion_serin (미제작은 NONE),NEEDS_LISTENING,,3.33,24000,1,b94a2644650b032bcb5ede0c19c31462a5dae28bc14b52e90b119ec5b7aa739f,MEDIUM,SEMANTIC_LISTENING_PRIORITY_MEDIUM,20,IMPORTANT_STORY_UNLISTENED,NEEDS_LISTENING,False,5153521977bad90209d95cb3be88c62383d0426a0e6b9f2c5f6145023f8271aa,-15.683663082420459,-1.7463028186185818,79920,1,15,QuestSequence02,2,4,QuestSequence02:4;,LISTEN_COMPARE_FULL_RUNTIME_TEXT
15,Unity/Client/Assets/_Project/Scripts/World/Chapter2Main15Flow.cs,259,14124,Lines,companion_taeon,태온,발자국이 동쪽으로 향합니다. 이곳에서 도망치는 듯합니다.,main15_taeon_002,M15:Unity/Client/Assets/_Project/Scripts/World/Chapter2Main15Flow.cs:14124,Field_06/World_ArbelVillage,5,companion_taeon,companion_taeon,태온,발자국이 동쪽으로 향합니다. 이곳에서 도망치는 듯합니다.,발자국이 동쪽으로 향합니다. 이곳에서 도망치는 듯합니다.,,,문서\03_스토리\LOCAL_Story_Dialogue_원문_부록.md,발자국이 동쪽으로 향합니다. 이곳에서 도망치는 듯합니다.,main15_taeon_002,태온,발자국이 동쪽으로 향합니다. 이곳에서 도망치는 듯합니다.,Limitless_TTS_Output_Main13_15/dialogue_manifest_main13_15.csv,companion_taeon,Unity/Client/Assets/_Project/Audio/Voice/Story/Main15/main15_taeon_002.wav,961abb73ba4179847a8f4edf51b0ae35,main15_taeon_002.wav,True,,False,False,-21.21466532567052,False,companion_taeon,companion_taeon (미제작은 NONE),NEEDS_LISTENING,,11.06,24000,1,66190ccf7cc8abba3325a7436024b2db5045103d5f2717ee611774ca82492de9,MEDIUM,SEMANTIC_LISTENING_PRIORITY_MEDIUM,20,IMPORTANT_STORY_UNLISTENED,NEEDS_LISTENING,False,c613a09aaf42089c4c8c80935c11ccb4d5a5d23ece261e829621c0eee562f26d,-21.21466532567052,-1.5898828814096144,265440,2,24,QuestSequence03,3,1,QuestSequence03:1;,LISTEN_COMPARE_FULL_RUNTIME_TEXT
15,Unity/Client/Assets/_Project/Scripts/World/Chapter2Main15Flow.cs,260,14284,Lines,companion_serin,세린,또 시작됐어요. 간격은 조금 짧고 강해졌지만 완전히 일정하지는 않아요.,main15_serin_003,M15:Unity/Client/Assets/_Project/Scripts/World/Chapter2Main15Flow.cs:14284,Field_06/World_ArbelVillage,6,companion_serin,companion_serin,세린,또 시작됐어요. 간격은 조금 짧고 강해졌지만 완전히 일정하지는 않아요.,또 시작됐어요. 간격은 조금 짧고 강해졌지만 완전히 일정하지는 않아요.,,,문서\03_스토리\LOCAL_Story_Dialogue_원문_부록.md,또 시작됐어요. 간격은 조금 짧고 강해졌지만 완전히 일정하지는 않아요.,main15_serin_003,세린,또 시작됐어요. 간격은 조금 짧고 강해졌지만 완전히 일정하지는 않아요.,Limitless_TTS_Output_Main13_15/dialogue_manifest_main13_15.csv,companion_serin,Unity/Client/Assets/_Project/Audio/Voice/Story/Main15/main15_serin_003.wav,9b841e9953df1f649b7370fb7e4019eb,main15_serin_003.wav,True,,False,False,-17.234910428762685,False,companion_serin,companion_serin (미제작은 NONE),NEEDS_LISTENING,,6.19,24000,1,6337c384f840fc9f91023ee0bfed2ab3bdc51a76b9df3c7e1d9590da6908b797,MEDIUM,SEMANTIC_LISTENING_PRIORITY_MEDIUM,20,IMPORTANT_STORY_UNLISTENED,NEEDS_LISTENING,False,a6a4e93f38fda465745d79ec7508379a0c682c9af378b16eb55a5beddef6dd8c,-17.234910428762685,-1.4854687003728426,148560,2,29,QuestSequence04,4,1,QuestSequence04:1;,LISTEN_COMPARE_FULL_RUNTIME_TEXT
15,Unity/Client/Assets/_Project/Scripts/World/Chapter2Main15Flow.cs,263,14501,Lines,companion_paul,폴,이 아래에 열원이 있는 건 맞는 것 같습니다.,main15_paul_004,M15:Unity/Client/Assets/_Project/Scripts/World/Chapter2Main15Flow.cs:14501,Field_06/World_ArbelVillage,7,companion_paul,companion_paul,폴,이 아래에 열원이 있는 건 맞는 것 같습니다.,이 아래에 열원이 있는 건 맞는 것 같습니다.,,,문서\03_스토리\LOCAL_Story_Dialogue_원문_부록.md,이 아래에 열원이 있는 건 맞는 것 같습니다.,main15_paul_004,폴,이 아래에 열원이 있는 건 맞는 것 같습니다.,Limitless_TTS_Output_Main13_15/dialogue_manifest_main13_15.csv,companion_paul,Unity/Client/Assets/_Project/Audio/Voice/Story/Main15/main15_paul_004.wav,bbae33f026dbe3e469b3046e3b07b94c,main15_paul_004.wav,True,,False,False,-21.09779582357049,False,companion_paul,companion_paul (미제작은 NONE),NEEDS_LISTENING,,3.99,24000,1,dc57379a322efea0c7495b7dd2e4343828e187a0ec4a8501c5e9402bfc0af93c,MEDIUM,SEMANTIC_LISTENING_PRIORITY_MEDIUM,20,IMPORTANT_STORY_UNLISTENED,NEEDS_LISTENING,False,16df0d1869289c289a7c95c086479e0028e7d70aa2648546210504d3d47ca32f,-21.09779582357049,-6.708776318040007,95760,1,17,QuestSequence05,5,1,QuestSequence05:1;,LISTEN_COMPARE_FULL_RUNTIME_TEXT
15,Unity/Client/Assets/_Project/Scripts/World/Chapter2Main15Flow.cs,264,14610,Lines,companion_taeon,태온,그렇다고 여기가 시작점이라고 단정할 수는 없습니다.,main15_taeon_003,M15:Unity/Client/Assets/_Project/Scripts/World/Chapter2Main15Flow.cs:14610,Field_06/World_ArbelVillage,8,companion_taeon,companion_taeon,태온,그렇다고 여기가 시작점이라고 단정할 수는 없습니다.,그렇다고 여기가 시작점이라고 단정할 수는 없습니다.,,,문서\03_스토리\LOCAL_Story_Dialogue_원문_부록.md,그렇다고 여기가 시작점이라고 단정할 수는 없습니다.,main15_taeon_003,태온,그렇다고 여기가 시작점이라고 단정할 수는 없습니다.,Limitless_TTS_Output_Main13_15/dialogue_manifest_main13_15.csv,companion_taeon,Unity/Client/Assets/_Project/Audio/Voice/Story/Main15/main15_taeon_003.wav,f79d5cb764674794cbcbd1150b783c2f,main15_taeon_003.wav,True,,False,False,-19.348472526422288,False,companion_taeon,companion_taeon (미제작은 NONE),NEEDS_LISTENING,,5.57,24000,1,86c971c5cc4acaae90a08e7921de24ebb8c4fb8f238487d717b86ab2795bd8fe,MEDIUM,SEMANTIC_LISTENING_PRIORITY_MEDIUM,20,IMPORTANT_STORY_UNLISTENED,NEEDS_LISTENING,False,816c121ff07744c630cf75af2130286e82c1080a5180d8fe4617ce68294a129c,-19.348472526422288,-2.3630631646006544,133680,1,22,QuestSequence05,5,2,QuestSequence05:2;,LISTEN_COMPARE_FULL_RUNTIME_TEXT
15,Unity/Client/Assets/_Project/Scripts/World/Chapter2Main15Flow.cs,265,14725,Lines,companion_serin,세린,진동은 더 서쪽에서 옵니다.,main15_serin_006,M15:Unity/Client/Assets/_Project/Scripts/World/Chapter2Main15Flow.cs:14725,Field_06/World_ArbelVillage,9,companion_serin,companion_serin,세린,진동은 더 서쪽에서 옵니다.,진동은 더 서쪽에서 옵니다.,,,문서\03_스토리\LOCAL_Story_Dialogue_원문_부록.md,진동은 더 서쪽에서 옵니다.,main15_serin_006,세린,진동은 더 서쪽에서 옵니다.,Limitless_TTS_Output_Main13_15/dialogue_manifest_main13_15.csv,companion_serin,Unity/Client/Assets/_Project/Audio/Voice/Story/Main15/main15_serin_006.wav,77d7df44b78a96945abf508590727efd,main15_serin_006.wav,True,,False,False,-16.610988214991696,False,companion_serin,companion_serin (미제작은 NONE),NEEDS_LISTENING,,2.53,24000,1,9b52e8f2ff3f18f9653ca22ab09dc063401cfe1f4e672ccac4392058d9fef7a8,MEDIUM,SEMANTIC_LISTENING_PRIORITY_MEDIUM,20,IMPORTANT_STORY_UNLISTENED,NEEDS_LISTENING,False,99d922854318b11024e926063be6c01dd2e4ef0ab311c466b9aed624bdd91f05,-16.610988214991696,-1.2935504916466494,60720,1,11,QuestSequence05,5,3,QuestSequence05:3;,LISTEN_COMPARE_FULL_RUNTIME_TEXT
15,Unity/Client/Assets/_Project/Scripts/World/Chapter2Main15Flow.cs,267,14878,Lines,companion_paul,폴,바위는 일부 검고 식물은 말랐습니다. 큰 산불 흔적 없이 지면의 열이 오른 것 같군요.,main15_paul_005,M15:Unity/Client/Assets/_Project/Scripts/World/Chapter2Main15Flow.cs:14878,Field_06/World_ArbelVillage,10,companion_paul,companion_paul,폴,바위는 일부 검고 식물은 말랐습니다. 큰 산불 흔적 없이 지면의 열이 오른 것 같군요.,바위는 일부 검고 식물은 말랐습니다. 큰 산불 흔적 없이 지면의 열이 오른 것 같군요.,,,문서\03_스토리\LOCAL_Story_Dialogue_원문_부록.md,바위는 일부 검고 식물은 말랐습니다. 큰 산불 흔적 없이 지면의 열이 오른 것 같군요.,main15_paul_005,폴,바위는 일부 검고 식물은 말랐습니다. 큰 산불 흔적 없이 지면의 열이 오른 것 같군요.,Limitless_TTS_Output_Main13_15/dialogue_manifest_main13_15.csv,companion_paul,Unity/Client/Assets/_Project/Audio/Voice/Story/Main15/main15_paul_005.wav,64f1aff20b1dd3847b08303563c44180,main15_paul_005.wav,True,,False,False,-19.09660163604795,False,companion_paul,companion_paul (미제작은 NONE),NEEDS_LISTENING,,3.84,24000,1,734c9e249478a854bd3c2a813cbc7cd792b9b13c9d50fceb0fb1f07ab7d29e91,MEDIUM,SEMANTIC_LISTENING_PRIORITY_MEDIUM,20,IMPORTANT_STORY_UNLISTENED,NEEDS_LISTENING,False,987141f60b915e09c89b9c37af48c7c81a3e072030359d9960738b2b8ad8b515,-19.09660163604795,-2.247961647431682,92160,2,33,QuestSequence06,6,1,QuestSequence06:1;,LISTEN_COMPARE_FULL_RUNTIME_TEXT
16,Unity/Client/Assets/_Project/Scripts/World/Main16DialogueCatalog.cs,25,1074,start/shared,arbel-leon,레온,바람이 거의 없는데 재가 움직였다는 증언이 있습니다. 큰 불길을 보지 못했는데 땅은 뜨겁다고 하고요. 검은 연기 같은 형체를 봤다는 소문도 들립니다.,main16_start_leon_01,M16:Unity/Client/Assets/_Project/Scripts/World/Main16DialogueCatalog.cs:1074,Field_07/World_ArbelVillage,1,arbel-leon,arbel-leon,레온,바람이 거의 없는데 재가 움직였다는 증언이 있습니다. 큰 불길을 보지 못했는데 땅은 뜨겁다고 하고요. 검은 연기 같은 형체를 봤다는 소문도 들립니다.,바람이 거의 없는데 재가 움직였다는 증언이 있습니다. 큰 불길을 보지 못했는데 땅은 뜨겁다고 하고요. 검은 연기 같은 형체를 봤다는 소문도 들립니다.,,,문서\03_스토리\LOCAL_Story_Dialogue_원문_부록.md,바람이 거의 없는데 재가 움직였다는 증언이 있습니다. 큰 불길을 보지 못했는데 땅은 뜨겁다고 하고요. 검은 연기 같은 형체를 봤다는 소문도 들립니다.,main16_start_leon_01,레온,바람이 거의 없는데 재가 움직였다는 증언이 있습니다. 큰 불길을 보지 못했는데 땅은 뜨겁다고 하고요. 검은 연기 같은 형체를 봤다는 소문도 들립니다.,Limitless_TTS_Output_Main16/dialogue_manifest_main16.csv,arbel-leon,Unity/Client/Assets/_Project/Audio/Voice/Story/Main16/main16_start_leon_01.wav,649563f9dfe3454c87247d1c7b3f8930,main16_start_leon_01.wav,True,,False,False,-18.486894286466317,False,NONE,arbel-leon (미제작은 NONE),NEEDS_LISTENING,,8.51,24000,1,8213b7262b74984284511c20343d56c80e988efe4045bd41c234d96530a4af91,MEDIUM,SEMANTIC_LISTENING_PRIORITY_MEDIUM,45,LONG_MULTI_SENTENCE_OR_3_LINES;IMPORTANT_STORY_UNLISTENED,NEEDS_LISTENING,False,572ac0ffa1c120050b6ff0ee148b7a3dcb00ba523e328152a9f82a4e62d7f0bb,-18.486894286466317,-1.9052612921086374,204240,3,60,start,1,1,start/hearing:1;start/default:1;,LISTEN_COMPARE_FULL_RUNTIME_TEXT
16,Unity/Client/Assets/_Project/Scripts/World/Main16DialogueCatalog.cs,26,1225,start/shared,arbel-leon,레온,"평소 같으면 잘못 본 거라고 생각했겠지만, 요즘은 그렇게 넘기기가 어렵군요.",main16_start_leon_02,M16:Unity/Client/Assets/_Project/Scripts/World/Main16DialogueCatalog.cs:1225,Field_07/World_ArbelVillage,2,arbel-leon,arbel-leon,레온,"평소 같으면 잘못 본 거라고 생각했겠지만, 요즘은 그렇게 넘기기가 어렵군요.","평소 같으면 잘못 본 거라고 생각했겠지만, 요즘은 그렇게 넘기기가 어렵군요.",,,문서\03_스토리\Chapter2_Main16_재_속의_형상.md;문서\03_스토리\LOCAL_Story_Dialogue_원문_부록.md,"평소 같으면 잘못 본 거라고 생각했겠지만, 요즘은 그렇게 넘기기가 어렵군요.",main16_start_leon_02,레온,"평소 같으면 잘못 본 거라고 생각했겠지만, 요즘은 그렇게 넘기기가 어렵군요.",Limitless_TTS_Output_Main16/dialogue_manifest_main16.csv,arbel-leon,Unity/Client/Assets/_Project/Audio/Voice/Story/Main16/main16_start_leon_02.wav,bf936b0a876e4f3887602a141e42504c,main16_start_leon_02.wav,True,,False,False,-20.94303651789493,False,NONE,arbel-leon (미제작은 NONE),NEEDS_LISTENING,,13.38,24000,1,201c79b4202238cb91ec007c895acd823ef1a5649bb67bbc3cf236af22edb8aa,MEDIUM,SEMANTIC_LISTENING_PRIORITY_MEDIUM,20,IMPORTANT_STORY_UNLISTENED,NEEDS_LISTENING,False,5e6d379683b0cb42a2a96ff52a9d1d1f8ac9e2440a822ea34cab3ff564318336,-20.94303651789493,-2.043003417569322,321120,1,31,start,1,2,start/hearing:2;start/default:2;,LISTEN_COMPARE_FULL_RUNTIME_TEXT
16,Unity/Client/Assets/_Project/Scripts/World/Main16DialogueCatalog.cs,27,1335,start/shared,companion_paul,폴,확인할 수 있는 건 직접 확인하죠. 소문이 사실인지부터요.,main16_start_paul_01,M16:Unity/Client/Assets/_Project/Scripts/World/Main16DialogueCatalog.cs:1335,Field_07/World_ArbelVillage,3,companion_paul,companion_paul,폴,확인할 수 있는 건 직접 확인하죠. 소문이 사실인지부터요.,확인할 수 있는 건 직접 확인하죠. 소문이 사실인지부터요.,,,문서\03_스토리\Chapter2_Main16_재_속의_형상.md;문서\03_스토리\LOCAL_Story_Dialogue_원문_부록.md,확인할 수 있는 건 직접 확인하죠. 소문이 사실인지부터요.,main16_start_paul_01,폴,확인할 수 있는 건 직접 확인하죠. 소문이 사실인지부터요.,Limitless_TTS_Output_Main16/dialogue_manifest_main16.csv,companion_paul,Unity/Client/Assets/_Project/Audio/Voice/Story/Main16/main16_start_paul_01.wav,3210a2095cc04050a97a19b936395699,main16_start_paul_01.wav,True,,False,False,-21.147414685595642,False,companion_paul,companion_paul (미제작은 NONE),NEEDS_LISTENING,,6.08,24000,1,fdce20f3229c412017f73282782a6542589d3ea5d71b82efcb3a2fefe4baa4eb,MEDIUM,SEMANTIC_LISTENING_PRIORITY_MEDIUM,20,IMPORTANT_STORY_UNLISTENED,NEEDS_LISTENING,False,ed988d3695de43788d1b314182ebef9a343d186d876195a3835551c9a94b0ee6,-21.147414685595642,-2.7636023904142286,145920,2,23,start,1,3,start/hearing:3;start/default:3;,LISTEN_COMPARE_FULL_RUNTIME_TEXT
16,Unity/Client/Assets/_Project/Scripts/World/Main16DialogueCatalog.cs,31,1526,ash/hearing,player,플레이어,진동하고 재가 움직이는 간격이 같아요.,main16_ash_hearing_player_01,M16:Unity/Client/Assets/_Project/Scripts/World/Main16DialogueCatalog.cs:1526,Field_07/World_ArbelVillage,1,player,player,플레이어,진동하고 재가 움직이는 간격이 같아요.,진동하고 재가 움직이는 간격이 같아요.,,,문서\03_스토리\Chapter2_Main16_재_속의_형상.md;문서\03_스토리\LOCAL_Story_Dialogue_원문_부록.md;문서\03_스토리\Path_반응형_Story_연출_규칙.md,진동하고 재가 움직이는 간격이 같아요.,,,,,NONE,,,,,,False,False,,False,NONE,NONE,OK,,,,,,NOT_VOICE_TARGET,,,,OK,False,,,,,,,ash,2,1,ash/hearing:1;,
16,Unity/Client/Assets/_Project/Scripts/World/Main16DialogueCatalog.cs,32,1619,ash/hearing,companion_serin,세린,저도 그렇게 잡혀요.,main16_ash_hearing_serin_01,M16:Unity/Client/Assets/_Project/Scripts/World/Main16DialogueCatalog.cs:1619,Field_07/World_ArbelVillage,2,companion_serin,companion_serin,세린,저도 그렇게 잡혀요.,저도 그렇게 잡혀요.,,,문서\03_스토리\Chapter2_Main16_재_속의_형상.md;문서\03_스토리\LOCAL_Story_Dialogue_원문_부록.md;문서\03_스토리\Path_반응형_Story_연출_규칙.md,저도 그렇게 잡혀요.,main16_ash_hearing_serin_01,세린,저도 그렇게 잡혀요.,Limitless_TTS_Output_Main16/dialogue_manifest_main16.csv,companion_serin,Unity/Client/Assets/_Project/Audio/Voice/Story/Main16/main16_ash_hearing_serin_01.wav,de7fbc3344594225a49c547361e58dd8,main16_ash_hearing_serin_01.wav,True,,False,False,-21.03990463292704,False,companion_serin,companion_serin (미제작은 NONE),NEEDS_LISTENING,,6.78,24000,1,dbe8f19a869477581c8f2d4e91b42ed169a210423ed3d17954a3086f1edec6f4,MEDIUM,SEMANTIC_LISTENING_PRIORITY_MEDIUM,20,IMPORTANT_STORY_UNLISTENED,NEEDS_LISTENING,False,7b7cecd97b7ddefa6c07287b44c24127114e208adb3583687aceb2aefb177fce,-21.03990463292704,-3.787609367416475,162720,1,8,ash,2,2,ash/hearing:2;,LISTEN_COMPARE_FULL_RUNTIME_TEXT
16,Unity/Client/Assets/_Project/Scripts/World/Main16DialogueCatalog.cs,33,1710,ash/hearing,companion_serin,세린,다만 어느 쪽이 먼저인지는 아직 모르겠습니다.,main16_ash_hearing_serin_02,M16:Unity/Client/Assets/_Project/Scripts/World/Main16DialogueCatalog.cs:1710,Field_07/World_ArbelVillage,3,companion_serin,companion_serin,세린,다만 어느 쪽이 먼저인지는 아직 모르겠습니다.,다만 어느 쪽이 먼저인지는 아직 모르겠습니다.,,,문서\03_스토리\Chapter2_Main16_재_속의_형상.md;문서\03_스토리\LOCAL_Story_Dialogue_원문_부록.md,다만 어느 쪽이 먼저인지는 아직 모르겠습니다.,main16_ash_hearing_serin_02,세린,다만 어느 쪽이 먼저인지는 아직 모르겠습니다.,Limitless_TTS_Output_Main16/dialogue_manifest_main16.csv,companion_serin,Unity/Client/Assets/_Project/Audio/Voice/Story/Main16/main16_ash_hearing_serin_02.wav,59e08c2eb5234581bebe790f70e895af,main16_ash_hearing_serin_02.wav,True,,False,False,-52.79415880160521,False,companion_serin,companion_serin (미제작은 NONE),NEEDS_LISTENING,,1.92,24000,1,c127edf83fee1554047945998474ee5f9c57b68506d73cb2ade1c9ca4f198696,HIGH,SEMANTIC_LISTENING_PRIORITY_HIGH,170,LOW_RMS_BELOW_MINUS45_DBFS;SAME_SPEAKER_NEARBY_OUTLIER;IMPORTANT_STORY_UNLISTENED,NEEDS_LISTENING,False,df32090156b58ac771ed861c850ec8fd0b9fc921b52bf5dc919cce0dea20a4de,-52.79415880160521,-35.08548243607973,46080,1,19,ash,2,3,ash/hearing:3;,LISTEN_COMPARE_FULL_RUNTIME_TEXT
16,Unity/Client/Assets/_Project/Scripts/World/Main16DialogueCatalog.cs,36,1858,ash/default,,현장 관찰,세린이 장치를 조절해 지면 신호를 확인한다.,main16_ash_default_observation_01,M16:Unity/Client/Assets/_Project/Scripts/World/Main16DialogueCatalog.cs:1858,Field_07/World_ArbelVillage,1,,,현장 관찰,세린이 장치를 조절해 지면 신호를 확인한다.,세린이 장치를 조절해 지면 신호를 확인한다.,,,문서\03_스토리\LOCAL_Story_Dialogue_원문_부록.md,세린이 장치를 조절해 지면 신호를 확인한다.,,,,,NONE,,,,,,False,False,,False,NONE,NONE,OK,,,,,,NOT_VOICE_TARGET,,,,OK,False,,,,,,,ash,2,1,ash/default:1;,
16,Unity/Client/Assets/_Project/Scripts/World/Main16DialogueCatalog.cs,37,1953,ash/default,companion_serin,세린,땅이 울릴 때마다 움직여요.,main16_ash_default_serin_01,M16:Unity/Client/Assets/_Project/Scripts/World/Main16DialogueCatalog.cs:1953,Field_07/World_ArbelVillage,2,companion_serin,companion_serin,세린,땅이 울릴 때마다 움직여요.,땅이 울릴 때마다 움직여요.,,,문서\03_스토리\Chapter2_Main16_재_속의_형상.md;문서\03_스토리\LOCAL_Story_Dialogue_원문_부록.md,땅이 울릴 때마다 움직여요.,main16_ash_default_serin_01,세린,땅이 울릴 때마다 움직여요.,Limitless_TTS_Output_Main16/dialogue_manifest_main16.csv,companion_serin,Unity/Client/Assets/_Project/Audio/Voice/Story/Main16/main16_ash_default_serin_01.wav,f916c1050d5341f088c1c5b49fa7dd01,main16_ash_default_serin_01.wav,True,,False,False,-20.157033889774752,False,companion_serin,companion_serin (미제작은 NONE),NEEDS_LISTENING,,3.08,24000,1,2b3e2e5594f28c22243d5cd490ab0a32fc768e85a3b946201d73aea46d802bf2,MEDIUM,SEMANTIC_LISTENING_PRIORITY_MEDIUM,20,IMPORTANT_STORY_UNLISTENED,NEEDS_LISTENING,False,d3a30e6aabc1ff1e49d278277192d93a9965ed7f49e0a3d0457553b62117c824,-20.157033889774752,-2.617629761311945,73920,1,11,ash,2,2,ash/default:2;,LISTEN_COMPARE_FULL_RUNTIME_TEXT
16,Unity/Client/Assets/_Project/Scripts/World/Main16DialogueCatalog.cs,38,2048,ash/default,companion_taeon,태온,진동과 관련이 있다는 말씀이십니까?,main16_ash_default_taeon_01,M16:Unity/Client/Assets/_Project/Scripts/World/Main16DialogueCatalog.cs:2048,Field_07/World_ArbelVillage,3,companion_taeon,companion_taeon,태온,진동과 관련이 있다는 말씀이십니까?,진동과 관련이 있다는 말씀이십니까?,,,문서\03_스토리\Chapter2_Main16_재_속의_형상.md;문서\03_스토리\LOCAL_Story_Dialogue_원문_부록.md,진동과 관련이 있다는 말씀이십니까?,main16_ash_default_taeon_01,태온,진동과 관련이 있다는 말씀이십니까?,Limitless_TTS_Output_Main16/dialogue_manifest_main16.csv,companion_taeon,Unity/Client/Assets/_Project/Audio/Voice/Story/Main16/main16_ash_default_taeon_01.wav,9c79606bf02d4738871350747a4fb3d8,main16_ash_default_taeon_01.wav,True,,False,False,-19.895192727391617,False,companion_taeon,companion_taeon (미제작은 NONE),NEEDS_LISTENING,,14.8,24000,1,eb36228fd6a2ff8a1495fc6b4945dcd0bc0e9bba96a23e5609a4eac0fa3535d1,MEDIUM,SEMANTIC_LISTENING_PRIORITY_MEDIUM,20,IMPORTANT_STORY_UNLISTENED,NEEDS_LISTENING,False,bbce498ed5ac0c9d34b6832cd5ca444d2d7079312bf6f469896e1b0e444b0390,-19.895192727391617,-1.5988003063803837,355200,1,15,ash,2,3,ash/default:3;,LISTEN_COMPARE_FULL_RUNTIME_TEXT
16,Unity/Client/Assets/_Project/Scripts/World/Main16DialogueCatalog.cs,39,2147,ash/default,companion_serin,세린,같이 일어나는 건 맞아요. 어느 쪽이 원인인지는 모르겠습니다.,main16_ash_default_serin_02,M16:Unity/Client/Assets/_Project/Scripts/World/Main16DialogueCatalog.cs:2147,Field_07/World_ArbelVillage,4,companion_serin,companion_serin,세린,같이 일어나는 건 맞아요. 어느 쪽이 원인인지는 모르겠습니다.,같이 일어나는 건 맞아요. 어느 쪽이 원인인지는 모르겠습니다.,,,문서\03_스토리\Chapter2_Main16_재_속의_형상.md;문서\03_스토리\LOCAL_Story_Dialogue_원문_부록.md,같이 일어나는 건 맞아요. 어느 쪽이 원인인지는 모르겠습니다.,main16_ash_default_serin_02,세린,같이 일어나는 건 맞아요. 어느 쪽이 원인인지는 모르겠습니다.,Limitless_TTS_Output_Main16/dialogue_manifest_main16.csv,companion_serin,Unity/Client/Assets/_Project/Audio/Voice/Story/Main16/main16_ash_default_serin_02.wav,6667a77a3eb849838835ca56f8fa48fc,main16_ash_default_serin_02.wav,True,,False,False,-19.72963371474751,False,companion_serin,companion_serin (미제작은 NONE),NEEDS_LISTENING,,6.32,24000,1,60655c278833249eb20cccc0a36390f97b5372c9d653b9dad0f6c3c806dfac2a,MEDIUM,SEMANTIC_LISTENING_PRIORITY_MEDIUM,20,IMPORTANT_STORY_UNLISTENED,NEEDS_LISTENING,False,cd342417e598ff7025ec6f5636bbd6b0d7da158d317e700ad9989674fdafa2ac,-19.72963371474751,-1.9393268905658871,151680,2,25,ash,2,4,ash/default:4;,LISTEN_COMPARE_FULL_RUNTIME_TEXT
16,Unity/Client/Assets/_Project/Scripts/World/Main16DialogueCatalog.cs,40,2261,ash/default,player,플레이어,움직이는 재와 바닥의 변화를 함께 기록해 두죠.,main16_ash_default_player_01,M16:Unity/Client/Assets/_Project/Scripts/World/Main16DialogueCatalog.cs:2261,Field_07/World_ArbelVillage,5,player,player,플레이어,움직이는 재와 바닥의 변화를 함께 기록해 두죠.,움직이는 재와 바닥의 변화를 함께 기록해 두죠.,,,문서\03_스토리\LOCAL_Story_Dialogue_원문_부록.md,움직이는 재와 바닥의 변화를 함께 기록해 두죠.,,,,,NONE,,,,,,False,False,,False,NONE,NONE,OK,,,,,,NOT_VOICE_TARGET,,,,OK,False,,,,,,,ash,2,5,ash/default:5;,
16,Unity/Client/Assets/_Project/Scripts/World/Main16DialogueCatalog.cs,44,2452,vibration/hearing,player,플레이어,서쪽으로 갈수록 신호가 강해져요. 반복되는 간격도 앞에서 확인한 것과 달라요.,main16_vibration_hearing_player_01,M16:Unity/Client/Assets/_Project/Scripts/World/Main16DialogueCatalog.cs:2452,Field_07/World_ArbelVillage,1,player,player,플레이어,서쪽으로 갈수록 신호가 강해져요. 반복되는 간격도 앞에서 확인한 것과 달라요.,서쪽으로 갈수록 신호가 강해져요. 반복되는 간격도 앞에서 확인한 것과 달라요.,,,문서\03_스토리\LOCAL_Story_Dialogue_원문_부록.md,서쪽으로 갈수록 신호가 강해져요. 반복되는 간격도 앞에서 확인한 것과 달라요.,,,,,NONE,,,,,,False,False,,False,NONE,NONE,OK,,,,,,NOT_VOICE_TARGET,,,,OK,False,,,,,,,vibration,3,1,vibration/hearing:1;,
16,Unity/Client/Assets/_Project/Scripts/World/Main16DialogueCatalog.cs,45,2573,vibration/hearing,companion_serin,세린,네. 방향은 같습니다. 다만 어디에서 시작되는지는 아직 모르겠습니다.,main16_vibration_hearing_serin_01,M16:Unity/Client/Assets/_Project/Scripts/World/Main16DialogueCatalog.cs:2573,Field_07/World_ArbelVillage,2,companion_serin,companion_serin,세린,네. 방향은 같습니다. 다만 어디에서 시작되는지는 아직 모르겠습니다.,네. 방향은 같습니다. 다만 어디에서 시작되는지는 아직 모르겠습니다.,,,문서\03_스토리\LOCAL_Story_Dialogue_원문_부록.md,네. 방향은 같습니다. 다만 어디에서 시작되는지는 아직 모르겠습니다.,main16_vibration_hearing_serin_01,세린,네. 방향은 같습니다. 다만 어디에서 시작되는지는 아직 모르겠습니다.,Limitless_TTS_Output_Main16/dialogue_manifest_main16.csv,companion_serin,Unity/Client/Assets/_Project/Audio/Voice/Story/Main16/main16_vibration_hearing_serin_01.wav,9f3a85ff13504f32a23a859fce54338a,main16_vibration_hearing_serin_01.wav,True,,False,False,-19.228452573299442,False,companion_serin,companion_serin (미제작은 NONE),NEEDS_LISTENING,,7.74,24000,1,562de29e973ed994cb8c6185a90d4292803a63ce17cd1f619e8a4720ddd89575,MEDIUM,SEMANTIC_LISTENING_PRIORITY_MEDIUM,45,LONG_MULTI_SENTENCE_OR_3_LINES;IMPORTANT_STORY_UNLISTENED,NEEDS_LISTENING,False,0231f6c7f81ff7e66b9ec8dc6df28c7c9bc87b7aaa666a2590c22112de58cfa4,-19.228452573299442,-1.8074484037141259,185760,3,28,vibration,3,2,vibration/hearing:2;,LISTEN_COMPARE_FULL_RUNTIME_TEXT
16,Unity/Client/Assets/_Project/Scripts/World/Main16DialogueCatalog.cs,48,2740,vibration/default,companion_serin,세린,서쪽에서 오는 진동이 더 강해요. 간격에도 변화가 있습니다. 발생원은 아직 모르겠습니다.,main16_vibration_default_serin_01,M16:Unity/Client/Assets/_Project/Scripts/World/Main16DialogueCatalog.cs:2740,Field_07/World_ArbelVillage,1,companion_serin,companion_serin,세린,서쪽에서 오는 진동이 더 강해요. 간격에도 변화가 있습니다. 발생원은 아직 모르겠습니다.,서쪽에서 오는 진동이 더 강해요. 간격에도 변화가 있습니다. 발생원은 아직 모르겠습니다.,,,문서\03_스토리\LOCAL_Story_Dialogue_원문_부록.md,서쪽에서 오는 진동이 더 강해요. 간격에도 변화가 있습니다. 발생원은 아직 모르겠습니다.,main16_vibration_default_serin_01,세린,서쪽에서 오는 진동이 더 강해요. 간격에도 변화가 있습니다. 발생원은 아직 모르겠습니다.,Limitless_TTS_Output_Main16/dialogue_manifest_main16.csv,companion_serin,Unity/Client/Assets/_Project/Audio/Voice/Story/Main16/main16_vibration_default_serin_01.wav,69efba0df24249d290f2b376f5991afa,main16_vibration_default_serin_01.wav,True,,False,False,-20.103717134144997,False,companion_serin,companion_serin (미제작은 NONE),NEEDS_LISTENING,,9.81,24000,1,dd05a5e6aca4ce6ca520fc6a40201914e81f05a72c0555461a32691750e25648,MEDIUM,SEMANTIC_LISTENING_PRIORITY_MEDIUM,45,LONG_MULTI_SENTENCE_OR_3_LINES;IMPORTANT_STORY_UNLISTENED,NEEDS_LISTENING,False,7f4b0e7651785c99b965eba901cca1d063965b478c940dce8bf4f963c64fddae,-20.103717134144997,-3.4345264223418717,235440,3,36,vibration,3,1,vibration/default:1;,LISTEN_COMPARE_FULL_RUNTIME_TEXT
16,Unity/Client/Assets/_Project/Scripts/World/Main16DialogueCatalog.cs,49,2875,vibration/default,player,플레이어,그러면 서쪽 흔적과 비교하며 확인하죠.,main16_vibration_default_player_01,M16:Unity/Client/Assets/_Project/Scripts/World/Main16DialogueCatalog.cs:2875,Field_07/World_ArbelVillage,2,player,player,플레이어,그러면 서쪽 흔적과 비교하며 확인하죠.,그러면 서쪽 흔적과 비교하며 확인하죠.,,,문서\03_스토리\LOCAL_Story_Dialogue_원문_부록.md,그러면 서쪽 흔적과 비교하며 확인하죠.,,,,,NONE,,,,,,False,False,,False,NONE,NONE,OK,,,,,,NOT_VOICE_TARGET,,,,OK,False,,,,,,,vibration,3,2,vibration/default:2;,
16,Unity/Client/Assets/_Project/Scripts/World/Main16DialogueCatalog.cs,53,3054,tracks/shared,companion_paul,폴,여기까지는 계속 서쪽으로 갔습니다.,main16_tracks_paul_01,M16:Unity/Client/Assets/_Project/Scripts/World/Main16DialogueCatalog.cs:3054,Field_07/World_ArbelVillage,1,companion_paul,companion_paul,폴,여기까지는 계속 서쪽으로 갔습니다.,여기까지는 계속 서쪽으로 갔습니다.,,,문서\03_스토리\Chapter2_Main16_재_속의_형상.md;문서\03_스토리\LOCAL_Story_Dialogue_원문_부록.md,여기까지는 계속 서쪽으로 갔습니다.,main16_tracks_paul_01,폴,여기까지는 계속 서쪽으로 갔습니다.,Limitless_TTS_Output_Main16/dialogue_manifest_main16.csv,companion_paul,Unity/Client/Assets/_Project/Audio/Voice/Story/Main16/main16_tracks_paul_01.wav,398fdb8f95ed4eb9955c5dd22aa9a55d,main16_tracks_paul_01.wav,True,,False,False,-21.529464918512762,False,companion_paul,companion_paul (미제작은 NONE),NEEDS_LISTENING,,4.45,24000,1,2e3e114ec957d3b4e0b1a1a0afeae1c27a37a816256b65b44674d1b5babf5a6c,MEDIUM,SEMANTIC_LISTENING_PRIORITY_MEDIUM,20,IMPORTANT_STORY_UNLISTENED,NEEDS_LISTENING,False,c00a97fb38b14b34daa7d8bdfd90fd1749da24051ec49ac2773569042ab6ae4a,-21.529464918512762,-3.4838703505692066,106800,1,15,tracks,4,1,tracks/hearing:1;tracks/default:1;,LISTEN_COMPARE_FULL_RUNTIME_TEXT
16,Unity/Client/Assets/_Project/Scripts/World/Main16DialogueCatalog.cs,54,3146,tracks/shared,companion_miel,미엘,그런데 여기서 전부 방향을 바꿨네요.,main16_tracks_miel_01,M16:Unity/Client/Assets/_Project/Scripts/World/Main16DialogueCatalog.cs:3146,Field_07/World_ArbelVillage,2,companion_miel,companion_miel,미엘,그런데 여기서 전부 방향을 바꿨네요.,그런데 여기서 전부 방향을 바꿨네요.,,,문서\03_스토리\Chapter2_Main16_재_속의_형상.md;문서\03_스토리\LOCAL_Story_Dialogue_원문_부록.md,그런데 여기서 전부 방향을 바꿨네요.,main16_tracks_miel_01,미엘,그런데 여기서 전부 방향을 바꿨네요.,Limitless_TTS_Output_Main16/dialogue_manifest_main16.csv,companion_miel,Unity/Client/Assets/_Project/Audio/Voice/Story/Main16/main16_tracks_miel_01.wav,27fa7490023a49f68a967f6f82faf8b2,main16_tracks_miel_01.wav,True,,False,False,-18.684592868824726,False,companion_miel,companion_miel (미제작은 NONE),NEEDS_LISTENING,,4.28,24000,1,6035bfe1843393fe680a031b95c86a0ec8ecdc834f456b34751d1c83092709b2,MEDIUM,SEMANTIC_LISTENING_PRIORITY_MEDIUM,20,IMPORTANT_STORY_UNLISTENED,NEEDS_LISTENING,False,0b16ff92e9c85dad407d48b5e29f30b729e5d7e37b8eb558306372c59f3febc5,-18.684592868824726,-5.080410388005426,102720,1,15,tracks,4,2,tracks/hearing:2;tracks/default:2;,LISTEN_COMPARE_FULL_RUNTIME_TEXT
16,Unity/Client/Assets/_Project/Scripts/World/Main16DialogueCatalog.cs,55,3239,tracks/shared,companion_taeon,태온,무언가를 피한 것으로 보입니다.,main16_tracks_taeon_01,M16:Unity/Client/Assets/_Project/Scripts/World/Main16DialogueCatalog.cs:3239,Field_07/World_ArbelVillage,3,companion_taeon,companion_taeon,태온,무언가를 피한 것으로 보입니다.,무언가를 피한 것으로 보입니다.,,,문서\03_스토리\Chapter2_Main16_재_속의_형상.md;문서\03_스토리\LOCAL_Story_Dialogue_원문_부록.md,무언가를 피한 것으로 보입니다.,main16_tracks_taeon_01,태온,무언가를 피한 것으로 보입니다.,Limitless_TTS_Output_Main16/dialogue_manifest_main16.csv,companion_taeon,Unity/Client/Assets/_Project/Audio/Voice/Story/Main16/main16_tracks_taeon_01.wav,714fd5538e3345d182d9ab819695afb5,main16_tracks_taeon_01.wav,True,,False,False,-23.697744408074065,False,companion_taeon,companion_taeon (미제작은 NONE),NEEDS_LISTENING,,4.15,24000,1,cc9f4fd6dd7fdbb61d353bee2a92574aaf92552542f34b0565f4b7960382cd7b,MEDIUM,SEMANTIC_LISTENING_PRIORITY_MEDIUM,20,IMPORTANT_STORY_UNLISTENED,NEEDS_LISTENING,False,fc989b19558a1a79355c15d11a2bf97f519b6b5f3a974fbff565b651b9c61987,-23.697744408074065,-3.0631199399097357,99600,1,13,tracks,4,3,tracks/hearing:3;tracks/default:3;,LISTEN_COMPARE_FULL_RUNTIME_TEXT
16,Unity/Client/Assets/_Project/Scripts/World/Main16DialogueCatalog.cs,59,3419,witness_ground/shared,,현장 관찰,갈라진 지면과 그 위의 재를 조사한다. 발밑에 약한 진동이 전해진다.,main16_witness_observation_01,M16:Unity/Client/Assets/_Project/Scripts/World/Main16DialogueCatalog.cs:3419,Field_07/World_ArbelVillage,1,,,현장 관찰,갈라진 지면과 그 위의 재를 조사한다. 발밑에 약한 진동이 전해진다.,갈라진 지면과 그 위의 재를 조사한다. 발밑에 약한 진동이 전해진다.,,,문서\03_스토리\LOCAL_Story_Dialogue_원문_부록.md,갈라진 지면과 그 위의 재를 조사한다. 발밑에 약한 진동이 전해진다.,,,,,NONE,,,,,,False,False,,False,NONE,NONE,OK,,,,,,NOT_VOICE_TARGET,,,,OK,False,,,,,,,witness_ground,5,1,witness_ground/hearing:1;witness_ground/default:1;,
16,Unity/Client/Assets/_Project/Scripts/World/Main16DialogueCatalog.cs,60,3524,witness_ground/shared,,현장 관찰,바람은 거의 없는데 주변의 재가 한곳으로 모인다.,main16_witness_observation_02,M16:Unity/Client/Assets/_Project/Scripts/World/Main16DialogueCatalog.cs:3524,Field_07/World_ArbelVillage,2,,,현장 관찰,바람은 거의 없는데 주변의 재가 한곳으로 모인다.,바람은 거의 없는데 주변의 재가 한곳으로 모인다.,,,문서\03_스토리\LOCAL_Story_Dialogue_원문_부록.md,바람은 거의 없는데 주변의 재가 한곳으로 모인다.,,,,,NONE,,,,,,False,False,,False,NONE,NONE,OK,,,,,,NOT_VOICE_TARGET,,,,OK,False,,,,,,,witness_ground,5,2,witness_ground/hearing:2;witness_ground/default:2;,
16,Unity/Client/Assets/_Project/Scripts/World/Main16DialogueCatalog.cs,61,3618,witness_ground/shared,,현장 관찰,모인 재 속에 작은 불씨가 섞인다. 검은 연기와 재가 느슨한 형체를 이루기 시작한다.,main16_witness_observation_03,M16:Unity/Client/Assets/_Project/Scripts/World/Main16DialogueCatalog.cs:3618,Field_07/World_ArbelVillage,3,,,현장 관찰,모인 재 속에 작은 불씨가 섞인다. 검은 연기와 재가 느슨한 형체를 이루기 시작한다.,모인 재 속에 작은 불씨가 섞인다. 검은 연기와 재가 느슨한 형체를 이루기 시작한다.,,,문서\03_스토리\LOCAL_Story_Dialogue_원문_부록.md,모인 재 속에 작은 불씨가 섞인다. 검은 연기와 재가 느슨한 형체를 이루기 시작한다.,,,,,NONE,,,,,,False,False,,False,NONE,NONE,OK,,,,,,NOT_VOICE_TARGET,,,,OK,False,,,,,,,witness_ground,5,3,witness_ground/hearing:3;witness_ground/default:3;,
16,Unity/Client/Assets/_Project/Scripts/World/Main16DialogueCatalog.cs,65,3820,witness_emerge/shared,,현장 관찰,검은 연기와 재 속 붉은 불씨가 움직인다. 불씨망령이 모습을 드러낸다. 정확한 정체는 알 수 없다.,main16_witness_observation_04,M16:Unity/Client/Assets/_Project/Scripts/World/Main16DialogueCatalog.cs:3820,Field_07/World_ArbelVillage,1,,,현장 관찰,검은 연기와 재 속 붉은 불씨가 움직인다. 불씨망령이 모습을 드러낸다. 정확한 정체는 알 수 없다.,검은 연기와 재 속 붉은 불씨가 움직인다. 불씨망령이 모습을 드러낸다. 정확한 정체는 알 수 없다.,,,문서\03_스토리\LOCAL_Story_Dialogue_원문_부록.md,검은 연기와 재 속 붉은 불씨가 움직인다. 불씨망령이 모습을 드러낸다. 정확한 정체는 알 수 없다.,,,,,NONE,,,,,,False,False,,False,NONE,NONE,OK,,,,,,NOT_VOICE_TARGET,,,,OK,False,,,,,,,witness_emerge,6,1,witness_emerge/hearing:1;witness_emerge/default:1;,
16,Unity/Client/Assets/_Project/Scripts/World/Main16DialogueCatalog.cs,66,3942,witness_emerge/shared,companion_taeon,태온,모두 준비하세요. 저 형체가 다가옵니다.,main16_witness_taeon_01,M16:Unity/Client/Assets/_Project/Scripts/World/Main16DialogueCatalog.cs:3942,Field_07/World_ArbelVillage,2,companion_taeon,companion_taeon,태온,모두 준비하세요. 저 형체가 다가옵니다.,모두 준비하세요. 저 형체가 다가옵니다.,,,문서\03_스토리\LOCAL_Story_Dialogue_원문_부록.md,모두 준비하세요. 저 형체가 다가옵니다.,main16_witness_taeon_01,태온,모두 준비하세요. 저 형체가 다가옵니다.,Limitless_TTS_Output_Main16/dialogue_manifest_main16.csv,companion_taeon,Unity/Client/Assets/_Project/Audio/Voice/Story/Main16/main16_witness_taeon_01.wav,e8234f74d9e74855bba744f78ed02eed,main16_witness_taeon_01.wav,True,,False,False,-20.477512518034537,False,companion_taeon,companion_taeon (미제작은 NONE),NEEDS_LISTENING,,2.5,24000,1,d2a323da0de76a5528f561c731ecc970f6a7c2d15c3335175d70101bde7ad666,MEDIUM,SEMANTIC_LISTENING_PRIORITY_MEDIUM,20,IMPORTANT_STORY_UNLISTENED,NEEDS_LISTENING,False,a988570f719a4b1499cf1397a5acd61bfd0ab5329ac32c116afe547d580e8d3c,-20.477512518034537,-1.9380014581995164,60000,2,16,witness_emerge,6,2,witness_emerge/hearing:2;witness_emerge/default:2;,LISTEN_COMPARE_FULL_RUNTIME_TEXT
16,Unity/Client/Assets/_Project/Scripts/World/Main16DialogueCatalog.cs,68,4083,retry/shared,companion_taeon,태온,아직 그 형체가 남아 있습니다. 준비가 되면 다시 상대하죠.,main16_retry_taeon_01,M16:Unity/Client/Assets/_Project/Scripts/World/Main16DialogueCatalog.cs:4083,Field_07/World_ArbelVillage,1,companion_taeon,companion_taeon,태온,아직 그 형체가 남아 있습니다. 준비가 되면 다시 상대하죠.,아직 그 형체가 남아 있습니다. 준비가 되면 다시 상대하죠.,,,문서\03_스토리\LOCAL_Story_Dialogue_원문_부록.md,아직 그 형체가 남아 있습니다. 준비가 되면 다시 상대하죠.,main16_retry_taeon_01,태온,아직 그 형체가 남아 있습니다. 준비가 되면 다시 상대하죠.,Limitless_TTS_Output_Main16/dialogue_manifest_main16.csv,companion_taeon,Unity/Client/Assets/_Project/Audio/Voice/Story/Main16/main16_retry_taeon_01.wav,82ec5ceac9ce40febe4a5700655b0e53,main16_retry_taeon_01.wav,True,,False,False,-51.839002886863604,False,companion_taeon,companion_taeon (미제작은 NONE),NEEDS_LISTENING,,1.18,24000,1,9bfaa996c678c90c162523d395085223b176ed7a014923cfeddd738c51fc6f16,HIGH,SEMANTIC_LISTENING_PRIORITY_HIGH,310,LOW_RMS_BELOW_MINUS45_DBFS;EXTREME_SHORT_TEXT_DURATION_RATIO;MULTI_SENTENCE_SHORT_AUDIO;SAME_SPEAKER_NEARBY_OUTLIER;IMPORTANT_STORY_UNLISTENED,NEEDS_LISTENING,False,bba4f2623e0ed6dbb186d4e6fea137a7747eca4eff8a005450945ec56bc24785,-51.839002886863604,-33.9841726993587,28320,2,23,retry,7,1,retry/hearing:1;retry/default:1;,LISTEN_COMPARE_FULL_RUNTIME_TEXT
16,Unity/Client/Assets/_Project/Scripts/World/Main16DialogueCatalog.cs,72,4312,afterimage/hearing,player,플레이어,아직 계속돼요.,main16_afterimage_hearing_player_01,M16:Unity/Client/Assets/_Project/Scripts/World/Main16DialogueCatalog.cs:4312,Field_07/World_ArbelVillage,1,player,player,플레이어,아직 계속돼요.,아직 계속돼요.,,,문서\03_스토리\Chapter2_Main16_재_속의_형상.md;문서\03_스토리\LOCAL_Story_Dialogue_원문_부록.md,아직 계속돼요.,,,,,NONE,,,,,,False,False,,False,NONE,NONE,OK,,,,,,NOT_VOICE_TARGET,,,,OK,False,,,,,,,afterimage,8,1,afterimage/hearing:1;,
16,Unity/Client/Assets/_Project/Scripts/World/Main16DialogueCatalog.cs,73,4403,afterimage/hearing,companion_serin,세린,네. 저도 잡힙니다.,main16_afterimage_hearing_serin_01,M16:Unity/Client/Assets/_Project/Scripts/World/Main16DialogueCatalog.cs:4403,Field_07/World_ArbelVillage,2,companion_serin,companion_serin,세린,네. 저도 잡힙니다.,네. 저도 잡힙니다.,,,문서\03_스토리\Chapter2_Main16_재_속의_형상.md;문서\03_스토리\LOCAL_Story_Dialogue_원문_부록.md,네. 저도 잡힙니다.,main16_afterimage_hearing_serin_01,세린,네. 저도 잡힙니다.,Limitless_TTS_Output_Main16/dialogue_manifest_main16.csv,companion_serin,Unity/Client/Assets/_Project/Audio/Voice/Story/Main16/main16_afterimage_hearing_serin_01.wav,9e99b20d87424807adbb9b335a5278a2,main16_afterimage_hearing_serin_01.wav,True,,False,False,-20.66367825626336,False,companion_serin,companion_serin (미제작은 NONE),NEEDS_LISTENING,,2.77,24000,1,342c068f077fa72e37c5d2cd519828b22175bb1909c88d64e9f6b8635978b35d,MEDIUM,SEMANTIC_LISTENING_PRIORITY_MEDIUM,20,IMPORTANT_STORY_UNLISTENED,NEEDS_LISTENING,False,2321f0a9ad6eea60020e9b121d63ceb8109d62192c9313589659bf7df80bfb8a,-20.66367825626336,-2.581873537434962,66480,2,7,afterimage,8,2,afterimage/hearing:2;,LISTEN_COMPARE_FULL_RUNTIME_TEXT
16,Unity/Client/Assets/_Project/Scripts/World/Main16DialogueCatalog.cs,76,4556,afterimage/default,companion_serin,세린,아직 계속됩니다.,main16_afterimage_default_serin_01,M16:Unity/Client/Assets/_Project/Scripts/World/Main16DialogueCatalog.cs:4556,Field_07/World_ArbelVillage,1,companion_serin,companion_serin,세린,아직 계속됩니다.,아직 계속됩니다.,,,문서\03_스토리\Chapter2_Main16_재_속의_형상.md;문서\03_스토리\LOCAL_Story_Dialogue_원문_부록.md,아직 계속됩니다.,main16_afterimage_default_serin_01,세린,아직 계속됩니다.,Limitless_TTS_Output_Main16/dialogue_manifest_main16.csv,companion_serin,Unity/Client/Assets/_Project/Audio/Voice/Story/Main16/main16_afterimage_default_serin_01.wav,1f5ce02745cb4873b64e0a29a1cc20c6,main16_afterimage_default_serin_01.wav,True,,False,False,-28.505689453057855,False,companion_serin,companion_serin (미제작은 NONE),NEEDS_LISTENING,,3.56,24000,1,5ee2c3ca852e9a6535bf304034da3c2aa48437b741728ec266abe4e380cf6285,MEDIUM,SEMANTIC_LISTENING_PRIORITY_MEDIUM,20,IMPORTANT_STORY_UNLISTENED,NEEDS_LISTENING,False,6a9bf7f0ba7e818c27ed7822832c178af0ed27041f55cc93705f74903fee89d7,-28.505689453057855,-6.354568254657053,85440,1,7,afterimage,8,1,afterimage/default:1;,LISTEN_COMPARE_FULL_RUNTIME_TEXT
16,Unity/Client/Assets/_Project/Scripts/World/Main16DialogueCatalog.cs,77,4656,afterimage/default,player,플레이어,형체는 사라졌는데 진동은 남았군요.,main16_afterimage_default_player_01,M16:Unity/Client/Assets/_Project/Scripts/World/Main16DialogueCatalog.cs:4656,Field_07/World_ArbelVillage,2,player,player,플레이어,형체는 사라졌는데 진동은 남았군요.,형체는 사라졌는데 진동은 남았군요.,,,문서\03_스토리\Chapter2_Main16_재_속의_형상.md;문서\03_스토리\LOCAL_Story_Dialogue_원문_부록.md,형체는 사라졌는데 진동은 남았군요.,,,,,NONE,,,,,,False,False,,False,NONE,NONE,OK,,,,,,NOT_VOICE_TARGET,,,,OK,False,,,,,,,afterimage,8,2,afterimage/default:2;,
16,Unity/Client/Assets/_Project/Scripts/World/Main16DialogueCatalog.cs,81,4892,afterimage/shared,companion_paul,폴,그러면 저게 진동을 만든 건 아니군요.,main16_afterimage_paul_01,M16:Unity/Client/Assets/_Project/Scripts/World/Main16DialogueCatalog.cs:4892,Field_07/World_ArbelVillage,1,companion_paul,companion_paul,폴,그러면 저게 진동을 만든 건 아니군요.,그러면 저게 진동을 만든 건 아니군요.,,,문서\03_스토리\Chapter2_Main16_재_속의_형상.md;문서\03_스토리\LOCAL_Story_Dialogue_원문_부록.md,그러면 저게 진동을 만든 건 아니군요.,main16_afterimage_paul_01,폴,그러면 저게 진동을 만든 건 아니군요.,Limitless_TTS_Output_Main16/dialogue_manifest_main16.csv,companion_paul,Unity/Client/Assets/_Project/Audio/Voice/Story/Main16/main16_afterimage_paul_01.wav,c93a8dbf63a04bd7be0255799818d062,main16_afterimage_paul_01.wav,True,,False,False,-20.55124213273599,False,companion_paul,companion_paul (미제작은 NONE),NEEDS_LISTENING,,6.43,24000,1,e602ccae0574cce2342c812a4bc995097d772e4dbeaba9078e274172d45b2b7a,MEDIUM,SEMANTIC_LISTENING_PRIORITY_MEDIUM,20,IMPORTANT_STORY_UNLISTENED,NEEDS_LISTENING,False,32ae30bc630dd430b149feb6f8010446658351e14eec079cb5dc1dd5ad4183de,-20.55124213273599,-3.5822059827787074,154320,1,15,afterimage,8,3,afterimage/hearing:3;afterimage/default:3;,LISTEN_COMPARE_FULL_RUNTIME_TEXT
16,Unity/Client/Assets/_Project/Scripts/World/Main16DialogueCatalog.cs,82,4994,afterimage/shared,companion_taeon,태온,적어도 모든 원인은 아니라는 뜻이겠습니다.,main16_afterimage_taeon_01,M16:Unity/Client/Assets/_Project/Scripts/World/Main16DialogueCatalog.cs:4994,Field_07/World_ArbelVillage,2,companion_taeon,companion_taeon,태온,적어도 모든 원인은 아니라는 뜻이겠습니다.,적어도 모든 원인은 아니라는 뜻이겠습니다.,,,문서\03_스토리\Chapter2_Main16_재_속의_형상.md;문서\03_스토리\LOCAL_Story_Dialogue_원문_부록.md,적어도 모든 원인은 아니라는 뜻이겠습니다.,main16_afterimage_taeon_01,태온,적어도 모든 원인은 아니라는 뜻이겠습니다.,Limitless_TTS_Output_Main16/dialogue_manifest_main16.csv,companion_taeon,Unity/Client/Assets/_Project/Audio/Voice/Story/Main16/main16_afterimage_taeon_01.wav,55a7f2394c2442d2ab889849f7da771d,main16_afterimage_taeon_01.wav,True,,False,False,-17.613136881278827,False,companion_taeon,companion_taeon (미제작은 NONE),NEEDS_LISTENING,,5.65,24000,1,0ea54f79b7cf6a1ad31e0d0402101bfd6296ecf103489b1c58da87ca0d7a5d78,MEDIUM,SEMANTIC_LISTENING_PRIORITY_MEDIUM,20,IMPORTANT_STORY_UNLISTENED,NEEDS_LISTENING,False,7acb8b1912a53bdc77aa8d40948dbbb8a06fa964647b8a97e1ebdb56e5d62e0b,-17.613136881278827,-3.0172284236951135,135600,1,18,afterimage,8,4,afterimage/hearing:4;afterimage/default:4;,LISTEN_COMPARE_FULL_RUNTIME_TEXT
16,Unity/Client/Assets/_Project/Scripts/World/Main16DialogueCatalog.cs,83,5100,afterimage/shared,,현장 관찰,"균열과 열기, 진동은 남아 있다. 균열 안쪽에서 미세한 따뜻한 공기 흐름이 올라온다. 표면에는 그을림이 있지만 큰 산불 흔적은 없다.",main16_afterimage_observation_01,M16:Unity/Client/Assets/_Project/Scripts/World/Main16DialogueCatalog.cs:5100,Field_07/World_ArbelVillage,3,,,현장 관찰,"균열과 열기, 진동은 남아 있다. 균열 안쪽에서 미세한 따뜻한 공기 흐름이 올라온다. 표면에는 그을림이 있지만 큰 산불 흔적은 없다.","균열과 열기, 진동은 남아 있다. 균열 안쪽에서 미세한 따뜻한 공기 흐름이 올라온다. 표면에는 그을림이 있지만 큰 산불 흔적은 없다.",,,문서\03_스토리\LOCAL_Story_Dialogue_원문_부록.md,"균열과 열기, 진동은 남아 있다. 균열 안쪽에서 미세한 따뜻한 공기 흐름이 올라온다. 표면에는 그을림이 있지만 큰 산불 흔적은 없다.",,,,,NONE,,,,,,False,False,,False,NONE,NONE,OK,,,,,,NOT_VOICE_TARGET,,,,OK,False,,,,,,,afterimage,8,5,afterimage/hearing:5;afterimage/default:5;,
16,Unity/Client/Assets/_Project/Scripts/World/Main16DialogueCatalog.cs,84,5248,afterimage/shared,companion_taeon,태온,열기의 일부가 지하에서 올라오는 것일 수 있습니다. 아직 가설입니다.,main16_afterimage_taeon_02,M16:Unity/Client/Assets/_Project/Scripts/World/Main16DialogueCatalog.cs:5248,Field_07/World_ArbelVillage,4,companion_taeon,companion_taeon,태온,열기의 일부가 지하에서 올라오는 것일 수 있습니다. 아직 가설입니다.,열기의 일부가 지하에서 올라오는 것일 수 있습니다. 아직 가설입니다.,,,문서\03_스토리\LOCAL_Story_Dialogue_원문_부록.md,열기의 일부가 지하에서 올라오는 것일 수 있습니다. 아직 가설입니다.,main16_afterimage_taeon_02,태온,열기의 일부가 지하에서 올라오는 것일 수 있습니다. 아직 가설입니다.,Limitless_TTS_Output_Main16/dialogue_manifest_main16.csv,companion_taeon,Unity/Client/Assets/_Project/Audio/Voice/Story/Main16/main16_afterimage_taeon_02.wav,7b63a90637774053a582c99e237a210c,main16_afterimage_taeon_02.wav,True,,False,False,-20.02624967109046,False,companion_taeon,companion_taeon (미제작은 NONE),NEEDS_LISTENING,,9.28,24000,1,e4e786866139b7c51a4999ff399246c4e14776966e28ea226a9dcc13f75db4aa,MEDIUM,SEMANTIC_LISTENING_PRIORITY_MEDIUM,20,IMPORTANT_STORY_UNLISTENED,NEEDS_LISTENING,False,00a97c98c970cd9a35dcd11776c0d29777480732aa33115d57da74a058bb0073,-20.02624967109046,-1.6765777466472565,222720,2,28,afterimage,8,6,afterimage/hearing:6;afterimage/default:6;,LISTEN_COMPARE_FULL_RUNTIME_TEXT
16,Unity/Client/Assets/_Project/Scripts/World/Main16DialogueCatalog.cs,90,5571,canyon/shared,,현장 관찰,"서쪽 끝에 붉게 갈라진 절벽과 재, 강한 아지랑이가 보인다. 가칭 붉은 균열 협곡의 입구다. 오늘은 안쪽으로 들어가지 않는다.",main16_canyon_observation_01,M16:Unity/Client/Assets/_Project/Scripts/World/Main16DialogueCatalog.cs:5571,Field_07/World_ArbelVillage,1,,,현장 관찰,"서쪽 끝에 붉게 갈라진 절벽과 재, 강한 아지랑이가 보인다. 가칭 붉은 균열 협곡의 입구다. 오늘은 안쪽으로 들어가지 않는다.","서쪽 끝에 붉게 갈라진 절벽과 재, 강한 아지랑이가 보인다. 가칭 붉은 균열 협곡의 입구다. 오늘은 안쪽으로 들어가지 않는다.",,,문서\03_스토리\LOCAL_Story_Dialogue_원문_부록.md,"서쪽 끝에 붉게 갈라진 절벽과 재, 강한 아지랑이가 보인다. 가칭 붉은 균열 협곡의 입구다. 오늘은 안쪽으로 들어가지 않는다.",,,,,NONE,,,,,,False,False,,False,NONE,NONE,OK,,,,,,NOT_VOICE_TARGET,,,,OK,False,,,,,,,canyon,9,1,canyon/hearing:1;canyon/default:1;,
16,Unity/Client/Assets/_Project/Scripts/World/Main16DialogueCatalog.cs,94,5798,canyon/hearing,player,플레이어,협곡 방향에서 오는 진동이 더 강해요.,main16_canyon_hearing_player_01,M16:Unity/Client/Assets/_Project/Scripts/World/Main16DialogueCatalog.cs:5798,Field_07/World_ArbelVillage,1,player,player,플레이어,협곡 방향에서 오는 진동이 더 강해요.,협곡 방향에서 오는 진동이 더 강해요.,,,문서\03_스토리\LOCAL_Story_Dialogue_원문_부록.md,협곡 방향에서 오는 진동이 더 강해요.,,,,,NONE,,,,,,False,False,,False,NONE,NONE,OK,,,,,,NOT_VOICE_TARGET,,,,OK,False,,,,,,,canyon,9,2,canyon/hearing:2;,
16,Unity/Client/Assets/_Project/Scripts/World/Main16DialogueCatalog.cs,95,5909,canyon/hearing,companion_serin,세린,네. 그 방향과 반복이 같이 잡힙니다. 정확한 발생 위치는 아직 모릅니다.,main16_canyon_hearing_serin_01,M16:Unity/Client/Assets/_Project/Scripts/World/Main16DialogueCatalog.cs:5909,Field_07/World_ArbelVillage,2,companion_serin,companion_serin,세린,네. 그 방향과 반복이 같이 잡힙니다. 정확한 발생 위치는 아직 모릅니다.,네. 그 방향과 반복이 같이 잡힙니다. 정확한 발생 위치는 아직 모릅니다.,,,문서\03_스토리\LOCAL_Story_Dialogue_원문_부록.md,네. 그 방향과 반복이 같이 잡힙니다. 정확한 발생 위치는 아직 모릅니다.,main16_canyon_hearing_serin_01,세린,네. 그 방향과 반복이 같이 잡힙니다. 정확한 발생 위치는 아직 모릅니다.,Limitless_TTS_Output_Main16/dialogue_manifest_main16.csv,companion_serin,Unity/Client/Assets/_Project/Audio/Voice/Story/Main16/main16_canyon_hearing_serin_01.wav,b5e0293ed7fa43adbcc7786d5760034e,main16_canyon_hearing_serin_01.wav,True,,False,False,-20.26412570592428,False,companion_serin,companion_serin (미제작은 NONE),NEEDS_LISTENING,,7.0,24000,1,8c69ce1c434e7713bbe89f09f9fd6922c832e607d32b37c9d8784ade0069902a,MEDIUM,SEMANTIC_LISTENING_PRIORITY_MEDIUM,45,LONG_MULTI_SENTENCE_OR_3_LINES;IMPORTANT_STORY_UNLISTENED,NEEDS_LISTENING,False,f69d44f106e11c661ae5dcb6be0248bedf5daddd8de3d4b2a20ab4ebad906f12,-20.26412570592428,-1.7634971451410453,168000,3,28,canyon,9,3,canyon/hearing:3;,LISTEN_COMPARE_FULL_RUNTIME_TEXT
16,Unity/Client/Assets/_Project/Scripts/World/Main16DialogueCatalog.cs,99,6117,canyon/default,companion_serin,세린,진동은 붉은 균열 협곡 방향에서 더 강해요. 정확한 발생 위치는 아직 모르겠습니다.,main16_canyon_default_serin_01,M16:Unity/Client/Assets/_Project/Scripts/World/Main16DialogueCatalog.cs:6117,Field_07/World_ArbelVillage,1,companion_serin,companion_serin,세린,진동은 붉은 균열 협곡 방향에서 더 강해요. 정확한 발생 위치는 아직 모르겠습니다.,진동은 붉은 균열 협곡 방향에서 더 강해요. 정확한 발생 위치는 아직 모르겠습니다.,,,문서\03_스토리\LOCAL_Story_Dialogue_원문_부록.md,진동은 붉은 균열 협곡 방향에서 더 강해요. 정확한 발생 위치는 아직 모르겠습니다.,main16_canyon_default_serin_01,세린,진동은 붉은 균열 협곡 방향에서 더 강해요. 정확한 발생 위치는 아직 모르겠습니다.,Limitless_TTS_Output_Main16/dialogue_manifest_main16.csv,companion_serin,Unity/Client/Assets/_Project/Audio/Voice/Story/Main16/main16_canyon_default_serin_01.wav,cddb00b17d404589a63d9de81d794ffb,main16_canyon_default_serin_01.wav,True,,False,False,-18.706583994684863,False,companion_serin,companion_serin (미제작은 NONE),NEEDS_LISTENING,,7.26,24000,1,7903abe509ac92fa49433ef50946a5f91b7a7eb4aedd7c1e2857bbdbbdcc7260,MEDIUM,SEMANTIC_LISTENING_PRIORITY_MEDIUM,20,IMPORTANT_STORY_UNLISTENED,NEEDS_LISTENING,False,8cdc2be65f34c0f55fa4e37ea63227cf55ffa9f54a4ff6f99ac30aab2a464c8b,-18.706583994684863,-2.5594224593435575,174240,2,33,canyon,9,2,canyon/default:2;,LISTEN_COMPARE_FULL_RUNTIME_TEXT
16,Unity/Client/Assets/_Project/Scripts/World/Main16DialogueCatalog.cs,100,6261,canyon/default,player,플레이어,입구 위치를 기록하고 아르벨에 알리죠.,main16_canyon_default_player_01,M16:Unity/Client/Assets/_Project/Scripts/World/Main16DialogueCatalog.cs:6261,Field_07/World_ArbelVillage,2,player,player,플레이어,입구 위치를 기록하고 아르벨에 알리죠.,입구 위치를 기록하고 아르벨에 알리죠.,,,문서\03_스토리\LOCAL_Story_Dialogue_원문_부록.md,입구 위치를 기록하고 아르벨에 알리죠.,,,,,NONE,,,,,,False,False,,False,NONE,NONE,OK,,,,,,NOT_VOICE_TARGET,,,,OK,False,,,,,,,canyon,9,3,canyon/default:3;,
16,Unity/Client/Assets/_Project/Scripts/World/Main16DialogueCatalog.cs,102,6390,canyon/shared,companion_taeon,태온,오늘은 여기까지 확인하는 편이 좋겠습니다.,main16_canyon_taeon_01,M16:Unity/Client/Assets/_Project/Scripts/World/Main16DialogueCatalog.cs:6390,Field_07/World_ArbelVillage,2,companion_taeon,companion_taeon,태온,오늘은 여기까지 확인하는 편이 좋겠습니다.,오늘은 여기까지 확인하는 편이 좋겠습니다.,,,문서\03_스토리\Chapter2_Main16_재_속의_형상.md;문서\03_스토리\LOCAL_Story_Dialogue_원문_부록.md,오늘은 여기까지 확인하는 편이 좋겠습니다.,main16_canyon_taeon_01,태온,오늘은 여기까지 확인하는 편이 좋겠습니다.,Limitless_TTS_Output_Main16/dialogue_manifest_main16.csv,companion_taeon,Unity/Client/Assets/_Project/Audio/Voice/Story/Main16/main16_canyon_taeon_01.wav,6b9acdc68cb9456faf7dd54bcdd4dbae,main16_canyon_taeon_01.wav,True,,False,False,-19.19183876007796,False,companion_taeon,companion_taeon (미제작은 NONE),NEEDS_LISTENING,,6.63,24000,1,4c718461b052a9e467e5ec217271d1741f52840c5292432c109b09537f14058f,MEDIUM,SEMANTIC_LISTENING_PRIORITY_MEDIUM,20,IMPORTANT_STORY_UNLISTENED,NEEDS_LISTENING,False,53e45dd6fe1befffe2a30e3dd65a20506e66e0d911295d3d947ffdb09bf75d01,-19.19183876007796,-2.1649209369536853,159120,1,18,canyon,9,4,canyon/hearing:4;canyon/default:4;,LISTEN_COMPARE_FULL_RUNTIME_TEXT
16,Unity/Client/Assets/_Project/Scripts/World/Main16DialogueCatalog.cs,103,6499,canyon/shared,companion_paul,폴,찬성입니다. 확인과 무모함은 다른 일이니까요.,main16_canyon_paul_01,M16:Unity/Client/Assets/_Project/Scripts/World/Main16DialogueCatalog.cs:6499,Field_07/World_ArbelVillage,3,companion_paul,companion_paul,폴,찬성입니다. 확인과 무모함은 다른 일이니까요.,찬성입니다. 확인과 무모함은 다른 일이니까요.,,,문서\03_스토리\Chapter2_Main16_재_속의_형상.md;문서\03_스토리\LOCAL_Story_Dialogue_원문_부록.md,찬성입니다. 확인과 무모함은 다른 일이니까요.,main16_canyon_paul_01,폴,찬성입니다. 확인과 무모함은 다른 일이니까요.,Limitless_TTS_Output_Main16/dialogue_manifest_main16.csv,companion_paul,Unity/Client/Assets/_Project/Audio/Voice/Story/Main16/main16_canyon_paul_01.wav,53ec7f3611174d55bcf8464dea828d73,main16_canyon_paul_01.wav,True,,False,False,-21.58377157586013,False,companion_paul,companion_paul (미제작은 NONE),NEEDS_LISTENING,,6.66,24000,1,38f4c128c6c51f140b4acc985c749fff8e56559219ba3b1f6d16425f01608c37,MEDIUM,SEMANTIC_LISTENING_PRIORITY_MEDIUM,20,IMPORTANT_STORY_UNLISTENED,NEEDS_LISTENING,False,adf12af0669de8dd3173488fe618f3dc4de50db3d272774e7e3f4c8ef65f5f65,-21.58377157586013,-2.4984213096021977,159840,2,19,canyon,9,5,canyon/hearing:5;canyon/default:5;,LISTEN_COMPARE_FULL_RUNTIME_TEXT
16,Unity/Client/Assets/_Project/Scripts/World/Main16DialogueCatalog.cs,104,6608,canyon/shared,companion_miel,미엘,아르벨에 먼저 알려야겠어요.,main16_canyon_miel_01,M16:Unity/Client/Assets/_Project/Scripts/World/Main16DialogueCatalog.cs:6608,Field_07/World_ArbelVillage,4,companion_miel,companion_miel,미엘,아르벨에 먼저 알려야겠어요.,아르벨에 먼저 알려야겠어요.,,,문서\03_스토리\Chapter2_Main16_재_속의_형상.md;문서\03_스토리\LOCAL_Story_Dialogue_원문_부록.md,아르벨에 먼저 알려야겠어요.,main16_canyon_miel_01,미엘,아르벨에 먼저 알려야겠어요.,Limitless_TTS_Output_Main16/dialogue_manifest_main16.csv,companion_miel,Unity/Client/Assets/_Project/Audio/Voice/Story/Main16/main16_canyon_miel_01.wav,2b1e02c695e543bcb48aaa8565b622db,main16_canyon_miel_01.wav,True,,False,False,-20.008592384956806,False,companion_miel,companion_miel (미제작은 NONE),NEEDS_LISTENING,,4.28,24000,1,b7c3eea7155ba02f7b73fa24ffd5438d9f99d3cb2265d04071c35da9de138ed2,MEDIUM,SEMANTIC_LISTENING_PRIORITY_MEDIUM,20,IMPORTANT_STORY_UNLISTENED,NEEDS_LISTENING,False,f42a10227b9853723f50b513a9a89e8cbab67ba059ae7503c0a6195a9c4610ea,-20.008592384956806,-3.6658872712834274,102720,1,12,canyon,9,6,canyon/hearing:6;canyon/default:6;,LISTEN_COMPARE_FULL_RUNTIME_TEXT
16,Unity/Client/Assets/_Project/Scripts/World/Main16DialogueCatalog.cs,108,6803,report/shared,player,플레이어,바람 없이 재가 움직였고 진동과 동시에 일어났습니다. 불씨망령을 발견해 쓰러뜨렸지만 진동은 남았습니다. 더 서쪽에는 붉은 균열 협곡 입구가 있습니다.,main16_report_player_01,M16:Unity/Client/Assets/_Project/Scripts/World/Main16DialogueCatalog.cs:6803,Field_07/World_ArbelVillage,1,player,player,플레이어,바람 없이 재가 움직였고 진동과 동시에 일어났습니다. 불씨망령을 발견해 쓰러뜨렸지만 진동은 남았습니다. 더 서쪽에는 붉은 균열 협곡 입구가 있습니다.,바람 없이 재가 움직였고 진동과 동시에 일어났습니다. 불씨망령을 발견해 쓰러뜨렸지만 진동은 남았습니다. 더 서쪽에는 붉은 균열 협곡 입구가 있습니다.,,,문서\03_스토리\LOCAL_Story_Dialogue_원문_부록.md,바람 없이 재가 움직였고 진동과 동시에 일어났습니다. 불씨망령을 발견해 쓰러뜨렸지만 진동은 남았습니다. 더 서쪽에는 붉은 균열 협곡 입구가 있습니다.,,,,,NONE,,,,,,False,False,,False,NONE,NONE,OK,,,,,,NOT_VOICE_TARGET,,,,OK,False,,,,,,,report,10,1,report/hearing:1;report/default:1;,
16,Unity/Client/Assets/_Project/Scripts/World/Main16DialogueCatalog.cs,109,6953,report/shared,companion_taeon,태온,"열기의 일부가 지하에서 올라올 가능성은 있습니다. 가설일 뿐이며 재와 진동의 원인, 형체의 정체는 아직 모릅니다.",main16_report_taeon_01,M16:Unity/Client/Assets/_Project/Scripts/World/Main16DialogueCatalog.cs:6953,Field_07/World_ArbelVillage,2,companion_taeon,companion_taeon,태온,"열기의 일부가 지하에서 올라올 가능성은 있습니다. 가설일 뿐이며 재와 진동의 원인, 형체의 정체는 아직 모릅니다.","열기의 일부가 지하에서 올라올 가능성은 있습니다. 가설일 뿐이며 재와 진동의 원인, 형체의 정체는 아직 모릅니다.",,,문서\03_스토리\LOCAL_Story_Dialogue_원문_부록.md,"열기의 일부가 지하에서 올라올 가능성은 있습니다. 가설일 뿐이며 재와 진동의 원인, 형체의 정체는 아직 모릅니다.",main16_report_taeon_01,태온,"열기의 일부가 지하에서 올라올 가능성은 있습니다. 가설일 뿐이며 재와 진동의 원인, 형체의 정체는 아직 모릅니다.",Limitless_TTS_Output_Main16/dialogue_manifest_main16.csv,companion_taeon,Unity/Client/Assets/_Project/Audio/Voice/Story/Main16/main16_report_taeon_01.wav,1a1976f805164200a9abdf8e0a097d95,main16_report_taeon_01.wav,True,,False,False,-16.767339269838626,False,companion_taeon,companion_taeon (미제작은 NONE),NEEDS_LISTENING,,10.69,24000,1,da6a4e3a6a64c244ceccbf91b3daae27289585cbd3537508d066ee8f68e10199,MEDIUM,SEMANTIC_LISTENING_PRIORITY_MEDIUM,45,LONG_MULTI_SENTENCE_OR_3_LINES;IMPORTANT_STORY_UNLISTENED,NEEDS_LISTENING,False,310629110ad041487d1f33ea10c191f8d70c4756df1a3f3be61b2090f30193b9,-16.767339269838626,-1.808101208166582,256560,2,46,report,10,2,report/hearing:2;report/default:2;,LISTEN_COMPARE_FULL_RUNTIME_TEXT
16,Unity/Client/Assets/_Project/Scripts/World/Main16DialogueCatalog.cs,110,7091,report/shared,arbel-leon,레온,그러면 동물들만 변하고 있는 게 아니군요.,main16_report_leon_01,M16:Unity/Client/Assets/_Project/Scripts/World/Main16DialogueCatalog.cs:7091,Field_07/World_ArbelVillage,3,arbel-leon,arbel-leon,레온,그러면 동물들만 변하고 있는 게 아니군요.,그러면 동물들만 변하고 있는 게 아니군요.,,,문서\03_스토리\Chapter2_Main16_재_속의_형상.md;문서\03_스토리\LOCAL_Story_Dialogue_원문_부록.md,그러면 동물들만 변하고 있는 게 아니군요.,main16_report_leon_01,레온,그러면 동물들만 변하고 있는 게 아니군요.,Limitless_TTS_Output_Main16/dialogue_manifest_main16.csv,arbel-leon,Unity/Client/Assets/_Project/Audio/Voice/Story/Main16/main16_report_leon_01.wav,fbbe2eb6dd8144eca816dd50fedb4a92,main16_report_leon_01.wav,True,,False,False,-20.674064292370243,False,NONE,arbel-leon (미제작은 NONE),NEEDS_LISTENING,,5.51,24000,1,7bcb8f08332453268c16f141e9f4d7bcb01580808690c233fcbbeb09fb76479b,MEDIUM,SEMANTIC_LISTENING_PRIORITY_MEDIUM,20,IMPORTANT_STORY_UNLISTENED,NEEDS_LISTENING,False,fdcffbe04ec27f1a1b7826439f0264bff04112a0b79c18229f54796eb1bfbeb2,-20.674064292370243,-3.8807587397142473,132240,1,17,report,10,3,report/hearing:3;report/default:3;,LISTEN_COMPARE_FULL_RUNTIME_TEXT
16,Unity/Client/Assets/_Project/Scripts/World/Main16DialogueCatalog.cs,111,7183,report/shared,companion_paul,폴,네. 적어도 이제는 그렇게 보는 편이 맞겠습니다.,main16_report_paul_01,M16:Unity/Client/Assets/_Project/Scripts/World/Main16DialogueCatalog.cs:7183,Field_07/World_ArbelVillage,4,companion_paul,companion_paul,폴,네. 적어도 이제는 그렇게 보는 편이 맞겠습니다.,네. 적어도 이제는 그렇게 보는 편이 맞겠습니다.,,,문서\03_스토리\Chapter2_Main16_재_속의_형상.md;문서\03_스토리\LOCAL_Story_Dialogue_원문_부록.md,네. 적어도 이제는 그렇게 보는 편이 맞겠습니다.,main16_report_paul_01,폴,네. 적어도 이제는 그렇게 보는 편이 맞겠습니다.,Limitless_TTS_Output_Main16/dialogue_manifest_main16.csv,companion_paul,Unity/Client/Assets/_Project/Audio/Voice/Story/Main16/main16_report_paul_01.wav,1330c9a31d554747b55e742f55dcd206,main16_report_paul_01.wav,True,,False,False,-21.33192854854826,False,companion_paul,companion_paul (미제작은 NONE),NEEDS_LISTENING,,6.1,24000,1,7906771fae1cedcaf4145a63edf15c3337ac3e9aa6943cfadcb554eb006b072c,MEDIUM,SEMANTIC_LISTENING_PRIORITY_MEDIUM,20,IMPORTANT_STORY_UNLISTENED,NEEDS_LISTENING,False,c7ca723c66d53ff2d07789ac0f13917f2a1b814f11748f31d82d92e0fbc56371,-21.33192854854826,-2.022904936627726,146400,2,19,report,10,4,report/hearing:4;report/default:4;,LISTEN_COMPARE_FULL_RUNTIME_TEXT
