queue_order,gameplay_order,action,main,quest,scene,sequence,sequence_rank,page,route,playback_locations,dialogue_id,speaker,runtime_name,runtime_text,manifest_text,manifest_path,batch,production_batch,voice_id,wav_filename,wav_path,duration,rms_db,peak_db,sample_count,sample_rate,channels,bits,sha256,pcm_hash,catalog_path,catalog_guid,catalog_speaker,guid,sentence_count,line_count,text_length,seconds_per_char,speaker_ratio_median,semantic_state,user_pass,runtime_pass,protected_pass,known_regen,risk,priority,score,reasons,recommended_action,missing,duplicate_id,duplicate_pcm,cross_main_duplicate,cross_speaker_duplicate,low_volume,short_duration,multi_sentence_short,neighbor_outlier,manifest_drift,catalog_mismatch,evidence
1,75,"LISTEN_IN_GAMEPLAY_SEQUENCE_COMPARE_FULL_TEXT","9","main_09_reunion_in_silence","Field_03","Lines/step0","1","1","shared","Lines/step0:1;","main09_miel_001","companion_miel","미엘","빛은 이쪽에서 보였어요. 지금은 사라졌네요.","빛은 이쪽에서 보였어요. 지금은 사라졌네요.","Limitless_TTS_Output_PreSerin/dialogue_manifest_main01_12.csv","Limitless_TTS_Output_PreSerin","Limitless_TTS_Output_PreSerin","Sulafat","main09_miel_001.wav","Unity/Client/Assets/_Project/Audio/Voice/Story/Main09/main09_miel_001.wav","0.85","-48.03054692","-17.26987731","20400","24000","1","16","19195056f72801f53af12bfc8d4b4648fcd18d93f321fcd0058b5b7b59169be8","0e17d5a411fadf534241c06c174cd2a34fbaa58d08483ff05f9844fc0ecd7d5a","Assets/_Project/Audio/Voice/Story/Main09/main09_miel_001.wav","f181b5d8aa14cb3489a7ded103a53879","companion_miel","f181b5d8aa14cb3489a7ded103a53879","2","1","18","0.04722222","0.219375","NEEDS_LISTENING","False","False","False","False","HIGH","SEMANTIC_LISTENING_PRIORITY_HIGH","220","LOW_RMS_BELOW_MINUS45_DBFS;EXTREME_SHORT_TEXT_DURATION_RATIO;MULTI_SENTENCE_SHORT_AUDIO","LISTEN_COMPARE_FULL_RUNTIME_TEXT","False","False","False","False","False","True","True","True","False","False","False",""
2,76,"LISTEN_IN_GAMEPLAY_SEQUENCE_COMPARE_FULL_TEXT","9","main_09_reunion_in_silence","Field_03","Lines/step0","1","2","shared","Lines/step0:2;","main09_taeon_001","companion_taeon","태온","빛의 정체는 아직 모릅니다. 남아 있는 흔적부터 보죠.","빛의 정체는 아직 모릅니다. 남아 있는 흔적부터 보죠.","Limitless_TTS_Output_PreSerin/dialogue_manifest_main01_12.csv","Limitless_TTS_Output_PreSerin","Limitless_TTS_Output_PreSerin","Gacrux","main09_taeon_001.wav","Unity/Client/Assets/_Project/Audio/Voice/Story/Main09/main09_taeon_001.wav","3.79","-21.93339021","-3.45896597","90960","24000","1","16","6646b2cd4f2b18a6ddc0f56572ff673afe089f7752e9c747e656c5fabd5c954a","d6ed85314711f6578c2eab7cf7bd1810a70f1e9ab42e59a526082f021ec9b7ae","Assets/_Project/Audio/Voice/Story/Main09/main09_taeon_001.wav","27cd132774da968469ecdd1664228164","companion_taeon","27cd132774da968469ecdd1664228164","2","1","21","0.18047619","0.221875","NEEDS_LISTENING","False","False","False","False","LOW","SEMANTIC_LISTENING_PRIORITY_LOW","0","NORMAL_METADATA_SEMANTICS_UNCONFIRMED","LISTEN_COMPARE_FULL_RUNTIME_TEXT","False","False","False","False","False","False","False","False","False","False","False",""
3,77,"LISTEN_IN_GAMEPLAY_SEQUENCE_COMPARE_FULL_TEXT","9","main_09_reunion_in_silence","Field_03","Lines/step1","2","1","shared","Lines/step1:1;","main09_taeon_002","companion_taeon","태온","두 줄의 폭이 일정합니다. 이번에는 깊게 빠진 자국이 아니에요.","두 줄의 폭이 일정합니다. 이번에는 깊게 빠진 자국이 아니에요.","Limitless_TTS_Output_PreSerin/dialogue_manifest_main01_12.csv","Limitless_TTS_Output_PreSerin","Limitless_TTS_Output_PreSerin","Gacrux","main09_taeon_002.wav","Unity/Client/Assets/_Project/Audio/Voice/Story/Main09/main09_taeon_002.wav","2.22","-18.60109589","-2.70187905","53280","24000","1","16","92c4f67b398d98b1bcb6dd50d914a612b30fae78c86278aa434099e5fb7be6c9","5f6b5c91f54827fb3a985aad2d300e8ba2882f38e7c9f5af928b42aef5fb299b","Assets/_Project/Audio/Voice/Story/Main09/main09_taeon_002.wav","c81393bf9138e2e40bd1c791d0e67497","companion_taeon","c81393bf9138e2e40bd1c791d0e67497","2","1","25","0.0888","0.221875","NEEDS_LISTENING","False","False","False","False","LOW","SEMANTIC_LISTENING_PRIORITY_LOW","0","NORMAL_METADATA_SEMANTICS_UNCONFIRMED","LISTEN_COMPARE_FULL_RUNTIME_TEXT","False","False","False","False","False","False","False","False","False","False","False",""
4,78,"LISTEN_IN_GAMEPLAY_SEQUENCE_COMPARE_FULL_TEXT","9","main_09_reunion_in_silence","Field_03","Lines/step1","2","2","shared","Lines/step1:2;","main09_miel_002","companion_miel","미엘","단단한 지면을 따라 이어져 있네요. 폴 씨도 이쪽으로 가셨을까요?","단단한 지면을 따라 이어져 있네요. 폴 씨도 이쪽으로 가셨을까요?","Limitless_TTS_Output_PreSerin/dialogue_manifest_main01_12.csv","Limitless_TTS_Output_PreSerin","Limitless_TTS_Output_PreSerin","Sulafat","main09_miel_002.wav","Unity/Client/Assets/_Project/Audio/Voice/Story/Main09/main09_miel_002.wav","7.91","-20.31385319","-1.81038641","189840","24000","1","16","9631dfe08a488d6fd990a6bdc2870f0f75d9d31b52c9896f5fafc4c025e434f9","afc8fe6cc8a20d21637fc1a2d8b5593660f6ceb4289057af4d0f983ef1acdeff","Assets/_Project/Audio/Voice/Story/Main09/main09_miel_002.wav","96919c7c02eb3984fb16d086689e0a1b","companion_miel","96919c7c02eb3984fb16d086689e0a1b","2","1","26","0.30423077","0.219375","NEEDS_LISTENING","False","False","False","False","LOW","SEMANTIC_LISTENING_PRIORITY_LOW","0","NORMAL_METADATA_SEMANTICS_UNCONFIRMED","LISTEN_COMPARE_FULL_RUNTIME_TEXT","False","False","False","False","False","False","False","False","False","False","False",""
5,79,"LISTEN_IN_GAMEPLAY_SEQUENCE_COMPARE_FULL_TEXT","9","main_09_reunion_in_silence","Field_03","Lines/step1","2","3","shared","Lines/step1:3;","main09_paul_001","companion_paul","폴","그 길은 괜찮습니다! 오른쪽 가장자리만 피해주세요.","그 길은 괜찮습니다! 오른쪽 가장자리만 피해주세요.","Limitless_TTS_Output_PreSerin/dialogue_manifest_main01_12.csv","Limitless_TTS_Output_PreSerin","Limitless_TTS_Output_PreSerin","Achird","main09_paul_001.wav","Unity/Client/Assets/_Project/Audio/Voice/Story/Main09/main09_paul_001.wav","8.69","-20.080843","-1.8874549","208560","24000","1","16","61c4d1c67e10f9c24500a7e6b51f630601b829641c716c9dc68526f21cbaba7d","e66c4eb167a7fa705d8c3897b6a54151a8e51014439e17497f09c66965ccde02","Assets/_Project/Audio/Voice/Story/Main09/main09_paul_001.wav","04ddea22f5bcc0f4d899f7ee0c35e2b3","companion_paul","04ddea22f5bcc0f4d899f7ee0c35e2b3","2","1","21","0.41380952","0.2308","NEEDS_LISTENING","False","False","False","False","LOW","SEMANTIC_LISTENING_PRIORITY_LOW","0","NORMAL_METADATA_SEMANTICS_UNCONFIRMED","LISTEN_COMPARE_FULL_RUNTIME_TEXT","False","False","False","False","False","False","False","False","False","False","False",""
6,80,"LISTEN_IN_GAMEPLAY_SEQUENCE_COMPARE_FULL_TEXT","9","main_09_reunion_in_silence","Field_03","Lines/step2","3","1","shared","Lines/step2:1;","main09_paul_002","companion_paul","폴","또 뵙네요. 이번에는 제가 길을 안내해드릴 차례인가 봅니다.","또 뵙네요. 이번에는 제가 길을 안내해드릴 차례인가 봅니다.","Limitless_TTS_Output_PreSerin/dialogue_manifest_main01_12.csv","Limitless_TTS_Output_PreSerin","Limitless_TTS_Output_PreSerin","Achird","main09_paul_002.wav","Unity/Client/Assets/_Project/Audio/Voice/Story/Main09/main09_paul_002.wav","1.36","-49.82162737","-31.80275687","32640","24000","1","16","9f328b8c7cc94880ab65d05eac2b00860f713dde7b69ab8b7597e59ff84b542f","43ca9ce7d080b3e2aeaee1c68546afccd71d229d806c090f4c32ab8e3c4f771c","Assets/_Project/Audio/Voice/Story/Main09/main09_paul_002.wav","7112bf5291306674ba3102afe84f8f51","companion_paul","7112bf5291306674ba3102afe84f8f51","2","1","24","0.05666667","0.2308","NEEDS_LISTENING","False","False","False","False","HIGH","SEMANTIC_LISTENING_PRIORITY_HIGH","290","LOW_RMS_BELOW_MINUS45_DBFS;EXTREME_SHORT_TEXT_DURATION_RATIO;MULTI_SENTENCE_SHORT_AUDIO;SAME_SPEAKER_NEARBY_OUTLIER","LISTEN_COMPARE_FULL_RUNTIME_TEXT","False","False","False","False","False","True","True","True","True","False","False",""
7,81,"LISTEN_IN_GAMEPLAY_SEQUENCE_COMPARE_FULL_TEXT","9","main_09_reunion_in_silence","Field_03","Lines/step2","3","2","shared","Lines/step2:2;","main09_miel_003","companion_miel","미엘","혼자 여기까지 오신 거예요? 다치신 곳은요?","혼자 여기까지 오신 거예요? 다치신 곳은요?","Limitless_TTS_Output_PreSerin/dialogue_manifest_main01_12.csv","Limitless_TTS_Output_PreSerin","Limitless_TTS_Output_PreSerin","Sulafat","main09_miel_003.wav","Unity/Client/Assets/_Project/Audio/Voice/Story/Main09/main09_miel_003.wav","1.8","-18.80068923","-2.01487855","43200","24000","1","16","57e9692a0a4d9579220ebd094451320620cc5401decdb257907e8293e753acb1","f0438f5cd0a19793ebcc4487b49ea73c2c56e644cddbe368effdcb8e0445acfa","Assets/_Project/Audio/Voice/Story/Main09/main09_miel_003.wav","b2f28b0112526d7459fe642f70d46e61","companion_miel","b2f28b0112526d7459fe642f70d46e61","2","1","17","0.10588235","0.219375","NEEDS_LISTENING","False","False","False","False","HIGH","SEMANTIC_LISTENING_PRIORITY_HIGH","70","MULTI_SENTENCE_SHORT_AUDIO","LISTEN_COMPARE_FULL_RUNTIME_TEXT","False","False","False","False","False","False","False","True","False","False","False",""
8,82,"LISTEN_IN_GAMEPLAY_SEQUENCE_COMPARE_FULL_TEXT","9","main_09_reunion_in_silence","Field_03","Lines/step2","3","3","shared","Lines/step2:3;","main09_paul_003","companion_paul","폴","괜찮습니다. 오늘 계획표에는 진흙에 빠지는 일정도 빼뒀고요.","괜찮습니다. 오늘 계획표에는 진흙에 빠지는 일정도 빼뒀고요.","Limitless_TTS_Output_PreSerin/dialogue_manifest_main01_12.csv","Limitless_TTS_Output_PreSerin","Limitless_TTS_Output_PreSerin","Achird","main09_paul_003.wav","Unity/Client/Assets/_Project/Audio/Voice/Story/Main09/main09_paul_003.wav","7.78","-20.79443748","-1.84965509","186720","24000","1","16","56b6d3eeffc5fb722ea7bc7a313b3a56353c0f46aa2f2dc18e39a3dfe6868883","2a47907d6473ed1e65b30ea1229d87c074ca8da146ac19c0832750db859b9a4f","Assets/_Project/Audio/Voice/Story/Main09/main09_paul_003.wav","58373051841c4ad4b9535fdef331bc09","companion_paul","58373051841c4ad4b9535fdef331bc09","2","1","25","0.3112","0.2308","NEEDS_LISTENING","False","False","False","False","LOW","SEMANTIC_LISTENING_PRIORITY_LOW","0","NORMAL_METADATA_SEMANTICS_UNCONFIRMED","LISTEN_COMPARE_FULL_RUNTIME_TEXT","False","False","False","False","False","False","False","False","False","False","False",""
9,83,"LISTEN_IN_GAMEPLAY_SEQUENCE_COMPARE_FULL_TEXT","9","main_09_reunion_in_silence","Field_03","Lines/step2","3","4","shared","Lines/step2:4;","main09_taeon_003","companion_taeon","태온","지나오신 길을 확인하고 계셨습니까?","지나오신 길을 확인하고 계셨습니까?","Limitless_TTS_Output_PreSerin/dialogue_manifest_main01_12.csv","Limitless_TTS_Output_PreSerin","Limitless_TTS_Output_PreSerin","Gacrux","main09_taeon_003.wav","Unity/Client/Assets/_Project/Audio/Voice/Story/Main09/main09_taeon_003.wav","1.1","-53.81248067","-26.31389515","26400","24000","1","16","0450949948a293208ba25cda87c85e877c5847b40e163d09b3666ff4783d9663","c92aad8d7c1472ba397c4d529e3af4e8912476fa3a6e046ce97b6e2f6139c842","Assets/_Project/Audio/Voice/Story/Main09/main09_taeon_003.wav","fe867e905e7701146b5e750bd7eced1e","companion_taeon","fe867e905e7701146b5e750bd7eced1e","1","1","15","0.07333333","0.221875","NEEDS_LISTENING","False","False","False","False","HIGH","SEMANTIC_LISTENING_PRIORITY_HIGH","150","LOW_RMS_BELOW_MINUS45_DBFS;SAME_SPEAKER_NEARBY_OUTLIER","LISTEN_COMPARE_FULL_RUNTIME_TEXT","False","False","False","False","False","True","False","False","True","False","False",""
10,84,"LISTEN_IN_GAMEPLAY_SEQUENCE_COMPARE_FULL_TEXT","9","main_09_reunion_in_silence","Field_03","Lines/step2","3","5","shared","Lines/step2:5;","main09_paul_004","companion_paul","폴","네. 단단한 땅과 돌아갈 길을 먼저 표시해뒀습니다. 여러분은 괜찮으세요?","네. 단단한 땅과 돌아갈 길을 먼저 표시해뒀습니다. 여러분은 괜찮으세요?","Limitless_TTS_Output_PreSerin/dialogue_manifest_main01_12.csv","Limitless_TTS_Output_PreSerin","Limitless_TTS_Output_PreSerin","Achird","main09_paul_004.wav","Unity/Client/Assets/_Project/Audio/Voice/Story/Main09/main09_paul_004.wav","5.74","-19.81603824","-1.80679565","137760","24000","1","16","ee5ded54be0e0fdbe5df324c4d5ebd59b4d91fa8faf502e0d089b40e95d40ef1","514f774df989458dea6d49af6f8aae30dceea39e13515a34cc2ae5e3eddbe944","Assets/_Project/Audio/Voice/Story/Main09/main09_paul_004.wav","f1082bc6bc5616b4d97dc4ff14c61afe","companion_paul","f1082bc6bc5616b4d97dc4ff14c61afe","3","1","29","0.19793103","0.2308","NEEDS_LISTENING","False","False","False","False","MEDIUM","SEMANTIC_LISTENING_PRIORITY_MEDIUM","25","LONG_MULTI_SENTENCE_OR_3_LINES","LISTEN_COMPARE_FULL_RUNTIME_TEXT","False","False","False","False","False","False","False","False","False","False","False",""
11,85,"LISTEN_IN_GAMEPLAY_SEQUENCE_COMPARE_FULL_TEXT","9","main_09_reunion_in_silence","Field_03","Lines/step3","4","2","shared","Lines/step3:2;","main09_taeon_004","companion_taeon","태온","이동 흔적이 방향을 바꾸는 지점이 있었습니다.","이동 흔적이 방향을 바꾸는 지점이 있었습니다.","Limitless_TTS_Output_PreSerin/dialogue_manifest_main01_12.csv","Limitless_TTS_Output_PreSerin","Limitless_TTS_Output_PreSerin","Gacrux","main09_taeon_004.wav","Unity/Client/Assets/_Project/Audio/Voice/Story/Main09/main09_taeon_004.wav","2.63","-19.23781658","-2.25620644","63120","24000","1","16","4a496f5a8eecc4dd199fb4a607873c8210ad68245c48cada1f1ed740bbc5c7f5","7dd5751e9fcfe81e81bd899eb87631a6532d3f4741c0047234da07c45efb4aa8","Assets/_Project/Audio/Voice/Story/Main09/main09_taeon_004.wav","915588a321d5a124385d01a5887e83e0","companion_taeon","915588a321d5a124385d01a5887e83e0","1","1","19","0.13842105","0.221875","NEEDS_LISTENING","False","False","False","False","LOW","SEMANTIC_LISTENING_PRIORITY_LOW","0","NORMAL_METADATA_SEMANTICS_UNCONFIRMED","LISTEN_COMPARE_FULL_RUNTIME_TEXT","False","False","False","False","False","False","False","False","False","False","False",""
12,86,"LISTEN_IN_GAMEPLAY_SEQUENCE_COMPARE_FULL_TEXT","9","main_09_reunion_in_silence","Field_03","Lines/step3","4","3","shared","Lines/step3:3;","main09_miel_004","companion_miel","미엘","조금 전에는 짧게 푸른 빛도 봤어요.","조금 전에는 짧게 푸른 빛도 봤어요.","Limitless_TTS_Output_PreSerin/dialogue_manifest_main01_12.csv","Limitless_TTS_Output_PreSerin","Limitless_TTS_Output_PreSerin","Sulafat","main09_miel_004.wav","Unity/Client/Assets/_Project/Audio/Voice/Story/Main09/main09_miel_004.wav","5.54","-20.23901559","-3.67761868","132960","24000","1","16","e6a93e4ea97d68f931102bc536d16621b1fa224630e000eadb41307d15303950","e59e8ea6cf98debaf936a359a925a994ffda106cd2d3eb4ac3786cdb8aa66260","Assets/_Project/Audio/Voice/Story/Main09/main09_miel_004.wav","dd03a20a1e85aea479e0e14e4991b280","companion_miel","dd03a20a1e85aea479e0e14e4991b280","1","1","14","0.39571429","0.219375","NEEDS_LISTENING","False","False","False","False","LOW","SEMANTIC_LISTENING_PRIORITY_LOW","0","NORMAL_METADATA_SEMANTICS_UNCONFIRMED","LISTEN_COMPARE_FULL_RUNTIME_TEXT","False","False","False","False","False","False","False","False","False","False","False",""
13,87,"LISTEN_IN_GAMEPLAY_SEQUENCE_COMPARE_FULL_TEXT","9","main_09_reunion_in_silence","Field_03","Lines/step3","4","4","shared","Lines/step3:4;","main09_paul_005","companion_paul","폴","빛은 저도 봤습니다. 제 마법인지부터 묻고 싶으시겠지만, 저도 답을 찾는 중입니다.","빛은 저도 봤습니다. 제 마법인지부터 묻고 싶으시겠지만, 저도 답을 찾는 중입니다.","Limitless_TTS_Output_PreSerin/dialogue_manifest_main01_12.csv","Limitless_TTS_Output_PreSerin","Limitless_TTS_Output_PreSerin","Achird","main09_paul_005.wav","Unity/Client/Assets/_Project/Audio/Voice/Story/Main09/main09_paul_005.wav","13.43","-20.03578005","-3.47437455","322320","24000","1","16","851caaf6a63be9a0ab0b871ede86927513f3efa80266d16f3d54367a16b2eb22","fbdba19dea167b3feca2e0e95d13bb464b8f6066a68b14986a33b0074f2c31a2","Assets/_Project/Audio/Voice/Story/Main09/main09_paul_005.wav","47d4588560ce2824b8c9a019e7566e6f","companion_paul","47d4588560ce2824b8c9a019e7566e6f","2","1","33","0.4069697","0.2308","NEEDS_LISTENING","False","False","False","False","LOW","SEMANTIC_LISTENING_PRIORITY_LOW","0","NORMAL_METADATA_SEMANTICS_UNCONFIRMED","LISTEN_COMPARE_FULL_RUNTIME_TEXT","False","False","False","False","False","False","False","False","False","False","False",""
14,88,"LISTEN_IN_GAMEPLAY_SEQUENCE_COMPARE_FULL_TEXT","9","main_09_reunion_in_silence","Field_03","Lines/step3","4","5","shared","Lines/step3:5;","main09_paul_006","companion_paul","폴","제가 지나온 길에서는 마력 흐름이 한 방향으로 치우쳐 있었습니다. 평소 숲의 지형과 다른 석재도 발견했고요.","제가 지나온 길에서는 마력 흐름이 한 방향으로 치우쳐 있었습니다. 평소 숲의 지형과 다른 석재도 발견했고요.","Limitless_TTS_Output_PreSerin/dialogue_manifest_main01_12.csv","Limitless_TTS_Output_PreSerin","Limitless_TTS_Output_PreSerin","Achird","main09_paul_006.wav","Unity/Client/Assets/_Project/Audio/Voice/Story/Main09/main09_paul_006.wav","2.04","-57.60336574","-38.28954079","48960","24000","1","16","9dc90b03ca4c3d92840531d19d43987f30ffed0bb9a433f0be0af3e460221dc5","75a31f0fbefc2bf9a1319d290e5e86515de5d2373b6a70de77f9c336d2572f8e","Assets/_Project/Audio/Voice/Story/Main09/main09_paul_006.wav","f69894263646ba4418cf80cf8be14f7d","companion_paul","f69894263646ba4418cf80cf8be14f7d","2","1","44","0.04636364","0.2308","NEEDS_LISTENING","False","False","False","False","HIGH","SEMANTIC_LISTENING_PRIORITY_HIGH","315","LOW_RMS_BELOW_MINUS45_DBFS;EXTREME_SHORT_TEXT_DURATION_RATIO;MULTI_SENTENCE_SHORT_AUDIO;SAME_SPEAKER_NEARBY_OUTLIER;LONG_MULTI_SENTENCE_OR_3_LINES","LISTEN_COMPARE_FULL_RUNTIME_TEXT","False","False","False","False","False","True","True","True","True","False","False",""
15,89,"LISTEN_IN_GAMEPLAY_SEQUENCE_COMPARE_FULL_TEXT","9","main_09_reunion_in_silence","Field_03","Lines/step3","4","6","shared","Lines/step3:6;","main09_paul_007","companion_paul","폴","제가 확인한 건 여기까지입니다. 서로 관련이 있는지, 원인이 무엇인지는 아직 모릅니다.","제가 확인한 건 여기까지입니다. 서로 관련이 있는지, 원인이 무엇인지는 아직 모릅니다.","Limitless_TTS_Output_PreSerin/dialogue_manifest_main01_12.csv","Limitless_TTS_Output_PreSerin","Limitless_TTS_Output_PreSerin","Achird","main09_paul_007.wav","Unity/Client/Assets/_Project/Audio/Voice/Story/Main09/main09_paul_007.wav","7.05","-21.69387499","-3.97408015","169200","24000","1","16","6072db148a4497bdc49046dddc1c82f6726adfd5a1ad59104b5e7f4c064c9da2","4f30aa30230741d4eca1dc955c14b5489d2a7d21c76a5e5b2683f09b4563001b","Assets/_Project/Audio/Voice/Story/Main09/main09_paul_007.wav","a3ef75d9992c19d4394506c07148c5fb","companion_paul","a3ef75d9992c19d4394506c07148c5fb","2","1","35","0.20142857","0.2308","NEEDS_LISTENING","False","False","False","False","MEDIUM","SEMANTIC_LISTENING_PRIORITY_MEDIUM","25","LONG_MULTI_SENTENCE_OR_3_LINES","LISTEN_COMPARE_FULL_RUNTIME_TEXT","False","False","False","False","False","False","False","False","False","False","False",""
16,90,"LISTEN_IN_GAMEPLAY_SEQUENCE_COMPARE_FULL_TEXT","9","main_09_reunion_in_silence","Field_03","Lines/step3","4","7","shared","Lines/step3:7;","main09_taeon_005","companion_taeon","태온","사실과 추측을 나눠두는 게 좋겠습니다.","사실과 추측을 나눠두는 게 좋겠습니다.","Limitless_TTS_Output_PreSerin/dialogue_manifest_main01_12.csv","Limitless_TTS_Output_PreSerin","Limitless_TTS_Output_PreSerin","Gacrux","main09_taeon_005.wav","Unity/Client/Assets/_Project/Audio/Voice/Story/Main09/main09_taeon_005.wav","3.12","-18.99182165","-1.64288473","74880","24000","1","16","600634a91e30730bb9a804a6678f35dd242e13cd187c5a52cfa96ea3083c27d0","3bc0dc239a9c57a82fb5349fe37232050c7f9be81a09aa0303ebaa5e26c7aba7","Assets/_Project/Audio/Voice/Story/Main09/main09_taeon_005.wav","54299ab5a8c11a04abf8cdb4e14fae3e","companion_taeon","54299ab5a8c11a04abf8cdb4e14fae3e","1","1","16","0.195","0.221875","NEEDS_LISTENING","False","False","False","False","LOW","SEMANTIC_LISTENING_PRIORITY_LOW","0","NORMAL_METADATA_SEMANTICS_UNCONFIRMED","LISTEN_COMPARE_FULL_RUNTIME_TEXT","False","False","False","False","False","False","False","False","False","False","False",""
17,91,"LISTEN_IN_GAMEPLAY_SEQUENCE_COMPARE_FULL_TEXT","9","main_09_reunion_in_silence","Field_03","Lines/step3","4","8","shared","Lines/step3:8;","main09_paul_008","companion_paul","폴","동의합니다. 석재는 저쪽 낮은 지점에 있습니다. 가장자리 지반은 밟지 마세요.","동의합니다. 석재는 저쪽 낮은 지점에 있습니다. 가장자리 지반은 밟지 마세요.","Limitless_TTS_Output_PreSerin/dialogue_manifest_main01_12.csv","Limitless_TTS_Output_PreSerin","Limitless_TTS_Output_PreSerin","Achird","main09_paul_008.wav","Unity/Client/Assets/_Project/Audio/Voice/Story/Main09/main09_paul_008.wav","2.03","-51.32690942","-33.25939883","48720","24000","1","16","fcbab9203f4eb803ce70d6aa8527f66a564c4e33a4b0d37e9a1aa1b16cef8937","cf87d53cf0c9f921a602f044022bdf99bed40bd63eedfee74665e20765bf2b96","Assets/_Project/Audio/Voice/Story/Main09/main09_paul_008.wav","3df5297cc657b874083e57af7365d30a","companion_paul","3df5297cc657b874083e57af7365d30a","3","1","31","0.06548387","0.2308","NEEDS_LISTENING","False","False","False","False","HIGH","SEMANTIC_LISTENING_PRIORITY_HIGH","315","LOW_RMS_BELOW_MINUS45_DBFS;EXTREME_SHORT_TEXT_DURATION_RATIO;MULTI_SENTENCE_SHORT_AUDIO;SAME_SPEAKER_NEARBY_OUTLIER;LONG_MULTI_SENTENCE_OR_3_LINES","LISTEN_COMPARE_FULL_RUNTIME_TEXT","False","False","False","False","False","True","True","True","True","False","False",""
18,92,"LISTEN_IN_GAMEPLAY_SEQUENCE_COMPARE_FULL_TEXT","9","main_09_reunion_in_silence","Field_03","Lines/step4","5","1","shared","Lines/step4:1;","main09_taeon_006","companion_taeon","태온","모서리의 간격이 반복됩니다. 자연 암반과는 다릅니다.","모서리의 간격이 반복됩니다. 자연 암반과는 다릅니다.","Limitless_TTS_Output_PreSerin/dialogue_manifest_main01_12.csv","Limitless_TTS_Output_PreSerin","Limitless_TTS_Output_PreSerin","Gacrux","main09_taeon_006.wav","Unity/Client/Assets/_Project/Audio/Voice/Story/Main09/main09_taeon_006.wav","3.79","-18.82222831","-2.94065748","90960","24000","1","16","96c3f719c47791839a847b1725d08b4aff986a61abfee75e4df88b17141ffd5c","e27349e3e698ac9ea3f35f9dbdf3c84d286632fbecd727ec49ddc1059615c850","Assets/_Project/Audio/Voice/Story/Main09/main09_taeon_006.wav","4ed27735db844d340b2e914eaade7200","companion_taeon","4ed27735db844d340b2e914eaade7200","2","1","22","0.17227273","0.221875","NEEDS_LISTENING","False","False","False","False","LOW","SEMANTIC_LISTENING_PRIORITY_LOW","0","NORMAL_METADATA_SEMANTICS_UNCONFIRMED","LISTEN_COMPARE_FULL_RUNTIME_TEXT","False","False","False","False","False","False","False","False","False","False","False",""
19,93,"LISTEN_IN_GAMEPLAY_SEQUENCE_COMPARE_FULL_TEXT","9","main_09_reunion_in_silence","Field_03","Lines/step4","5","2","shared","Lines/step4:2;","main09_paul_009","companion_paul","폴","표면에 가공한 자국도 있습니다. 오래된 구조물 일부로 보이지만, 용도는 모르겠습니다.","표면에 가공한 자국도 있습니다. 오래된 구조물 일부로 보이지만, 용도는 모르겠습니다.","Limitless_TTS_Output_PreSerin/dialogue_manifest_main01_12.csv","Limitless_TTS_Output_PreSerin","Limitless_TTS_Output_PreSerin","Achird","main09_paul_009.wav","Unity/Client/Assets/_Project/Audio/Voice/Story/Main09/main09_paul_009.wav","7.15","-20.08808336","-2.81036762","171600","24000","1","16","2aa88b1cd2936f724b3c4a7d606d8ab2490f3c446081b8b829dd9ad4c5ddefe3","0f87ac281781b56a9f8301e186602d258401bdeb44148ba9bd0e84bb19b1b673","Assets/_Project/Audio/Voice/Story/Main09/main09_paul_009.wav","4caaed697d7520b469240192c708f32b","companion_paul","4caaed697d7520b469240192c708f32b","2","1","35","0.20428571","0.2308","NEEDS_LISTENING","False","False","False","False","MEDIUM","SEMANTIC_LISTENING_PRIORITY_MEDIUM","25","LONG_MULTI_SENTENCE_OR_3_LINES","LISTEN_COMPARE_FULL_RUNTIME_TEXT","False","False","False","False","False","False","False","False","False","False","False",""
20,94,"LISTEN_IN_GAMEPLAY_SEQUENCE_COMPARE_FULL_TEXT","9","main_09_reunion_in_silence","Field_03","Lines/step4","5","3","shared","Lines/step4:3;","main09_miel_005","companion_miel","미엘","흙 아래로 더 이어지는 것 같아요.","흙 아래로 더 이어지는 것 같아요.","Limitless_TTS_Output_PreSerin/dialogue_manifest_main01_12.csv","Limitless_TTS_Output_PreSerin","Limitless_TTS_Output_PreSerin","Sulafat","main09_miel_005.wav","Unity/Client/Assets/_Project/Audio/Voice/Story/Main09/main09_miel_005.wav","3.61","-18.64137919","-3.31490249","86640","24000","1","16","5106543f46c668284f6c0dbbc0fb6732808216b013d8f0ca95bb6118bfe5af62","6ab23ae410168cb3db61e532da1ea7381446e206014985ada0307b967b40cbd0","Assets/_Project/Audio/Voice/Story/Main09/main09_miel_005.wav","e7423e79e172f984ca9fb2a9fdafdf06","companion_miel","e7423e79e172f984ca9fb2a9fdafdf06","1","1","13","0.27769231","0.219375","NEEDS_LISTENING","False","False","False","False","LOW","SEMANTIC_LISTENING_PRIORITY_LOW","0","NORMAL_METADATA_SEMANTICS_UNCONFIRMED","LISTEN_COMPARE_FULL_RUNTIME_TEXT","False","False","False","False","False","False","False","False","False","False","False",""
21,95,"LISTEN_IN_GAMEPLAY_SEQUENCE_COMPARE_FULL_TEXT","9","main_09_reunion_in_silence","Field_03","Lines/step4","5","5","shared","Lines/step4:5;","main09_paul_010","companion_paul","폴","좋습니다. 무너진 부분과 돌아갈 길을 표시해두겠습니다.","좋습니다. 무너진 부분과 돌아갈 길을 표시해두겠습니다.","Limitless_TTS_Output_PreSerin/dialogue_manifest_main01_12.csv","Limitless_TTS_Output_PreSerin","Limitless_TTS_Output_PreSerin","Achird","main09_paul_010.wav","Unity/Client/Assets/_Project/Audio/Voice/Story/Main09/main09_paul_010.wav","12.78","-21.93843718","-3.56500659","306720","24000","1","16","a7dee6e3fab0e102fc07ed61b4a47f27bd6699532d9918bf30b539d34992f270","38917510a3b495a18b96bff684e4ddfea184faa7f96e6ea8da144f2fb8dc98c5","Assets/_Project/Audio/Voice/Story/Main09/main09_paul_010.wav","5da29f468c0e12248ae0cb53b273b077","companion_paul","5da29f468c0e12248ae0cb53b273b077","2","1","23","0.55565217","0.2308","NEEDS_LISTENING","False","False","False","False","LOW","SEMANTIC_LISTENING_PRIORITY_LOW","0","NORMAL_METADATA_SEMANTICS_UNCONFIRMED","LISTEN_COMPARE_FULL_RUNTIME_TEXT","False","False","False","False","False","False","False","False","False","False","False",""
22,96,"LISTEN_IN_GAMEPLAY_SEQUENCE_COMPARE_FULL_TEXT","9","main_09_reunion_in_silence","Field_03","Lines/step5","6","1","shared","Lines/step5:1;","main09_paul_011","companion_paul","폴","각자 본 것만으로는 놓치는 게 있네요. 현상도 여기서 끝난 것 같지 않고요.","각자 본 것만으로는 놓치는 게 있네요. 현상도 여기서 끝난 것 같지 않고요.","Limitless_TTS_Output_PreSerin/dialogue_manifest_main01_12.csv","Limitless_TTS_Output_PreSerin","Limitless_TTS_Output_PreSerin","Achird","main09_paul_011.wav","Unity/Client/Assets/_Project/Audio/Voice/Story/Main09/main09_paul_011.wav","6.69","-21.02726181","-2.01187056","160560","24000","1","16","f493b6ac4fc4890c58a09de4f0ac50c2ff3fee26597c5f0fd10d9a23777bfb08","ae9b55101f95d4b20e176ca5d4949a5f62dded9cff6d012b97ecca82edb3e27e","Assets/_Project/Audio/Voice/Story/Main09/main09_paul_011.wav","3b4b32129a407cb42a92e1e3ed5c3337","companion_paul","3b4b32129a407cb42a92e1e3ed5c3337","2","1","29","0.23068966","0.2308","NEEDS_LISTENING","False","False","False","False","LOW","SEMANTIC_LISTENING_PRIORITY_LOW","0","NORMAL_METADATA_SEMANTICS_UNCONFIRMED","LISTEN_COMPARE_FULL_RUNTIME_TEXT","False","False","False","False","False","False","False","False","False","False","False",""
23,97,"LISTEN_IN_GAMEPLAY_SEQUENCE_COMPARE_FULL_TEXT","9","main_09_reunion_in_silence","Field_03","Lines/step5","6","2","shared","Lines/step5:2;","main09_paul_012","companion_paul","폴","같은 방향을 조사하고 있으니, 계속 정보를 나누는 편이 합리적이겠습니다. 저도 함께 가도 될까요?","같은 방향을 조사하고 있으니, 계속 정보를 나누는 편이 합리적이겠습니다. 저도 함께 가도 될까요?","Limitless_TTS_Output_PreSerin/dialogue_manifest_main01_12.csv","Limitless_TTS_Output_PreSerin","Limitless_TTS_Output_PreSerin","Achird","main09_paul_012.wav","Unity/Client/Assets/_Project/Audio/Voice/Story/Main09/main09_paul_012.wav","9.99","-20.4429387","-3.45265241","239760","24000","1","16","527098a79c9ae68126fd3f5cab955878855d0b084bd66c14e62a40635fecd85a","50c47c40658f6380aaa7e10b898e8f6a1fa7dcd4158e6302dc46bc0338e24368","Assets/_Project/Audio/Voice/Story/Main09/main09_paul_012.wav","d2450c4dc9dec184caf132c7d84eb2f4","companion_paul","d2450c4dc9dec184caf132c7d84eb2f4","2","1","39","0.25615385","0.2308","NEEDS_LISTENING","False","False","False","False","MEDIUM","SEMANTIC_LISTENING_PRIORITY_MEDIUM","25","LONG_MULTI_SENTENCE_OR_3_LINES","LISTEN_COMPARE_FULL_RUNTIME_TEXT","False","False","False","False","False","False","False","False","False","False","False",""
24,98,"LISTEN_IN_GAMEPLAY_SEQUENCE_COMPARE_FULL_TEXT","9","main_09_reunion_in_silence","Field_03","Lines/step5","6","4","shared","Lines/step5:4;","main09_taeon_007","companion_taeon","태온","안전한 경로부터 같이 확인하겠습니다.","안전한 경로부터 같이 확인하겠습니다.","Limitless_TTS_Output_PreSerin/dialogue_manifest_main01_12.csv","Limitless_TTS_Output_PreSerin","Limitless_TTS_Output_PreSerin","Gacrux","main09_taeon_007.wav","Unity/Client/Assets/_Project/Audio/Voice/Story/Main09/main09_taeon_007.wav","8.52","-19.25133355","-2.49736113","204480","24000","1","16","ab53ebb7bf6909f91791ccd3d296c38dd957dbe59985231e5c9a257a727927bb","2e41f68e37e0abe46fc691e8ec811451fd0c3046b5c9124fdfb02c00324d9653","Assets/_Project/Audio/Voice/Story/Main09/main09_taeon_007.wav","5c1aab0e96029024bb6f21c6105952e0","companion_taeon","5c1aab0e96029024bb6f21c6105952e0","1","1","16","0.5325","0.221875","NEEDS_LISTENING","False","False","False","False","LOW","SEMANTIC_LISTENING_PRIORITY_LOW","0","NORMAL_METADATA_SEMANTICS_UNCONFIRMED","LISTEN_COMPARE_FULL_RUNTIME_TEXT","False","False","False","False","False","False","False","False","False","False","False",""
25,99,"LISTEN_IN_GAMEPLAY_SEQUENCE_COMPARE_FULL_TEXT","9","main_09_reunion_in_silence","Field_03","Lines/step5","6","5","shared","Lines/step5:5;","main09_miel_006","companion_miel","미엘","쉬어야 할 때도 말씀해주세요. 그건 모두에게 하는 말이에요.","쉬어야 할 때도 말씀해주세요. 그건 모두에게 하는 말이에요.","Limitless_TTS_Output_PreSerin/dialogue_manifest_main01_12.csv","Limitless_TTS_Output_PreSerin","Limitless_TTS_Output_PreSerin","Sulafat","main09_miel_006.wav","Unity/Client/Assets/_Project/Audio/Voice/Story/Main09/main09_miel_006.wav","3.96","-20.94017817","-4.93088987","95040","24000","1","16","ce60b0a83fd72078043ebb20f1ecb066e431cbc7b9351f0f9d7b0a01180bb91a","a96b3999af89160f4fcc90559782c0a638394b81097377d1d2222c68f863a669","Assets/_Project/Audio/Voice/Story/Main09/main09_miel_006.wav","61ecf2dfea900c7459fabab2ef9be9e0","companion_miel","61ecf2dfea900c7459fabab2ef9be9e0","2","1","24","0.165","0.219375","NEEDS_LISTENING","False","False","False","False","LOW","SEMANTIC_LISTENING_PRIORITY_LOW","0","NORMAL_METADATA_SEMANTICS_UNCONFIRMED","LISTEN_COMPARE_FULL_RUNTIME_TEXT","False","False","False","False","False","False","False","False","False","False","False",""
26,100,"LISTEN_IN_GAMEPLAY_SEQUENCE_COMPARE_FULL_TEXT","9","main_09_reunion_in_silence","Field_03","Lines/step5","6","6","shared","Lines/step5:6;","main09_paul_013","companion_paul","폴","그럼 쉬는 시간도 계획에 넣겠습니다. 빈칸을 남겨둔 보람이 있네요.","그럼 쉬는 시간도 계획에 넣겠습니다. 빈칸을 남겨둔 보람이 있네요.","Limitless_TTS_Output_PreSerin/dialogue_manifest_main01_12.csv","Limitless_TTS_Output_PreSerin","Limitless_TTS_Output_PreSerin","Achird","main09_paul_013.wav","Unity/Client/Assets/_Project/Audio/Voice/Story/Main09/main09_paul_013.wav","1.17","-57.06968488","-39.40285637","28080","24000","1","16","115807f9b57c25c1948fe400ce94f3bcf94fe73e4bed43f70517cf08124b5739","d438c1e960dc0dc672ef4e1a8a7cef15b7844f047e2e534f026e1c113e66f1e6","Assets/_Project/Audio/Voice/Story/Main09/main09_paul_013.wav","e474ffa4b994df34abb6c6bb4379959f","companion_paul","e474ffa4b994df34abb6c6bb4379959f","2","1","27","0.04333333","0.2308","NEEDS_LISTENING","False","False","False","False","HIGH","SEMANTIC_LISTENING_PRIORITY_HIGH","290","LOW_RMS_BELOW_MINUS45_DBFS;EXTREME_SHORT_TEXT_DURATION_RATIO;MULTI_SENTENCE_SHORT_AUDIO;SAME_SPEAKER_NEARBY_OUTLIER","LISTEN_COMPARE_FULL_RUNTIME_TEXT","False","False","False","False","False","True","True","True","True","False","False",""
27,101,"LISTEN_IN_GAMEPLAY_SEQUENCE_COMPARE_FULL_TEXT","9","main_09_reunion_in_silence","Field_03","Lines/step5","6","7","shared","Lines/step5:7;","main09_paul_014","companion_paul","폴","우선 여기서 정리하고, 더 깊은 곳은 준비해서 확인하죠.","우선 여기서 정리하고, 더 깊은 곳은 준비해서 확인하죠.","Limitless_TTS_Output_PreSerin/dialogue_manifest_main01_12.csv","Limitless_TTS_Output_PreSerin","Limitless_TTS_Output_PreSerin","Achird","main09_paul_014.wav","Unity/Client/Assets/_Project/Audio/Voice/Story/Main09/main09_paul_014.wav","6.15","-20.41638016","-3.51559821","147600","24000","1","16","d9d1b3d9eb9951881567758a93a8a742b8911ae23f6d9f7107dba63377e4af97","4c03bccefe633e8bc4483aebdf5a61a0f2dd1d9644be906320e1be1f71323185","Assets/_Project/Audio/Voice/Story/Main09/main09_paul_014.wav","926efb74af315254c819b5c96f5b2d3b","companion_paul","926efb74af315254c819b5c96f5b2d3b","1","1","22","0.27954545","0.2308","NEEDS_LISTENING","False","False","False","False","LOW","SEMANTIC_LISTENING_PRIORITY_LOW","0","NORMAL_METADATA_SEMANTICS_UNCONFIRMED","LISTEN_COMPARE_FULL_RUNTIME_TEXT","False","False","False","False","False","False","False","False","False","False","False",""
28,120,"LISTEN_IN_GAMEPLAY_SEQUENCE_COMPARE_FULL_TEXT","11","main_11_silent_catacomb","Dungeon_01/Dungeon_01_B2/Field_03","AfterBoss","1","1","shared","","main11_paul_001","companion_paul","폴","멈췄는데도 주변의 빛은 그대로군요.","멈췄는데도 주변의 빛은 그대로군요.","Limitless_TTS_Output_PreSerin/dialogue_manifest_main01_12.csv","Limitless_TTS_Output_PreSerin","Limitless_TTS_Output_PreSerin","Achird","main11_paul_001.wav","Unity/Client/Assets/_Project/Audio/Voice/Story/Main11/main11_paul_001.wav","2.01","-33.97996261","-18.8678389","48240","24000","1","16","890ff737a6e4875cbb3144ef7c21a19e95adf888dad4a5dd197bc72ec0cf5d5f","0c4de9702167518dc17288dd08cd281e90ab39b09e126e7637eae1cfd32bca59","Assets/_Project/Audio/Voice/Story/Main11/main11_paul_001.wav","ab0f9f0a27013654ca507fb17288a7a2","companion_paul","ab0f9f0a27013654ca507fb17288a7a2","1","1","15","0.134","0.2308","NEEDS_LISTENING","False","False","False","False","LOW","SEMANTIC_LISTENING_PRIORITY_LOW","0","NORMAL_METADATA_SEMANTICS_UNCONFIRMED","LISTEN_COMPARE_FULL_RUNTIME_TEXT","False","False","False","False","False","False","False","False","False","False","False",""
29,121,"LISTEN_IN_GAMEPLAY_SEQUENCE_COMPARE_FULL_TEXT","11","main_11_silent_catacomb","Dungeon_01/Dungeon_01_B2/Field_03","AfterBoss","1","2","shared","","main11_taeon_001","companion_taeon","태온","이 존재가 빛의 근원은 아니었던 것 같습니다.","이 존재가 빛의 근원은 아니었던 것 같습니다.","Limitless_TTS_Output_PreSerin/dialogue_manifest_main01_12.csv","Limitless_TTS_Output_PreSerin","Limitless_TTS_Output_PreSerin","Gacrux","main11_taeon_001.wav","Unity/Client/Assets/_Project/Audio/Voice/Story/Main11/main11_taeon_001.wav","38.03","-18.31235292","-1.36304663","912720","24000","1","16","8a8db2801f924935dc4f62337e0c81033c43dba969a75d07a2639029f30609df","d79388cb5361fd4e4bbbd09717512a7ff8bef64438baec38be4273751735c557","Assets/_Project/Audio/Voice/Story/Main11/main11_taeon_001.wav","7d87148a2d889e34992e0c7e1a7387a5","companion_taeon","7d87148a2d889e34992e0c7e1a7387a5","1","1","18","2.11277778","0.221875","NEEDS_LISTENING","False","False","False","False","MEDIUM","SEMANTIC_LISTENING_PRIORITY_MEDIUM","25","EXCESSIVE_DURATION_RATIO","LISTEN_COMPARE_FULL_RUNTIME_TEXT","False","False","False","False","False","False","False","False","False","False","False",""
30,122,"LISTEN_IN_GAMEPLAY_SEQUENCE_COMPARE_FULL_TEXT","11","main_11_silent_catacomb","Dungeon_01/Dungeon_01_B2/Field_03","AfterBoss","1","3","shared","","main11_miel_001","companion_miel","미엘","뒤쪽을 보세요. 길이 열린 것 같아요.","뒤쪽을 보세요. 길이 열린 것 같아요.","Limitless_TTS_Output_PreSerin/dialogue_manifest_main01_12.csv","Limitless_TTS_Output_PreSerin","Limitless_TTS_Output_PreSerin","Sulafat","main11_miel_001.wav","Unity/Client/Assets/_Project/Audio/Voice/Story/Main11/main11_miel_001.wav","2.35","-18.14184954","-3.65497915","56400","24000","1","16","80864f84b74805e20bc157c85ecee83fac59b0dc057d548c631077bae8b204b5","f2db3a86a607ecd53081538a8f31d2b4e89c476de28512776b051ddc160bc560","Assets/_Project/Audio/Voice/Story/Main11/main11_miel_001.wav","4b701370c4e311947b84b68f0c5ad304","companion_miel","4b701370c4e311947b84b68f0c5ad304","2","1","14","0.16785714","0.219375","NEEDS_LISTENING","False","False","False","False","LOW","SEMANTIC_LISTENING_PRIORITY_LOW","0","NORMAL_METADATA_SEMANTICS_UNCONFIRMED","LISTEN_COMPARE_FULL_RUNTIME_TEXT","False","False","False","False","False","False","False","False","False","False","False",""
31,123,"LISTEN_IN_GAMEPLAY_SEQUENCE_COMPARE_FULL_TEXT","11","main_11_silent_catacomb","Dungeon_01/Dungeon_01_B2/Field_03","Lines/step1","2","1","shared","Lines/step1:1;","main11_taeon_002","companion_taeon","태온","석관과 묘표가 남아 있습니다. 실제 안치 공간으로 쓰였던 곳입니다.","석관과 묘표가 남아 있습니다. 실제 안치 공간으로 쓰였던 곳입니다.","Limitless_TTS_Output_PreSerin/dialogue_manifest_main01_12.csv","Limitless_TTS_Output_PreSerin","Limitless_TTS_Output_PreSerin","Gacrux","main11_taeon_002.wav","Unity/Client/Assets/_Project/Audio/Voice/Story/Main11/main11_taeon_002.wav","6.19","-20.67529772","-2.59044162","148560","24000","1","16","c70eeb3fa3e4d3178554f0759f8f04061d0eb4c8f0d712df753f7f6fba8c04fb","286095beeba478bdc42a47ae4faf47f21893565efe4b8ab1ad23286e859d1b2e","Assets/_Project/Audio/Voice/Story/Main11/main11_taeon_002.wav","59c2d338c3d9cb94bb80d42664d48a14","companion_taeon","59c2d338c3d9cb94bb80d42664d48a14","2","1","27","0.22925926","0.221875","NEEDS_LISTENING","False","False","False","False","LOW","SEMANTIC_LISTENING_PRIORITY_LOW","0","NORMAL_METADATA_SEMANTICS_UNCONFIRMED","LISTEN_COMPARE_FULL_RUNTIME_TEXT","False","False","False","False","False","False","False","False","False","False","False",""
32,124,"LISTEN_IN_GAMEPLAY_SEQUENCE_COMPARE_FULL_TEXT","11","main_11_silent_catacomb","Dungeon_01/Dungeon_01_B2/Field_03","Lines/step1","2","2","shared","Lines/step1:2;","main11_miel_002","companion_miel","미엘","오래된 흔적이지만 누군가 머물렀던 자리였겠네요.","오래된 흔적이지만 누군가 머물렀던 자리였겠네요.","Limitless_TTS_Output_PreSerin/dialogue_manifest_main01_12.csv","Limitless_TTS_Output_PreSerin","Limitless_TTS_Output_PreSerin","Sulafat","main11_miel_002.wav","Unity/Client/Assets/_Project/Audio/Voice/Story/Main11/main11_miel_002.wav","3.08","-20.38301543","-0.96127685","73920","24000","1","16","921356ac6d7ac0e37f689b3b4386fc8453159c74ef01ace1856a070adacdc984","5b4b21dff49107e4fc2d8884d6570e59fa7f3fa785c5e67d74e3a99da407377d","Assets/_Project/Audio/Voice/Story/Main11/main11_miel_002.wav","c9bbd0663e3113d4f9edfbaf4fcdecea","companion_miel","c9bbd0663e3113d4f9edfbaf4fcdecea","1","1","21","0.14666667","0.219375","NEEDS_LISTENING","False","False","False","False","LOW","SEMANTIC_LISTENING_PRIORITY_LOW","0","NORMAL_METADATA_SEMANTICS_UNCONFIRMED","LISTEN_COMPARE_FULL_RUNTIME_TEXT","False","False","False","False","False","False","False","False","False","False","False",""
33,125,"LISTEN_IN_GAMEPLAY_SEQUENCE_COMPARE_FULL_TEXT","11","main_11_silent_catacomb","Dungeon_01/Dungeon_01_B2/Field_03","Lines/step2","3","1","shared","Lines/step2:1;","main11_taeon_003","companion_taeon","태온","무너진 돌 사이의 긁힌 자국은 다른 흔적보다 새롭습니다.","무너진 돌 사이의 긁힌 자국은 다른 흔적보다 새롭습니다.","Limitless_TTS_Output_PreSerin/dialogue_manifest_main01_12.csv","Limitless_TTS_Output_PreSerin","Limitless_TTS_Output_PreSerin","Gacrux","main11_taeon_003.wav","Unity/Client/Assets/_Project/Audio/Voice/Story/Main11/main11_taeon_003.wav","2.2","-51.66797466","-34.51738446","52800","24000","1","16","e1145955ff4dea114b6e10ae252f6e42f9dc5d0f88d9cf2974a61a3420004222","67763e0ef72f7fe73dddb7c250d9db669cb7e7b736594900af01dba418bfe695","Assets/_Project/Audio/Voice/Story/Main11/main11_taeon_003.wav","91455b4bc171bcc4c9b0183d942893cd","companion_taeon","91455b4bc171bcc4c9b0183d942893cd","1","1","23","0.09565217","0.221875","NEEDS_LISTENING","False","False","False","False","HIGH","SEMANTIC_LISTENING_PRIORITY_HIGH","80","LOW_RMS_BELOW_MINUS45_DBFS","LISTEN_COMPARE_FULL_RUNTIME_TEXT","False","False","False","False","False","True","False","False","False","False","False",""
34,126,"LISTEN_IN_GAMEPLAY_SEQUENCE_COMPARE_FULL_TEXT","11","main_11_silent_catacomb","Dungeon_01/Dungeon_01_B2/Field_03","Lines/step2","3","2","shared","Lines/step2:2;","main11_paul_002","companion_paul","폴","비슷한 선이 반복되네요. 뜻은 아직 알 수 없습니다.","비슷한 선이 반복되네요. 뜻은 아직 알 수 없습니다.","Limitless_TTS_Output_PreSerin/dialogue_manifest_main01_12.csv","Limitless_TTS_Output_PreSerin","Limitless_TTS_Output_PreSerin","Achird","main11_paul_002.wav","Unity/Client/Assets/_Project/Audio/Voice/Story/Main11/main11_paul_002.wav","5.76","-20.898282","-2.64418445","138240","24000","1","16","14a1fab5295054ec8d3db17095da0180e12f972f395e00a41eba0f3be262f135","3746e8aac5b882dda107d26bfe65649d9a14528cdcd1bbc777b4db99cb4354b5","Assets/_Project/Audio/Voice/Story/Main11/main11_paul_002.wav","06fb285df7653a0419435d900c218239","companion_paul","06fb285df7653a0419435d900c218239","2","1","20","0.288","0.2308","NEEDS_LISTENING","False","False","False","False","LOW","SEMANTIC_LISTENING_PRIORITY_LOW","0","NORMAL_METADATA_SEMANTICS_UNCONFIRMED","LISTEN_COMPARE_FULL_RUNTIME_TEXT","False","False","False","False","False","False","False","False","False","False","False",""
35,127,"LISTEN_IN_GAMEPLAY_SEQUENCE_COMPARE_FULL_TEXT","11","main_11_silent_catacomb","Dungeon_01/Dungeon_01_B2/Field_03","Lines/step3","4","1","shared","Lines/step3:1;","main11_taeon_004","companion_taeon","태온","양쪽 구조를 확인했습니다. 이제 이 장치를 움직일 수 있겠습니다.","양쪽 구조를 확인했습니다. 이제 이 장치를 움직일 수 있겠습니다.","Limitless_TTS_Output_PreSerin/dialogue_manifest_main01_12.csv","Limitless_TTS_Output_PreSerin","Limitless_TTS_Output_PreSerin","Gacrux","main11_taeon_004.wav","Unity/Client/Assets/_Project/Audio/Voice/Story/Main11/main11_taeon_004.wav","3.47","-21.6655271","-4.83554946","83280","24000","1","16","d66a9178324350e5edbe12961d3f4d79b6b38cb8a3cd04583277b909fb8c0f9f","bd714ce345eeed4db76ee33929202a9bfdbab610fa9bcf14af10d03e920f1c70","Assets/_Project/Audio/Voice/Story/Main11/main11_taeon_004.wav","7c477d805c55c6c4f94e54ef0afdfd38","companion_taeon","7c477d805c55c6c4f94e54ef0afdfd38","2","1","26","0.13346154","0.221875","NEEDS_LISTENING","False","False","False","False","LOW","SEMANTIC_LISTENING_PRIORITY_LOW","0","NORMAL_METADATA_SEMANTICS_UNCONFIRMED","LISTEN_COMPARE_FULL_RUNTIME_TEXT","False","False","False","False","False","False","False","False","False","False","False",""
36,128,"LISTEN_IN_GAMEPLAY_SEQUENCE_COMPARE_FULL_TEXT","11","main_11_silent_catacomb","Dungeon_01/Dungeon_01_B2/Field_03","Lines/step3","4","2","shared","Lines/step3:2;","main11_paul_003","companion_paul","폴","아래로 이어지는 길입니다. 단단한 가장자리를 따라 내려가죠.","아래로 이어지는 길입니다. 단단한 가장자리를 따라 내려가죠.","Limitless_TTS_Output_PreSerin/dialogue_manifest_main01_12.csv","Limitless_TTS_Output_PreSerin","Limitless_TTS_Output_PreSerin","Achird","main11_paul_003.wav","Unity/Client/Assets/_Project/Audio/Voice/Story/Main11/main11_paul_003.wav","1.71","-38.02742627","-22.05307012","41040","24000","1","16","d39e2b559abd6f73c56cb1177ce67e5310bb63486fe6955c8a0f1b2843691d12","4a80270e196a3b9c54e519f64216bf19373fc0d92d5ed9db4ff5f8dd8f8010cf","Assets/_Project/Audio/Voice/Story/Main11/main11_paul_003.wav","fc448551a9e1e99449eb24480408148d","companion_paul","fc448551a9e1e99449eb24480408148d","2","1","25","0.0684","0.2308","NEEDS_LISTENING","False","False","False","False","HIGH","SEMANTIC_LISTENING_PRIORITY_HIGH","140","EXTREME_SHORT_TEXT_DURATION_RATIO;MULTI_SENTENCE_SHORT_AUDIO","LISTEN_COMPARE_FULL_RUNTIME_TEXT","False","False","False","False","False","False","True","True","False","False","False",""
37,129,"LISTEN_IN_GAMEPLAY_SEQUENCE_COMPARE_FULL_TEXT","11","main_11_silent_catacomb","Dungeon_01/Dungeon_01_B2/Field_03","Lines/step5","6","1","shared","Lines/step5:1;","main11_miel_003","companion_miel","미엘","쓰이지 않은 안치 공간이 많아요. 위층과는 다르네요.","쓰이지 않은 안치 공간이 많아요. 위층과는 다르네요.","Limitless_TTS_Output_PreSerin/dialogue_manifest_main01_12.csv","Limitless_TTS_Output_PreSerin","Limitless_TTS_Output_PreSerin","Sulafat","main11_miel_003.wav","Unity/Client/Assets/_Project/Audio/Voice/Story/Main11/main11_miel_003.wav","4.2","-19.1214627","-4.5462508","100800","24000","1","16","a50a6fdf4855fa7104cebe2a043a32a790f48c57e58a193789112447a7cc0ef7","ba1052f681cf79d89e0b903b0a7b6de951a7e0a6e187bbc212fbb9b7efddf496","Assets/_Project/Audio/Voice/Story/Main11/main11_miel_003.wav","7168a9339849c8241926ccf2e038bff6","companion_miel","7168a9339849c8241926ccf2e038bff6","2","1","21","0.2","0.219375","NEEDS_LISTENING","False","False","False","False","LOW","SEMANTIC_LISTENING_PRIORITY_LOW","0","NORMAL_METADATA_SEMANTICS_UNCONFIRMED","LISTEN_COMPARE_FULL_RUNTIME_TEXT","False","False","False","False","False","False","False","False","False","False","False",""
38,130,"LISTEN_IN_GAMEPLAY_SEQUENCE_COMPARE_FULL_TEXT","11","main_11_silent_catacomb","Dungeon_01/Dungeon_01_B2/Field_03","Lines/step5","6","2","shared","Lines/step5:2;","main11_taeon_005","companion_taeon","태온","돌을 다듬은 방식도 더 정교합니다. 안쪽부터 확인하죠.","돌을 다듬은 방식도 더 정교합니다. 안쪽부터 확인하죠.","Limitless_TTS_Output_PreSerin/dialogue_manifest_main01_12.csv","Limitless_TTS_Output_PreSerin","Limitless_TTS_Output_PreSerin","Gacrux","main11_taeon_005.wav","Unity/Client/Assets/_Project/Audio/Voice/Story/Main11/main11_taeon_005.wav","2.3","-52.76793095","-34.19898154","55200","24000","1","16","021a6e5ab980dff0c5e0867af9950629f00685b3b26f1e2cf1f1b4bdd387d850","4cb597185449241f7e623241146a3c2e64b8cb6ff0d7b0caf714d3b45faefdde","Assets/_Project/Audio/Voice/Story/Main11/main11_taeon_005.wav","98f06a071471ebd4aa4af8f4b2a5ace5","companion_taeon","98f06a071471ebd4aa4af8f4b2a5ace5","2","1","22","0.10454545","0.221875","NEEDS_LISTENING","False","False","False","False","HIGH","SEMANTIC_LISTENING_PRIORITY_HIGH","80","LOW_RMS_BELOW_MINUS45_DBFS","LISTEN_COMPARE_FULL_RUNTIME_TEXT","False","False","False","False","False","True","False","False","False","False","False",""
39,131,"LISTEN_IN_GAMEPLAY_SEQUENCE_COMPARE_FULL_TEXT","11","main_11_silent_catacomb","Dungeon_01/Dungeon_01_B2/Field_03","Lines/step5","6","3","shared","Lines/step5:3;","main11_paul_004","companion_paul","폴","바닥은 지나갈 수 있습니다. 거친 부분은 표시해두겠습니다.","바닥은 지나갈 수 있습니다. 거친 부분은 표시해두겠습니다.","Limitless_TTS_Output_PreSerin/dialogue_manifest_main01_12.csv","Limitless_TTS_Output_PreSerin","Limitless_TTS_Output_PreSerin","Achird","main11_paul_004.wav","Unity/Client/Assets/_Project/Audio/Voice/Story/Main11/main11_paul_004.wav","4.39","-20.69074651","-1.92475825","105360","24000","1","16","f310ba402a74edbbff343b00a19c0398b91b354dcb532e5575066dbc5a6052f9","51950282792d54ab5c9b4d6b9dec1475d2c1883c9e6427fcfccd736982c7f589","Assets/_Project/Audio/Voice/Story/Main11/main11_paul_004.wav","ce6795d1d3d454a4e922419728d50e20","companion_paul","ce6795d1d3d454a4e922419728d50e20","2","1","24","0.18291667","0.2308","NEEDS_LISTENING","False","False","False","False","LOW","SEMANTIC_LISTENING_PRIORITY_LOW","0","NORMAL_METADATA_SEMANTICS_UNCONFIRMED","LISTEN_COMPARE_FULL_RUNTIME_TEXT","False","False","False","False","False","False","False","False","False","False","False",""
40,132,"LISTEN_IN_GAMEPLAY_SEQUENCE_COMPARE_FULL_TEXT","11","main_11_silent_catacomb","Dungeon_01/Dungeon_01_B2/Field_03","Lines/step6","7","1","shared","Lines/step6:1;","main11_paul_005","companion_paul","폴","닫힌 묘실인데 안치 흔적은 거의 없습니다. 다른 용도였을 수도 있겠네요.","닫힌 묘실인데 안치 흔적은 거의 없습니다. 다른 용도였을 수도 있겠네요.","Limitless_TTS_Output_PreSerin/dialogue_manifest_main01_12.csv","Limitless_TTS_Output_PreSerin","Limitless_TTS_Output_PreSerin","Achird","main11_paul_005.wav","Unity/Client/Assets/_Project/Audio/Voice/Story/Main11/main11_paul_005.wav","8.34","-22.33107706","-6.74327612","200160","24000","1","16","d941ae94eb65c81d406141f68dfad6cab40f33ecce4aade8f1b61420dc63c151","a9a2c3ba7bf3def1e29f335278c76cb04f2b905d58c149c7a596a75779fd02a8","Assets/_Project/Audio/Voice/Story/Main11/main11_paul_005.wav","c5befd70fbcaf27499580c0c4193d348","companion_paul","c5befd70fbcaf27499580c0c4193d348","2","1","29","0.28758621","0.2308","NEEDS_LISTENING","False","False","False","False","LOW","SEMANTIC_LISTENING_PRIORITY_LOW","0","NORMAL_METADATA_SEMANTICS_UNCONFIRMED","LISTEN_COMPARE_FULL_RUNTIME_TEXT","False","False","False","False","False","False","False","False","False","False","False",""
41,133,"LISTEN_IN_GAMEPLAY_SEQUENCE_COMPARE_FULL_TEXT","11","main_11_silent_catacomb","Dungeon_01/Dungeon_01_B2/Field_03","Lines/step6","7","2","shared","Lines/step6:2;","main11_miel_004","companion_miel","미엘","폴, 이쪽 바닥은 괜찮아요?","폴, 이쪽 바닥은 괜찮아요?","Limitless_TTS_Output_PreSerin/dialogue_manifest_main01_12.csv","Limitless_TTS_Output_PreSerin","Limitless_TTS_Output_PreSerin","Sulafat","main11_miel_004.wav","Unity/Client/Assets/_Project/Audio/Voice/Story/Main11/main11_miel_004.wav","5.28","-19.5518561","-2.89281757","126720","24000","1","16","f9fbeab12d0319eae56b9ad4ac2adde89e5593c422ca03d1a6f6b42d5fd8e1f0","478b801bfc290da116e3d950dfa242c7f481fab618a008b9d4f829dd00235789","Assets/_Project/Audio/Voice/Story/Main11/main11_miel_004.wav","f659e0a2be2748e45b49e47a40f64bf6","companion_miel","f659e0a2be2748e45b49e47a40f64bf6","1","1","10","0.528","0.219375","NEEDS_LISTENING","False","False","False","False","LOW","SEMANTIC_LISTENING_PRIORITY_LOW","0","NORMAL_METADATA_SEMANTICS_UNCONFIRMED","LISTEN_COMPARE_FULL_RUNTIME_TEXT","False","False","False","False","False","False","False","False","False","False","False",""
42,134,"LISTEN_IN_GAMEPLAY_SEQUENCE_COMPARE_FULL_TEXT","11","main_11_silent_catacomb","Dungeon_01/Dungeon_01_B2/Field_03","Lines/step6","7","3","shared","Lines/step6:3;","main11_paul_006","companion_paul","폴","네. 조금 거칠지만 지나갈 수 있습니다.","네. 조금 거칠지만 지나갈 수 있습니다.","Limitless_TTS_Output_PreSerin/dialogue_manifest_main01_12.csv","Limitless_TTS_Output_PreSerin","Limitless_TTS_Output_PreSerin","Achird","main11_paul_006.wav","Unity/Client/Assets/_Project/Audio/Voice/Story/Main11/main11_paul_006.wav","4.87","-21.6415061","-1.9155","116880","24000","1","16","6cd602fe6de54605d8e994a2c4de2674ebe9f7a1145825cbbe93f722206b9f53","dcf7965867efb21f908d51a3a7d3074bf48af304d50a93378104b4656552c10d","Assets/_Project/Audio/Voice/Story/Main11/main11_paul_006.wav","20c062bec16b763459823676c51d7b94","companion_paul","20c062bec16b763459823676c51d7b94","2","1","15","0.32466667","0.2308","NEEDS_LISTENING","False","False","False","False","LOW","SEMANTIC_LISTENING_PRIORITY_LOW","0","NORMAL_METADATA_SEMANTICS_UNCONFIRMED","LISTEN_COMPARE_FULL_RUNTIME_TEXT","False","False","False","False","False","False","False","False","False","False","False",""
43,135,"LISTEN_IN_GAMEPLAY_SEQUENCE_COMPARE_FULL_TEXT","11","main_11_silent_catacomb","Dungeon_01/Dungeon_01_B2/Field_03","Lines/step7","8","1","shared","Lines/step7:1;","main11_taeon_006","companion_taeon","태온","석재의 홈과 문양이 반복됩니다. 의미는 아직 모르겠습니다.","석재의 홈과 문양이 반복됩니다. 의미는 아직 모르겠습니다.","Limitless_TTS_Output_PreSerin/dialogue_manifest_main01_12.csv","Limitless_TTS_Output_PreSerin","Limitless_TTS_Output_PreSerin","Gacrux","main11_taeon_006.wav","Unity/Client/Assets/_Project/Audio/Voice/Story/Main11/main11_taeon_006.wav","3.63","-20.73765568","-4.44086359","87120","24000","1","16","7124492cce96fb51eda408a562229a138ab2ec569b26cf3a4e99866dc31a8c68","707d83493bd801e4d114a8b972b781e14efe9fb3f0d9444b2b2a77cc8f138e6a","Assets/_Project/Audio/Voice/Story/Main11/main11_taeon_006.wav","38e54470a5c80bc48adfcb7688a6c4e5","companion_taeon","38e54470a5c80bc48adfcb7688a6c4e5","2","1","24","0.15125","0.221875","NEEDS_LISTENING","False","False","False","False","LOW","SEMANTIC_LISTENING_PRIORITY_LOW","0","NORMAL_METADATA_SEMANTICS_UNCONFIRMED","LISTEN_COMPARE_FULL_RUNTIME_TEXT","False","False","False","False","False","False","False","False","False","False","False",""
44,136,"LISTEN_IN_GAMEPLAY_SEQUENCE_COMPARE_FULL_TEXT","11","main_11_silent_catacomb","Dungeon_01/Dungeon_01_B2/Field_03","Lines/step7","8","2","shared","Lines/step7:2;","main11_paul_007","companion_paul","폴","용도를 정하기에는 단서가 모자랍니다. 본 것만 기록하죠.","용도를 정하기에는 단서가 모자랍니다. 본 것만 기록하죠.","Limitless_TTS_Output_PreSerin/dialogue_manifest_main01_12.csv","Limitless_TTS_Output_PreSerin","Limitless_TTS_Output_PreSerin","Achird","main11_paul_007.wav","Unity/Client/Assets/_Project/Audio/Voice/Story/Main11/main11_paul_007.wav","6","-20.88381665","-2.89799677","144000","24000","1","16","556d96726de77620476c40efd9e77eb2b78ff4dd6d401fa2034b748d0eddff8b","62496ff6d8a2a47a5fe7f0155cd9377f2939cfa8b3036e5dc242d303c8fbcf7e","Assets/_Project/Audio/Voice/Story/Main11/main11_paul_007.wav","00e49925a29511c4e87c3fef00365ce0","companion_paul","00e49925a29511c4e87c3fef00365ce0","2","1","23","0.26086957","0.2308","NEEDS_LISTENING","False","False","False","False","LOW","SEMANTIC_LISTENING_PRIORITY_LOW","0","NORMAL_METADATA_SEMANTICS_UNCONFIRMED","LISTEN_COMPARE_FULL_RUNTIME_TEXT","False","False","False","False","False","False","False","False","False","False","False",""
45,137,"LISTEN_IN_GAMEPLAY_SEQUENCE_COMPARE_FULL_TEXT","11","main_11_silent_catacomb","Dungeon_01/Dungeon_01_B2/Field_03","Lines/step8","9","1","shared","Lines/step8:1;","main11_paul_008","companion_paul","폴","푸른 흐름은 이 방에서 시작되는 것 같지 않습니다. 더 안쪽에서 들어오는 듯하군요.","푸른 흐름은 이 방에서 시작되는 것 같지 않습니다. 더 안쪽에서 들어오는 듯하군요.","Limitless_TTS_Output_PreSerin/dialogue_manifest_main01_12.csv","Limitless_TTS_Output_PreSerin","Limitless_TTS_Output_PreSerin","Achird","main11_paul_008.wav","Unity/Client/Assets/_Project/Audio/Voice/Story/Main11/main11_paul_008.wav","1.52","-32.75949291","-19.92556942","36480","24000","1","16","8f1497d5013d003cadb21321f54b1c69d4afc4794b76314498306a572855e52b","9b04ea8033099bdfcc279a0b085984696256d48a0fed2f08d330d7f781e6062a","Assets/_Project/Audio/Voice/Story/Main11/main11_paul_008.wav","39d58a63e77b90541a6277af10e7a55c","companion_paul","39d58a63e77b90541a6277af10e7a55c","2","1","33","0.04606061","0.2308","NEEDS_LISTENING","False","False","False","False","HIGH","SEMANTIC_LISTENING_PRIORITY_HIGH","140","EXTREME_SHORT_TEXT_DURATION_RATIO;MULTI_SENTENCE_SHORT_AUDIO","LISTEN_COMPARE_FULL_RUNTIME_TEXT","False","False","False","False","False","False","True","True","False","False","False",""
46,138,"LISTEN_IN_GAMEPLAY_SEQUENCE_COMPARE_FULL_TEXT","11","main_11_silent_catacomb","Dungeon_01/Dungeon_01_B2/Field_03","Lines/step8","9","2","shared","Lines/step8:2;","main11_taeon_007","companion_taeon","태온","방향은 확인했습니다. 근원은 아직 모릅니다.","방향은 확인했습니다. 근원은 아직 모릅니다.","Limitless_TTS_Output_PreSerin/dialogue_manifest_main01_12.csv","Limitless_TTS_Output_PreSerin","Limitless_TTS_Output_PreSerin","Gacrux","main11_taeon_007.wav","Unity/Client/Assets/_Project/Audio/Voice/Story/Main11/main11_taeon_007.wav","1.46","-56.41566829","-37.65985286","35040","24000","1","16","12a88a72b1596be3d3e65b0f3c5b43393e35ce83b0042e259712a19e3e6d54e4","b2bfd36fcfa6f42aae31083a5b5b128fa4949e4c7ad3e203974c9d15158eb8b5","Assets/_Project/Audio/Voice/Story/Main11/main11_taeon_007.wav","7a29e55920c6c664d9f2cef26eb2e940","companion_taeon","7a29e55920c6c664d9f2cef26eb2e940","2","1","18","0.08111111","0.221875","NEEDS_LISTENING","False","False","False","False","HIGH","SEMANTIC_LISTENING_PRIORITY_HIGH","150","LOW_RMS_BELOW_MINUS45_DBFS;MULTI_SENTENCE_SHORT_AUDIO","LISTEN_COMPARE_FULL_RUNTIME_TEXT","False","False","False","False","False","True","False","True","False","False","False",""
47,139,"LISTEN_IN_GAMEPLAY_SEQUENCE_COMPARE_FULL_TEXT","11","main_11_silent_catacomb","Dungeon_01/Dungeon_01_B2/Field_03","Lines/step8","9","3","shared","Lines/step8:3;","main11_miel_005","companion_miel","미엘","무리하지 말고 앞쪽을 살펴봐요.","무리하지 말고 앞쪽을 살펴봐요.","Limitless_TTS_Output_PreSerin/dialogue_manifest_main01_12.csv","Limitless_TTS_Output_PreSerin","Limitless_TTS_Output_PreSerin","Sulafat","main11_miel_005.wav","Unity/Client/Assets/_Project/Audio/Voice/Story/Main11/main11_miel_005.wav","5.47","-20.65779382","-2.52851368","131280","24000","1","16","f80c4b23645bc946486f408c5e66d9d506d7deb161391ea0490074ca76f1bc88","b828a8c2a3ab78ade3db836aaf16061b8dc3a03b779122210dabe549d4db1c00","Assets/_Project/Audio/Voice/Story/Main11/main11_miel_005.wav","3b2e9370358c5734381443c5cc27b202","companion_miel","3b2e9370358c5734381443c5cc27b202","1","1","13","0.42076923","0.219375","NEEDS_LISTENING","False","False","False","False","LOW","SEMANTIC_LISTENING_PRIORITY_LOW","0","NORMAL_METADATA_SEMANTICS_UNCONFIRMED","LISTEN_COMPARE_FULL_RUNTIME_TEXT","False","False","False","False","False","False","False","False","False","False","False",""
48,140,"LISTEN_IN_GAMEPLAY_SEQUENCE_COMPARE_FULL_TEXT","11","main_11_silent_catacomb","Dungeon_01/Dungeon_01_B2/Field_03","Lines/step10","11","1","shared","Lines/step10:1;","main11_paul_009","companion_paul","폴","빛이 이 구조물에서 만들어지는 건 아닌 것 같습니다. 아래에서 올라와 틈을 지나갑니다.","빛이 이 구조물에서 만들어지는 건 아닌 것 같습니다. 아래에서 올라와 틈을 지나갑니다.","Limitless_TTS_Output_PreSerin/dialogue_manifest_main01_12.csv","Limitless_TTS_Output_PreSerin","Limitless_TTS_Output_PreSerin","Achird","main11_paul_009.wav","Unity/Client/Assets/_Project/Audio/Voice/Story/Main11/main11_paul_009.wav","13.72","-22.31849286","-3.62072796","329280","24000","1","16","35812b590ef10bd201ddafe707734ec5abb827f25aa67c69107335b74f7c6629","631281aaa3adbfdd22e4e950a659584a1f5ec298359c92d16b5414da4897772c","Assets/_Project/Audio/Voice/Story/Main11/main11_paul_009.wav","8779977c5436e1e458b4cdafe960ff53","companion_paul","8779977c5436e1e458b4cdafe960ff53","2","1","35","0.392","0.2308","NEEDS_LISTENING","False","False","False","False","MEDIUM","SEMANTIC_LISTENING_PRIORITY_MEDIUM","25","LONG_MULTI_SENTENCE_OR_3_LINES","LISTEN_COMPARE_FULL_RUNTIME_TEXT","False","False","False","False","False","False","False","False","False","False","False",""
49,141,"LISTEN_IN_GAMEPLAY_SEQUENCE_COMPARE_FULL_TEXT","11","main_11_silent_catacomb","Dungeon_01/Dungeon_01_B2/Field_03","Lines/step10","11","2","shared","Lines/step10:2;","main11_taeon_008","companion_taeon","태온","그렇다면 지금 보이는 균열로 내려갈 수 있겠습니까?","그렇다면 지금 보이는 균열로 내려갈 수 있겠습니까?","Limitless_TTS_Output_PreSerin/dialogue_manifest_main01_12.csv","Limitless_TTS_Output_PreSerin","Limitless_TTS_Output_PreSerin","Gacrux","main11_taeon_008.wav","Unity/Client/Assets/_Project/Audio/Voice/Story/Main11/main11_taeon_008.wav","2.09","-21.71468742","-3.48307864","50160","24000","1","16","93f6f2aa84d43e51e10f2ebed49e34dec68e1bacd364e8ff13f3ffd34d6141ec","6ee4e2d2faf8aba1fac2988d919f698a71e214a6e595a1d17879de080fda7212","Assets/_Project/Audio/Voice/Story/Main11/main11_taeon_008.wav","467c5d2ebc0b31d429dd1bb284462384","companion_taeon","467c5d2ebc0b31d429dd1bb284462384","1","1","21","0.09952381","0.221875","NEEDS_LISTENING","False","False","False","False","LOW","SEMANTIC_LISTENING_PRIORITY_LOW","0","NORMAL_METADATA_SEMANTICS_UNCONFIRMED","LISTEN_COMPARE_FULL_RUNTIME_TEXT","False","False","False","False","False","False","False","False","False","False","False",""
50,142,"LISTEN_IN_GAMEPLAY_SEQUENCE_COMPARE_FULL_TEXT","11","main_11_silent_catacomb","Dungeon_01/Dungeon_01_B2/Field_03","Lines/step10","11","3","shared","Lines/step10:3;","main11_miel_006","companion_miel","미엘","아래쪽은 많이 무너져 있어요.","아래쪽은 많이 무너져 있어요.","Limitless_TTS_Output_PreSerin/dialogue_manifest_main01_12.csv","Limitless_TTS_Output_PreSerin","Limitless_TTS_Output_PreSerin","Sulafat","main11_miel_006.wav","Unity/Client/Assets/_Project/Audio/Voice/Story/Main11/main11_miel_006.wav","2.39","-19.07550862","-2.95144857","57360","24000","1","16","7b4d4f215d8d2dbb4b7dfdf472484be9944ea625e55d7e34bb0b110b42865b32","93ba8f33cfc7069956593357faa565e2f3b693817374494e621a4d4f88342509","Assets/_Project/Audio/Voice/Story/Main11/main11_miel_006.wav","c4d9cff4a71832442b563acbda4a631e","companion_miel","c4d9cff4a71832442b563acbda4a631e","1","1","12","0.19916667","0.219375","NEEDS_LISTENING","False","False","False","False","LOW","SEMANTIC_LISTENING_PRIORITY_LOW","0","NORMAL_METADATA_SEMANTICS_UNCONFIRMED","LISTEN_COMPARE_FULL_RUNTIME_TEXT","False","False","False","False","False","False","False","False","False","False","False",""
51,143,"LISTEN_IN_GAMEPLAY_SEQUENCE_COMPARE_FULL_TEXT","11","main_11_silent_catacomb","Dungeon_01/Dungeon_01_B2/Field_03","Lines/step10","11","4","shared","Lines/step10:4;","main11_taeon_009","companion_taeon","태온","지금 억지로 들어가는 건 위험합니다.","지금 억지로 들어가는 건 위험합니다.","Limitless_TTS_Output_PreSerin/dialogue_manifest_main01_12.csv","Limitless_TTS_Output_PreSerin","Limitless_TTS_Output_PreSerin","Gacrux","main11_taeon_009.wav","Unity/Client/Assets/_Project/Audio/Voice/Story/Main11/main11_taeon_009.wav","1.21","-54.82016666","-35.4388034","29040","24000","1","16","9bf28b3a9515091a3cf739397661189e4d79a6be772b65cadc9935862d603d9b","54501e08590774d542078d6217cf9901afd8218dbcb30e9865e5f2d1354eda5b","Assets/_Project/Audio/Voice/Story/Main11/main11_taeon_009.wav","03e3127a965296c43a9d250a35e08578","companion_taeon","03e3127a965296c43a9d250a35e08578","1","1","15","0.08066667","0.221875","NEEDS_LISTENING","False","False","False","False","HIGH","SEMANTIC_LISTENING_PRIORITY_HIGH","80","LOW_RMS_BELOW_MINUS45_DBFS","LISTEN_COMPARE_FULL_RUNTIME_TEXT","False","False","False","False","False","True","False","False","False","False","False",""
52,144,"LISTEN_IN_GAMEPLAY_SEQUENCE_COMPARE_FULL_TEXT","11","main_11_silent_catacomb","Dungeon_01/Dungeon_01_B2/Field_03","Lines/step10","11","5","shared","Lines/step10:5;","main11_paul_010","companion_paul","폴","동의합니다. 무너진 지하에서 길을 개척하는 취미는 없거든요.","동의합니다. 무너진 지하에서 길을 개척하는 취미는 없거든요.","Limitless_TTS_Output_PreSerin/dialogue_manifest_main01_12.csv","Limitless_TTS_Output_PreSerin","Limitless_TTS_Output_PreSerin","Achird","main11_paul_010.wav","Unity/Client/Assets/_Project/Audio/Voice/Story/Main11/main11_paul_010.wav","4.6","-21.00851126","-2.74213103","110400","24000","1","16","f7be831f9d01ab67b42b9c58d1545da647d5b774d466b63c9a76522f84bf2ecb","63828933b6f586da7d7522e4f62c8b0980a3c092dd14a95a113309fbb6ca8f04","Assets/_Project/Audio/Voice/Story/Main11/main11_paul_010.wav","65e4785eb7ea4ed4fab73dbcb7ef7a9d","companion_paul","65e4785eb7ea4ed4fab73dbcb7ef7a9d","2","1","25","0.184","0.2308","NEEDS_LISTENING","False","False","False","False","LOW","SEMANTIC_LISTENING_PRIORITY_LOW","0","NORMAL_METADATA_SEMANTICS_UNCONFIRMED","LISTEN_COMPARE_FULL_RUNTIME_TEXT","False","False","False","False","False","False","False","False","False","False","False",""
53,145,"LISTEN_IN_GAMEPLAY_SEQUENCE_COMPARE_FULL_TEXT","11","main_11_silent_catacomb","Dungeon_01/Dungeon_01_B2/Field_03","Lines/step11","12","1","shared","Lines/step11:1;","main11_paul_011","companion_paul","폴","석판은 대부분 부서졌습니다. 글자를 읽기는 어렵겠네요.","석판은 대부분 부서졌습니다. 글자를 읽기는 어렵겠네요.","Limitless_TTS_Output_PreSerin/dialogue_manifest_main01_12.csv","Limitless_TTS_Output_PreSerin","Limitless_TTS_Output_PreSerin","Achird","main11_paul_011.wav","Unity/Client/Assets/_Project/Audio/Voice/Story/Main11/main11_paul_011.wav","5.8","-22.17547042","-3.55422435","139200","24000","1","16","29b529f7404146511942a0a2442edb8d51877f3fd2bc24b7443fbe18deed9ef5","5c6087f09e7379daa90590774601237abfb1c89b0f14bd4de39e9ce0929318dd","Assets/_Project/Audio/Voice/Story/Main11/main11_paul_011.wav","659db3d1704a78040adacf51dff8816d","companion_paul","659db3d1704a78040adacf51dff8816d","2","1","23","0.25217391","0.2308","NEEDS_LISTENING","False","False","False","False","LOW","SEMANTIC_LISTENING_PRIORITY_LOW","0","NORMAL_METADATA_SEMANTICS_UNCONFIRMED","LISTEN_COMPARE_FULL_RUNTIME_TEXT","False","False","False","False","False","False","False","False","False","False","False",""
54,146,"LISTEN_IN_GAMEPLAY_SEQUENCE_COMPARE_FULL_TEXT","11","main_11_silent_catacomb","Dungeon_01/Dungeon_01_B2/Field_03","Lines/step11","12","2","shared","Lines/step11:2;","main11_miel_007","companion_miel","미엘","밖에서 알아볼 수 있는 사람이 있을지도 몰라요.","밖에서 알아볼 수 있는 사람이 있을지도 몰라요.","Limitless_TTS_Output_PreSerin/dialogue_manifest_main01_12.csv","Limitless_TTS_Output_PreSerin","Limitless_TTS_Output_PreSerin","Sulafat","main11_miel_007.wav","Unity/Client/Assets/_Project/Audio/Voice/Story/Main11/main11_miel_007.wav","3.01","-19.22202174","-3.08804794","72240","24000","1","16","88a2c450f573cb7d8ed0243e920501ccbdbbab851cc0c47219a6e138c98fa9a0","627e213de98636de77dd466d81b340fbcb742d26dbb146bd9b8dca74196658f5","Assets/_Project/Audio/Voice/Story/Main11/main11_miel_007.wav","d377c8382a9e491489df67886c4c0cdf","companion_miel","d377c8382a9e491489df67886c4c0cdf","1","1","19","0.15842105","0.219375","NEEDS_LISTENING","False","False","False","False","LOW","SEMANTIC_LISTENING_PRIORITY_LOW","0","NORMAL_METADATA_SEMANTICS_UNCONFIRMED","LISTEN_COMPARE_FULL_RUNTIME_TEXT","False","False","False","False","False","False","False","False","False","False","False",""
55,147,"LISTEN_IN_GAMEPLAY_SEQUENCE_COMPARE_FULL_TEXT","11","main_11_silent_catacomb","Dungeon_01/Dungeon_01_B2/Field_03","Lines/step11","12","3","shared","Lines/step11:3;","main11_taeon_010","companion_taeon","태온","지하묘지에서 본 것과 같은 문양입니다. 가져가는 편이 좋겠습니다.","지하묘지에서 본 것과 같은 문양입니다. 가져가는 편이 좋겠습니다.","Limitless_TTS_Output_PreSerin/dialogue_manifest_main01_12.csv","Limitless_TTS_Output_PreSerin","Limitless_TTS_Output_PreSerin","Gacrux","main11_taeon_010.wav","Unity/Client/Assets/_Project/Audio/Voice/Story/Main11/main11_taeon_010.wav","1.51","-49.65707302","-32.77309918","36240","24000","1","16","6b727309e49a1225cde0a410bfe6cf0033843abe0406043212ac03dbbdac16ae","dc02fd110be25c03162ff6353c74c8224098ab1e9989228ae7e4466da0023f01","Assets/_Project/Audio/Voice/Story/Main11/main11_taeon_010.wav","5d097a42fb0b84743bd0e2d129aaebd7","companion_taeon","5d097a42fb0b84743bd0e2d129aaebd7","2","1","27","0.05592593","0.221875","NEEDS_LISTENING","False","False","False","False","HIGH","SEMANTIC_LISTENING_PRIORITY_HIGH","220","LOW_RMS_BELOW_MINUS45_DBFS;EXTREME_SHORT_TEXT_DURATION_RATIO;MULTI_SENTENCE_SHORT_AUDIO","LISTEN_COMPARE_FULL_RUNTIME_TEXT","False","False","False","False","False","True","True","True","False","False","False",""
56,30,"LISTEN_IN_GAMEPLAY_SEQUENCE_COMPARE_FULL_TEXT","7","main_07_deep_tracks","Field_02","PaulFirst","3","1","shared","PaulFirst:1;","main07_paul_001","companion_paul","폴","아, 사람이다. 반갑습니다. 진짜로요.","아, 사람이다. 반갑습니다. 진짜로요.","Limitless_TTS_Output_PreSerin/dialogue_manifest_main01_12.csv","Limitless_TTS_Output_PreSerin","Limitless_TTS_Output_PreSerin","Achird","main07_paul_001.wav","Unity/Client/Assets/_Project/Audio/Voice/Story/Main07/main07_paul_001.wav","13.37","-22.14089187","-2.99138033","320880","24000","1","16","26fd1024cb43e58293ec1696a8fbb1f91bbd3c5e5d429f8303855c6ea47ca419","ee670a83e41704b8a8a78097cd782ca08204b5687261159d1cbc36b92782bb6a","Assets/_Project/Audio/Voice/Story/Main07/main07_paul_001.wav","ae760c51527b2874392792d31a8c98c3","companion_paul","ae760c51527b2874392792d31a8c98c3","3","1","14","0.955","0.2308","NEEDS_LISTENING","False","False","False","False","MEDIUM","SEMANTIC_LISTENING_PRIORITY_MEDIUM","45","LONG_MULTI_SENTENCE_OR_3_LINES;IMPORTANT_STORY_UNLISTENED","LISTEN_COMPARE_FULL_RUNTIME_TEXT","False","False","False","False","False","False","False","False","False","False","False",""
57,31,"LISTEN_IN_GAMEPLAY_SEQUENCE_COMPARE_FULL_TEXT","7","main_07_deep_tracks","Field_02","PaulFirst","3","2","shared","PaulFirst:2;","main07_paul_002","companion_paul","폴","원래 계획은 저 진흙을 피해 가는 거였는데요.","원래 계획은 저 진흙을 피해 가는 거였는데요.","Limitless_TTS_Output_PreSerin/dialogue_manifest_main01_12.csv","Limitless_TTS_Output_PreSerin","Limitless_TTS_Output_PreSerin","Achird","main07_paul_002.wav","Unity/Client/Assets/_Project/Audio/Voice/Story/Main07/main07_paul_002.wav","9.99","-22.55612619","-2.86549298","239760","24000","1","16","7b812ec8925feed98e5c0a348b97d790418d7d945dd9b23b33b1c11515aee26b","eaa9ba722e3cde1930533741f964af3368233550e620ab949101f25c44b86360","Assets/_Project/Audio/Voice/Story/Main07/main07_paul_002.wav","465a78bdf7df06e428660ebcd0bd10b4","companion_paul","465a78bdf7df06e428660ebcd0bd10b4","1","1","18","0.555","0.2308","NEEDS_LISTENING","False","False","False","False","MEDIUM","SEMANTIC_LISTENING_PRIORITY_MEDIUM","20","IMPORTANT_STORY_UNLISTENED","LISTEN_COMPARE_FULL_RUNTIME_TEXT","False","False","False","False","False","False","False","False","False","False","False",""
58,32,"LISTEN_IN_GAMEPLAY_SEQUENCE_COMPARE_FULL_TEXT","7","main_07_deep_tracks","Field_02","PaulFirst","3","3","shared","PaulFirst:3;","main07_paul_003","companion_paul","폴","보시다시피 계획이 아주 성공적입니다.","보시다시피 계획이 아주 성공적입니다.","Limitless_TTS_Output_PreSerin/dialogue_manifest_main01_12.csv","Limitless_TTS_Output_PreSerin","Limitless_TTS_Output_PreSerin","Achird","main07_paul_003.wav","Unity/Client/Assets/_Project/Audio/Voice/Story/Main07/main07_paul_003.wav","8.57","-20.2886057","-3.80772083","205680","24000","1","16","c964417901f130d40ba0b5afed07fb2a515fcd4a20e06dca789ae6a6908d7e52","e8ce3f26b1644009ea131388b7ac3dd7c5f3867de776a413ef51b74e8dd4358c","Assets/_Project/Audio/Voice/Story/Main07/main07_paul_003.wav","aa364d8a0afde9944bbc9fcfa837a375","companion_paul","aa364d8a0afde9944bbc9fcfa837a375","1","1","16","0.535625","0.2308","NEEDS_LISTENING","False","False","False","False","MEDIUM","SEMANTIC_LISTENING_PRIORITY_MEDIUM","20","IMPORTANT_STORY_UNLISTENED","LISTEN_COMPARE_FULL_RUNTIME_TEXT","False","False","False","False","False","False","False","False","False","False","False",""
59,33,"LISTEN_IN_GAMEPLAY_SEQUENCE_COMPARE_FULL_TEXT","7","main_07_deep_tracks","Field_02","PaulFirst","3","4","shared","PaulFirst:4;","main07_taeon_001","companion_taeon","태온","바퀴가 빠지셨는데요.","바퀴가 빠지셨는데요.","Limitless_TTS_Output_PreSerin/dialogue_manifest_main01_12.csv","Limitless_TTS_Output_PreSerin","Limitless_TTS_Output_PreSerin","Gacrux","main07_taeon_001.wav","Unity/Client/Assets/_Project/Audio/Voice/Story/Main07/main07_taeon_001.wav","2.87","-22.45758097","-1.88877264","68880","24000","1","16","bcc66ea1ffabffed7be250b02b000b4d9c4c154dacec91bb11a368a72ee615f3","89bcb00b471e5b238d739f42bc4d393af31b11de8fb4b18908372539ee6b1f32","Assets/_Project/Audio/Voice/Story/Main07/main07_taeon_001.wav","019ec55bf2ae18f47b4338fbcca21d9e","companion_taeon","019ec55bf2ae18f47b4338fbcca21d9e","1","1","9","0.31888889","0.221875","NEEDS_LISTENING","False","False","False","False","MEDIUM","SEMANTIC_LISTENING_PRIORITY_MEDIUM","20","IMPORTANT_STORY_UNLISTENED","LISTEN_COMPARE_FULL_RUNTIME_TEXT","False","False","False","False","False","False","False","False","False","False","False",""
60,34,"LISTEN_IN_GAMEPLAY_SEQUENCE_COMPARE_FULL_TEXT","7","main_07_deep_tracks","Field_02","PaulFirst","3","5","shared","PaulFirst:5;","main07_paul_004","companion_paul","폴","네, 그러게요. 그것도 아주 깊~게요...;;","네, 그러게요. 그것도 아주 깊~게요...;;","Limitless_TTS_Output_PreSerin/dialogue_manifest_main01_12.csv","Limitless_TTS_Output_PreSerin","Limitless_TTS_Output_PreSerin","Achird","main07_paul_004.wav","Unity/Client/Assets/_Project/Audio/Voice/Story/Main07/main07_paul_004.wav","1.82","-26.98990914","-10.57625079","43680","24000","1","16","2972df0a23afbd18e69e3db46f80d12a94775f5fa68965ba13f7099acebdec83","2b9255077135d41d702772b421d92ec155d3eedc6d0205dcf829d2d294acba8d","Assets/_Project/Audio/Voice/Story/Main07/main07_paul_004.wav","c1d2b6009c9435443983af38cca5d397","companion_paul","c1d2b6009c9435443983af38cca5d397","2","1","13","0.14","0.2308","NEEDS_LISTENING","False","False","False","False","HIGH","SEMANTIC_LISTENING_PRIORITY_HIGH","90","MULTI_SENTENCE_SHORT_AUDIO;IMPORTANT_STORY_UNLISTENED","LISTEN_COMPARE_FULL_RUNTIME_TEXT","False","False","False","False","False","False","False","True","False","False","False",""
61,35,"LISTEN_IN_GAMEPLAY_SEQUENCE_COMPARE_FULL_TEXT","7","main_07_deep_tracks","Field_02","PaulFirst","3","6","shared","PaulFirst:6;","main07_paul_005","companion_paul","폴","하여튼 바로 잡아당기시면 안 됩니다. 그러면 앞바퀴까지 빠질 거예요.","하여튼 바로 잡아당기시면 안 됩니다. 그러면 앞바퀴까지 빠질 거예요.","Limitless_TTS_Output_PreSerin/dialogue_manifest_main01_12.csv","Limitless_TTS_Output_PreSerin","Limitless_TTS_Output_PreSerin","Achird","main07_paul_005.wav","Unity/Client/Assets/_Project/Audio/Voice/Story/Main07/main07_paul_005.wav","3.04","-22.32487915","-3.85056131","72960","24000","1","16","1e9df759b7d12710eed576fd89b72e79f78b7c8d841aa3dbe2008637dea6038f","bd270fe81855af8f524dc5a4157cdded51446256eeb73ccf9ae6483219a528ec","Assets/_Project/Audio/Voice/Story/Main07/main07_paul_005.wav","746c3d61861988b45946d6b43c16ae03","companion_paul","746c3d61861988b45946d6b43c16ae03","2","1","28","0.10857143","0.2308","NEEDS_LISTENING","False","False","False","False","HIGH","SEMANTIC_LISTENING_PRIORITY_HIGH","90","SAME_SPEAKER_NEARBY_OUTLIER;IMPORTANT_STORY_UNLISTENED","LISTEN_COMPARE_FULL_RUNTIME_TEXT","False","False","False","False","False","False","False","False","True","False","False",""
62,36,"LISTEN_IN_GAMEPLAY_SEQUENCE_COMPARE_FULL_TEXT","7","main_07_deep_tracks","Field_02","PaulFirst","3","7","shared","PaulFirst:7;","main07_paul_006","companion_paul","폴","저쪽에 넓은 돌 보이시죠? 그걸 오른쪽 바퀴 뒤에 받쳐주시고요.","저쪽에 넓은 돌 보이시죠? 그걸 오른쪽 바퀴 뒤에 받쳐주시고요.","Limitless_TTS_Output_PreSerin/dialogue_manifest_main01_12.csv","Limitless_TTS_Output_PreSerin","Limitless_TTS_Output_PreSerin","Achird","main07_paul_006.wav","Unity/Client/Assets/_Project/Audio/Voice/Story/Main07/main07_paul_006.wav","5.77","-20.62469771","-1.42185619","138480","24000","1","16","d5c1ce559ff78701a01a35fdb3a03d637e0a2d12aafbfb5a5dbc963dbf0b30e4","571bfcce33625fdf6635ec2b4ccdbb6165fdb4a52095889161d5f412272531f4","Assets/_Project/Audio/Voice/Story/Main07/main07_paul_006.wav","aa437c5f964a66e4392bbfb095fae49d","companion_paul","aa437c5f964a66e4392bbfb095fae49d","2","1","25","0.2308","0.2308","NEEDS_LISTENING","False","False","False","False","MEDIUM","SEMANTIC_LISTENING_PRIORITY_MEDIUM","20","IMPORTANT_STORY_UNLISTENED","LISTEN_COMPARE_FULL_RUNTIME_TEXT","False","False","False","False","False","False","False","False","False","False","False",""
63,37,"LISTEN_IN_GAMEPLAY_SEQUENCE_COMPARE_FULL_TEXT","7","main_07_deep_tracks","Field_02","PaulFirst","3","8","shared","PaulFirst:8;","main07_paul_007","companion_paul","폴","제가 바퀴를 돌릴 때 같이 밀면 될 것 같습니다.","제가 바퀴를 돌릴 때 같이 밀면 될 것 같습니다.","Limitless_TTS_Output_PreSerin/dialogue_manifest_main01_12.csv","Limitless_TTS_Output_PreSerin","Limitless_TTS_Output_PreSerin","Achird","main07_paul_007.wav","Unity/Client/Assets/_Project/Audio/Voice/Story/Main07/main07_paul_007.wav","3.54","-27.81515458","-7.77792914","84960","24000","1","16","720a93f42c0c1b8b84de7d5e0b7a94cbca527eaacd41e964b959e3d4351f21ee","d641db8a57d7111ee1456e6fe5f2ff359eba083b1571e9408bafcbb3bd73bd7e","Assets/_Project/Audio/Voice/Story/Main07/main07_paul_007.wav","25430c83d6a98a74dbb0dbd52114f940","companion_paul","25430c83d6a98a74dbb0dbd52114f940","1","1","18","0.19666667","0.2308","NEEDS_LISTENING","False","False","False","False","MEDIUM","SEMANTIC_LISTENING_PRIORITY_MEDIUM","20","IMPORTANT_STORY_UNLISTENED","LISTEN_COMPARE_FULL_RUNTIME_TEXT","False","False","False","False","False","False","False","False","False","False","False",""
64,38,"LISTEN_IN_GAMEPLAY_SEQUENCE_COMPARE_FULL_TEXT","7","main_07_deep_tracks","Field_02","PaulFirst","3","9","shared","PaulFirst:9;","main07_taeon_002","companion_taeon","태온","옵니다.","옵니다.","Limitless_TTS_Output_PreSerin/dialogue_manifest_main01_12.csv","Limitless_TTS_Output_PreSerin","Limitless_TTS_Output_PreSerin","Gacrux","main07_taeon_002.wav","Unity/Client/Assets/_Project/Audio/Voice/Story/Main07/main07_taeon_002.wav","1.83","-25.60883843","-6.77907047","43920","24000","1","16","11a67dc0c66cf7d8daf0df321d1703d98ac764b78a53c533e3fd19dc40feec84","b36f97a000852ed84ff6b26552735d61ac52271d9d4c20ddcc2c2b80e9940866","Assets/_Project/Audio/Voice/Story/Main07/main07_taeon_002.wav","e923b87362d34ac439ea54bb38032d02","companion_taeon","e923b87362d34ac439ea54bb38032d02","1","1","3","0.61","0.221875","NEEDS_LISTENING","False","False","False","False","MEDIUM","SEMANTIC_LISTENING_PRIORITY_MEDIUM","20","IMPORTANT_STORY_UNLISTENED","LISTEN_COMPARE_FULL_RUNTIME_TEXT","False","False","False","False","False","False","False","False","False","False","False",""
65,39,"LISTEN_IN_GAMEPLAY_SEQUENCE_COMPARE_FULL_TEXT","7","main_07_deep_tracks","Field_02","PaulFirst","3","10","shared","PaulFirst:10;","main07_paul_008","companion_paul","폴","아… 저건 계획에 없었는데요.","아… 저건 계획에 없었는데요.","Limitless_TTS_Output_PreSerin/dialogue_manifest_main01_12.csv","Limitless_TTS_Output_PreSerin","Limitless_TTS_Output_PreSerin","Achird","main07_paul_008.wav","Unity/Client/Assets/_Project/Audio/Voice/Story/Main07/main07_paul_008.wav","4.87","-21.32574008","-4.22867197","116880","24000","1","16","0ce3b3f05400451054faa92441fc73f3d808175194783df7a0ceff121f1b737e","7ccb103022762eee58d5ee9a90b9cea65fe0432758773c806e64d04f81a04cba","Assets/_Project/Audio/Voice/Story/Main07/main07_paul_008.wav","9e3aa45e111e86e418ae2ed9e37e9b7a","companion_paul","9e3aa45e111e86e418ae2ed9e37e9b7a","2","1","11","0.44272727","0.2308","NEEDS_LISTENING","False","False","False","False","MEDIUM","SEMANTIC_LISTENING_PRIORITY_MEDIUM","20","IMPORTANT_STORY_UNLISTENED","LISTEN_COMPARE_FULL_RUNTIME_TEXT","False","False","False","False","False","False","False","False","False","False","False",""
66,40,"LISTEN_IN_GAMEPLAY_SEQUENCE_COMPARE_FULL_TEXT","7","main_07_deep_tracks","Field_02","PaulFirst","3","11","shared","PaulFirst:11;","main07_paul_009","companion_paul","폴","뭐, 바퀴가 안 움직이는 거지 마법까지 안 나가는 건 아니니까요.","뭐, 바퀴가 안 움직이는 거지 마법까지 안 나가는 건 아니니까요.","Limitless_TTS_Output_PreSerin/dialogue_manifest_main01_12.csv","Limitless_TTS_Output_PreSerin","Limitless_TTS_Output_PreSerin","Achird","main07_paul_009.wav","Unity/Client/Assets/_Project/Audio/Voice/Story/Main07/main07_paul_009.wav","4.78","-20.88591518","-2.25586275","114720","24000","1","16","4e1ad9765bc4c6461ad3419d4667d2592bf1bc946ee8a8270ad3385ef50b8ba1","099176b98a79dd5b4d3fdc33735890320da12995b9eb1dabc279cd679e34269c","Assets/_Project/Audio/Voice/Story/Main07/main07_paul_009.wav","6b00df57985e04c46b59c07597c973be","companion_paul","6b00df57985e04c46b59c07597c973be","1","1","25","0.1912","0.2308","NEEDS_LISTENING","False","False","False","False","MEDIUM","SEMANTIC_LISTENING_PRIORITY_MEDIUM","20","IMPORTANT_STORY_UNLISTENED","LISTEN_COMPARE_FULL_RUNTIME_TEXT","False","False","False","False","False","False","False","False","False","False","False",""
67,41,"LISTEN_IN_GAMEPLAY_SEQUENCE_COMPARE_FULL_TEXT","7","main_07_deep_tracks","Field_02","MielMeeting","5","1","shared","MielMeeting:1;","main07_paul_010","companion_paul","폴","후우… 됐네요.","후우… 됐네요.","Limitless_TTS_Output_PreSerin/dialogue_manifest_main01_12.csv","Limitless_TTS_Output_PreSerin","Limitless_TTS_Output_PreSerin","Achird","main07_paul_010.wav","Unity/Client/Assets/_Project/Audio/Voice/Story/Main07/main07_paul_010.wav","3.19","-21.09806176","-3.38193921","76560","24000","1","16","fda41c7478b46a9cba8e73a6a3581feec019bbb68b21baa342ace8fc9c00f7b9","950334d3f9fcc66813cb6bb08dd2c21e9cd72b99fe7574d7f0d288f93325d345","Assets/_Project/Audio/Voice/Story/Main07/main07_paul_010.wav","df46e25dc123eaa4892f87539b736d3e","companion_paul","df46e25dc123eaa4892f87539b736d3e","2","1","5","0.638","0.2308","NEEDS_LISTENING","False","False","False","False","LOW","SEMANTIC_LISTENING_PRIORITY_LOW","0","NORMAL_METADATA_SEMANTICS_UNCONFIRMED","LISTEN_COMPARE_FULL_RUNTIME_TEXT","False","False","False","False","False","False","False","False","False","False","False",""
68,42,"LISTEN_IN_GAMEPLAY_SEQUENCE_COMPARE_FULL_TEXT","7","main_07_deep_tracks","Field_02","MielMeeting","5","2","shared","MielMeeting:2;","main07_paul_011","companion_paul","폴","다음에는 저 길로 안 갑니다. 경험을 했으면 계획을 수정해야죠.","다음에는 저 길로 안 갑니다. 경험을 했으면 계획을 수정해야죠.","Limitless_TTS_Output_PreSerin/dialogue_manifest_main01_12.csv","Limitless_TTS_Output_PreSerin","Limitless_TTS_Output_PreSerin","Achird","main07_paul_011.wav","Unity/Client/Assets/_Project/Audio/Voice/Story/Main07/main07_paul_011.wav","4.33","-22.18412151","-1.91814421","103920","24000","1","16","f768263835d5b1d2cfe205ce420c49c4d9a5a725b45dd53a15673801e2cae863","3d279f52d318e7f0aaf39bac9e31c6202c3ea9d578069383e198ed65454756a3","Assets/_Project/Audio/Voice/Story/Main07/main07_paul_011.wav","1d4b2233aa12c0248a42f617468b53e3","companion_paul","1d4b2233aa12c0248a42f617468b53e3","2","1","25","0.1732","0.2308","NEEDS_LISTENING","False","False","False","False","LOW","SEMANTIC_LISTENING_PRIORITY_LOW","0","NORMAL_METADATA_SEMANTICS_UNCONFIRMED","LISTEN_COMPARE_FULL_RUNTIME_TEXT","False","False","False","False","False","False","False","False","False","False","False",""
69,43,"LISTEN_IN_GAMEPLAY_SEQUENCE_COMPARE_FULL_TEXT","7","main_07_deep_tracks","Field_02","MielMeeting","5","3","shared","MielMeeting:3;","main07_paul_012","companion_paul","폴","아, 도와주셔서 감사합니다. 저는 폴이라고 합니다.","아, 도와주셔서 감사합니다. 저는 폴이라고 합니다.","Limitless_TTS_Output_PreSerin/dialogue_manifest_main01_12.csv","Limitless_TTS_Output_PreSerin","Limitless_TTS_Output_PreSerin","Achird","main07_paul_012.wav","Unity/Client/Assets/_Project/Audio/Voice/Story/Main07/main07_paul_012.wav","6.46","-21.3804274","-5.05286024","155040","24000","1","16","d5e28429f3eeac47d76c5ccea2622921574c2b2b692a8cdc42e8f570e13cd330","409fcd85441c86eb402ec3731e556fd8c5f8dcf5dc9cfba61741e53d25fb38b0","Assets/_Project/Audio/Voice/Story/Main07/main07_paul_012.wav","7f392453cf22b96408f6e3ee112171fa","companion_paul","7f392453cf22b96408f6e3ee112171fa","2","1","20","0.323","0.2308","NEEDS_LISTENING","False","False","False","False","LOW","SEMANTIC_LISTENING_PRIORITY_LOW","0","NORMAL_METADATA_SEMANTICS_UNCONFIRMED","LISTEN_COMPARE_FULL_RUNTIME_TEXT","False","False","False","False","False","False","False","False","False","False","False",""
70,44,"LISTEN_IN_GAMEPLAY_SEQUENCE_COMPARE_FULL_TEXT","7","main_07_deep_tracks","Field_02","MielMeeting","5","4","shared","MielMeeting:4;","main07_paul_013","companion_paul","폴","저도 이 숲을 좀 조사하고 있었습니다.","저도 이 숲을 좀 조사하고 있었습니다.","Limitless_TTS_Output_PreSerin/dialogue_manifest_main01_12.csv","Limitless_TTS_Output_PreSerin","Limitless_TTS_Output_PreSerin","Achird","main07_paul_013.wav","Unity/Client/Assets/_Project/Audio/Voice/Story/Main07/main07_paul_013.wav","5.21","-19.55523824","-3.6768091","125040","24000","1","16","be5c2dbed1dd12f94d35459f05bfdc8d0b7c3f773d1978e45ca1523e3b675d75","cc92eefbf5d5d20eb02dd5640c4a28bffe942ffde4cb3fc820fa1d13f1136abc","Assets/_Project/Audio/Voice/Story/Main07/main07_paul_013.wav","5c7f1d058291ef64da9197c0dc349487","companion_paul","5c7f1d058291ef64da9197c0dc349487","1","1","15","0.34733333","0.2308","NEEDS_LISTENING","False","False","False","False","LOW","SEMANTIC_LISTENING_PRIORITY_LOW","0","NORMAL_METADATA_SEMANTICS_UNCONFIRMED","LISTEN_COMPARE_FULL_RUNTIME_TEXT","False","False","False","False","False","False","False","False","False","False","False",""
71,45,"LISTEN_IN_GAMEPLAY_SEQUENCE_COMPARE_FULL_TEXT","7","main_07_deep_tracks","Field_02","MielMeeting","5","5","shared","MielMeeting:5;","main07_paul_014","companion_paul","폴","며칠 전부터 숲 안쪽의 마력 흐름이 평소랑 달라졌거든요.","며칠 전부터 숲 안쪽의 마력 흐름이 평소랑 달라졌거든요.","Limitless_TTS_Output_PreSerin/dialogue_manifest_main01_12.csv","Limitless_TTS_Output_PreSerin","Limitless_TTS_Output_PreSerin","Achird","main07_paul_014.wav","Unity/Client/Assets/_Project/Audio/Voice/Story/Main07/main07_paul_014.wav","10.53","-20.84738329","-2.41156345","252720","24000","1","16","94656e7673c3833c6f2a25f499bfc93b7c00f51d89e9723db199aa2d677664d0","0e8ba88cfe9bd38c50aa35083f7d0977cad38224a5910c31100fb0d1a607a392","Assets/_Project/Audio/Voice/Story/Main07/main07_paul_014.wav","c701ce01a216387429e15add5b74c672","companion_paul","c701ce01a216387429e15add5b74c672","1","1","23","0.45782609","0.2308","NEEDS_LISTENING","False","False","False","False","LOW","SEMANTIC_LISTENING_PRIORITY_LOW","0","NORMAL_METADATA_SEMANTICS_UNCONFIRMED","LISTEN_COMPARE_FULL_RUNTIME_TEXT","False","False","False","False","False","False","False","False","False","False","False",""
72,46,"LISTEN_IN_GAMEPLAY_SEQUENCE_COMPARE_FULL_TEXT","7","main_07_deep_tracks","Field_02","MielMeeting","5","6","shared","MielMeeting:6;","main07_paul_015","companion_paul","폴","처음에는 별일 아닌 줄 알았는데… 몬스터들 움직임까지 달라지는 걸 보고 생각이 바뀌었습니다.","처음에는 별일 아닌 줄 알았는데… 몬스터들 움직임까지 달라지는 걸 보고 생각이 바뀌었습니다.","Limitless_TTS_Output_PreSerin/dialogue_manifest_main01_12.csv","Limitless_TTS_Output_PreSerin","Limitless_TTS_Output_PreSerin","Achird","main07_paul_015.wav","Unity/Client/Assets/_Project/Audio/Voice/Story/Main07/main07_paul_015.wav","3.63","-26.20149102","-4.83786243","87120","24000","1","16","4bd9ca8c4e502f9dc4472f23108fb9dc9fa39915fedf8b5498f874adfe90912d","c7e70001283dd2e15fe8a3f30f20b149ba51569a590be1e40028f2fa65e2c3a3","Assets/_Project/Audio/Voice/Story/Main07/main07_paul_015.wav","c4f360abec138d64092e16d3d194ca6c","companion_paul","c4f360abec138d64092e16d3d194ca6c","2","1","38","0.09552632","0.2308","NEEDS_LISTENING","False","False","False","False","HIGH","SEMANTIC_LISTENING_PRIORITY_HIGH","95","SAME_SPEAKER_NEARBY_OUTLIER;LONG_MULTI_SENTENCE_OR_3_LINES","LISTEN_COMPARE_FULL_RUNTIME_TEXT","False","False","False","False","False","False","False","False","True","False","False",""
73,47,"LISTEN_IN_GAMEPLAY_SEQUENCE_COMPARE_FULL_TEXT","7","main_07_deep_tracks","Field_02","MielMeeting","5","7","shared","MielMeeting:7;","main07_taeon_003","companion_taeon","태온","저희도 같은 현상을 따라 여기까지 왔습니다.","저희도 같은 현상을 따라 여기까지 왔습니다.","Limitless_TTS_Output_PreSerin/dialogue_manifest_main01_12.csv","Limitless_TTS_Output_PreSerin","Limitless_TTS_Output_PreSerin","Gacrux","main07_taeon_003.wav","Unity/Client/Assets/_Project/Audio/Voice/Story/Main07/main07_taeon_003.wav","4.68","-19.0223053","-1.93104625","112320","24000","1","16","398a6141a93374664d8a173e2eca1366f342be912c61027ae27fb75b9675de98","9242f8ce7c906cfa2a859961275d32797302a6199114537b42c24c7e8f7b1577","Assets/_Project/Audio/Voice/Story/Main07/main07_taeon_003.wav","fff8729432b80d9498783dc9b554fc78","companion_taeon","fff8729432b80d9498783dc9b554fc78","1","1","18","0.26","0.221875","NEEDS_LISTENING","False","False","False","False","LOW","SEMANTIC_LISTENING_PRIORITY_LOW","0","NORMAL_METADATA_SEMANTICS_UNCONFIRMED","LISTEN_COMPARE_FULL_RUNTIME_TEXT","False","False","False","False","False","False","False","False","False","False","False",""
74,48,"LISTEN_IN_GAMEPLAY_SEQUENCE_COMPARE_FULL_TEXT","7","main_07_deep_tracks","Field_02","MielMeeting","5","8","shared","MielMeeting:8;","main07_paul_016","companion_paul","폴","그러면 제가 진흙에 빠진 건 몰라도, 방향은 제대로 잡은 것 같네요.","그러면 제가 진흙에 빠진 건 몰라도, 방향은 제대로 잡은 것 같네요.","Limitless_TTS_Output_PreSerin/dialogue_manifest_main01_12.csv","Limitless_TTS_Output_PreSerin","Limitless_TTS_Output_PreSerin","Achird","main07_paul_016.wav","Unity/Client/Assets/_Project/Audio/Voice/Story/Main07/main07_paul_016.wav","8.6","-20.97898349","-3.06689231","206400","24000","1","16","9179175ad2391f3bef5bf37532ee6658199d32f216f3b9060602539d3bb387df","4f4bddbdb630720d8ab42bad917598a4fcef97d9bab298dd78136d89ed12b039","Assets/_Project/Audio/Voice/Story/Main07/main07_paul_016.wav","c5c78260f2d37a4498e5f50d5b8f5dcf","companion_paul","c5c78260f2d37a4498e5f50d5b8f5dcf","1","1","26","0.33076923","0.2308","NEEDS_LISTENING","False","False","False","False","LOW","SEMANTIC_LISTENING_PRIORITY_LOW","0","NORMAL_METADATA_SEMANTICS_UNCONFIRMED","LISTEN_COMPARE_FULL_RUNTIME_TEXT","False","False","False","False","False","False","False","False","False","False","False",""
75,49,"LISTEN_IN_GAMEPLAY_SEQUENCE_COMPARE_FULL_TEXT","7","main_07_deep_tracks","Field_02","MielMeeting","5","9","shared","MielMeeting:9;","main07_miel_001","companion_miel","미엘","돌아오셨네요. 그리고… 처음 보는 분도 계시네요.","돌아오셨네요. 그리고… 처음 보는 분도 계시네요.","Limitless_TTS_Output_PreSerin/dialogue_manifest_main01_12.csv","Limitless_TTS_Output_PreSerin","Limitless_TTS_Output_PreSerin","Sulafat","main07_miel_001.wav","Unity/Client/Assets/_Project/Audio/Voice/Story/Main07/main07_miel_001.wav","3.77","-26.51888197","-6.37331994","90480","24000","1","16","2b877e01e79526d4dc1601849bd306513e17c45d68737897c45e56a7f554bbdd","ad91316e8d496b65f5b2050b5b57c811d64881106e00d8a88301fae4bdb87469","Assets/_Project/Audio/Voice/Story/Main07/main07_miel_001.wav","a56b72f6e14e7c84583ebab9ada99dad","companion_miel","a56b72f6e14e7c84583ebab9ada99dad","3","1","19","0.19842105","0.219375","NEEDS_LISTENING","False","False","False","False","MEDIUM","SEMANTIC_LISTENING_PRIORITY_MEDIUM","25","LONG_MULTI_SENTENCE_OR_3_LINES","LISTEN_COMPARE_FULL_RUNTIME_TEXT","False","False","False","False","False","False","False","False","False","False","False",""
76,50,"LISTEN_IN_GAMEPLAY_SEQUENCE_COMPARE_FULL_TEXT","7","main_07_deep_tracks","Field_02","MielMeeting","5","10","shared","MielMeeting:10;","main07_paul_017","companion_paul","폴","폴이라고 합니다.","폴이라고 합니다.","Limitless_TTS_Output_PreSerin/dialogue_manifest_main01_12.csv","Limitless_TTS_Output_PreSerin","Limitless_TTS_Output_PreSerin","Achird","main07_paul_017.wav","Unity/Client/Assets/_Project/Audio/Voice/Story/Main07/main07_paul_017.wav","11.2","-20.48870676","-2.08704739","268800","24000","1","16","826794955d1db851ffc893f0a2f63cbc4185df46eb4db21eed1c60d03a7c85c0","72ace3d0e05d6bd24168103cdaa71d37841781317008e471654b564715752836","Assets/_Project/Audio/Voice/Story/Main07/main07_paul_017.wav","f1bbf50035c949f419d0ef4bc8abd67e","companion_paul","f1bbf50035c949f419d0ef4bc8abd67e","1","1","7","1.6","0.2308","NEEDS_LISTENING","False","False","False","False","LOW","SEMANTIC_LISTENING_PRIORITY_LOW","0","NORMAL_METADATA_SEMANTICS_UNCONFIRMED","LISTEN_COMPARE_FULL_RUNTIME_TEXT","False","False","False","False","False","False","False","False","False","False","False",""
77,51,"LISTEN_IN_GAMEPLAY_SEQUENCE_COMPARE_FULL_TEXT","7","main_07_deep_tracks","Field_02","MielMeeting","5","11","shared","MielMeeting:11;","main07_paul_018","companion_paul","폴","원래는 조금 더 멀쩡한 모습으로 처음 뵐 예정이었는데요. 그늘숲이 협조를 안 해주더라고요.","원래는 조금 더 멀쩡한 모습으로 처음 뵐 예정이었는데요. 그늘숲이 협조를 안 해주더라고요.","Limitless_TTS_Output_PreSerin/dialogue_manifest_main01_12.csv","Limitless_TTS_Output_PreSerin","Limitless_TTS_Output_PreSerin","Achird","main07_paul_018.wav","Unity/Client/Assets/_Project/Audio/Voice/Story/Main07/main07_paul_018.wav","4.16","-25.84965388","-4.70335137","99840","24000","1","16","d7c8de4ee696ce4129e023aa776901b3419e69ac70dbff4e477c55f8c025c2b4","1b913dc41266ba7688b586fefaf392edb994355cb807dcb3a32cb7079e5477ae","Assets/_Project/Audio/Voice/Story/Main07/main07_paul_018.wav","dbb0d5404e0e03146acee455acbed2c6","companion_paul","dbb0d5404e0e03146acee455acbed2c6","2","1","37","0.11243243","0.2308","NEEDS_LISTENING","False","False","False","False","HIGH","SEMANTIC_LISTENING_PRIORITY_HIGH","95","SAME_SPEAKER_NEARBY_OUTLIER;LONG_MULTI_SENTENCE_OR_3_LINES","LISTEN_COMPARE_FULL_RUNTIME_TEXT","False","False","False","False","False","False","False","False","True","False","False",""
78,52,"LISTEN_IN_GAMEPLAY_SEQUENCE_COMPARE_FULL_TEXT","7","main_07_deep_tracks","Field_02","MielMeeting","5","12","shared","MielMeeting:12;","main07_miel_002","companion_miel","미엘","혹시 다치신 곳은 없으세요?","혹시 다치신 곳은 없으세요?","Limitless_TTS_Output_PreSerin/dialogue_manifest_main01_12.csv","Limitless_TTS_Output_PreSerin","Limitless_TTS_Output_PreSerin","Sulafat","main07_miel_002.wav","Unity/Client/Assets/_Project/Audio/Voice/Story/Main07/main07_miel_002.wav","3.17","-20.18952526","-5.9925476","76080","24000","1","16","650d978a25f763247587825ccb50330be8a6d0ce7f753cadd3e3489fc7d4ca19","9dc4dbfdf110e45226737e9f9d74a6cc49e35407cf1dd9c7e18a6a135df69cfa","Assets/_Project/Audio/Voice/Story/Main07/main07_miel_002.wav","abfb7e0cc89b7894ba5a4706061f8961","companion_miel","abfb7e0cc89b7894ba5a4706061f8961","1","1","11","0.28818182","0.219375","NEEDS_LISTENING","False","False","False","False","LOW","SEMANTIC_LISTENING_PRIORITY_LOW","0","NORMAL_METADATA_SEMANTICS_UNCONFIRMED","LISTEN_COMPARE_FULL_RUNTIME_TEXT","False","False","False","False","False","False","False","False","False","False","False",""
79,53,"LISTEN_IN_GAMEPLAY_SEQUENCE_COMPARE_FULL_TEXT","7","main_07_deep_tracks","Field_02","MielMeeting","5","13","shared","MielMeeting:13;","main07_paul_019","companion_paul","폴","저는 괜찮습니다. 저분부터 봐주세요.","저는 괜찮습니다. 저분부터 봐주세요.","Limitless_TTS_Output_PreSerin/dialogue_manifest_main01_12.csv","Limitless_TTS_Output_PreSerin","Limitless_TTS_Output_PreSerin","Achird","main07_paul_019.wav","Unity/Client/Assets/_Project/Audio/Voice/Story/Main07/main07_paul_019.wav","4.93","-20.78151208","-1.2711218","118320","24000","1","16","d1ea18201df3d0ee754ff82b7392f7902f1a9b91abc90e61b8c9253f92330f5f","9aaaad6014f918b673a51f3a453149f30e15d3da8985080c9950c4fcca4e39ec","Assets/_Project/Audio/Voice/Story/Main07/main07_paul_019.wav","790b2b3f8f3c31d4688eb081522b845b","companion_paul","790b2b3f8f3c31d4688eb081522b845b","2","1","15","0.32866667","0.2308","NEEDS_LISTENING","False","False","False","False","LOW","SEMANTIC_LISTENING_PRIORITY_LOW","0","NORMAL_METADATA_SEMANTICS_UNCONFIRMED","LISTEN_COMPARE_FULL_RUNTIME_TEXT","False","False","False","False","False","False","False","False","False","False","False",""
80,54,"LISTEN_IN_GAMEPLAY_SEQUENCE_COMPARE_FULL_TEXT","7","main_07_deep_tracks","Field_02","MielMeeting","5","14","shared","MielMeeting:14;","main07_miel_003","companion_miel","미엘","저분은 이제 괜찮으세요. 그러니까 폴 씨도 확인해야죠.","저분은 이제 괜찮으세요. 그러니까 폴 씨도 확인해야죠.","Limitless_TTS_Output_PreSerin/dialogue_manifest_main01_12.csv","Limitless_TTS_Output_PreSerin","Limitless_TTS_Output_PreSerin","Sulafat","main07_miel_003.wav","Unity/Client/Assets/_Project/Audio/Voice/Story/Main07/main07_miel_003.wav","3.63","-19.97607083","-1.77096944","87120","24000","1","16","bab8ef8c29e18b80bab43e8d9ac73279ae5e1dacd19dbd629afbc45a94cd332c","2027f5348f1937e7fb194db6c1d617830c61318d45a6ca9cc09bf2299f4de86e","Assets/_Project/Audio/Voice/Story/Main07/main07_miel_003.wav","1968fc1aee1bc1142b0672270ebfe16f","companion_miel","1968fc1aee1bc1142b0672270ebfe16f","2","1","22","0.165","0.219375","NEEDS_LISTENING","False","False","False","False","LOW","SEMANTIC_LISTENING_PRIORITY_LOW","0","NORMAL_METADATA_SEMANTICS_UNCONFIRMED","LISTEN_COMPARE_FULL_RUNTIME_TEXT","False","False","False","False","False","False","False","False","False","False","False",""
81,55,"LISTEN_IN_GAMEPLAY_SEQUENCE_COMPARE_FULL_TEXT","7","main_07_deep_tracks","Field_02","MielMeeting","5","15","shared","MielMeeting:15;","main07_paul_020","companion_paul","폴","…아, 순서가 벌써 제 차례인가요?","…아, 순서가 벌써 제 차례인가요?","Limitless_TTS_Output_PreSerin/dialogue_manifest_main01_12.csv","Limitless_TTS_Output_PreSerin","Limitless_TTS_Output_PreSerin","Achird","main07_paul_020.wav","Unity/Client/Assets/_Project/Audio/Voice/Story/Main07/main07_paul_020.wav","2.67","-29.00257539","-13.58884952","64080","24000","1","16","292810c578f97306638d12695709bf1ded6a1443cbe5d4b1091e7b709e860995","d663bcf7cf4a6c8d161fb2a25ec3fe601b140d274ecc9c44d9d54fb0e299ea60","Assets/_Project/Audio/Voice/Story/Main07/main07_paul_020.wav","06d2e22f01fe436429a2b6edb3cfc0ca","companion_paul","06d2e22f01fe436429a2b6edb3cfc0ca","1","1","12","0.2225","0.2308","NEEDS_LISTENING","False","False","False","False","LOW","SEMANTIC_LISTENING_PRIORITY_LOW","0","NORMAL_METADATA_SEMANTICS_UNCONFIRMED","LISTEN_COMPARE_FULL_RUNTIME_TEXT","False","False","False","False","False","False","False","False","False","False","False",""
82,56,"LISTEN_IN_GAMEPLAY_SEQUENCE_COMPARE_FULL_TEXT","8","main_08_what_they_avoid","Field_02/Field_03","Trace01","1","1","shared","Trace01:1;","main08_taeon_supp_001","companion_taeon","태온","잠깐만요.","잠깐만요.","Limitless_TTS_Output_Missing_Main01_05_08_12_v2/dialogue_manifest_missing_main01_05_08_12_v2.csv","Limitless_TTS_Output_Missing_Main01_05_08_12_v2","Limitless_TTS_Output_Missing_Main01_05_08_12_v2","Gacrux","main08_taeon_supp_001.wav","Unity/Client/Assets/_Project/Audio/Voice/Story/Main08/main08_taeon_supp_001.wav","1.53","-25.58418254","-6.24670843","36720","24000","1","16","0ca36ce3da8945db5bf7861afb52f8367d4d0fdc071e21e9eba880fbb1ccdfd6","c4405e757fe8620e9083dd91da626e42fa17c284e3eb8fc452a5bddcd8ba4bd3","Assets/_Project/Audio/Voice/Story/Main08/main08_taeon_supp_001.wav","746aeb0f63566a3438b794c12a1136c2","companion_taeon","746aeb0f63566a3438b794c12a1136c2","1","1","4","0.3825","0.221875","NEEDS_LISTENING","False","False","False","False","MEDIUM","SEMANTIC_LISTENING_PRIORITY_MEDIUM","20","SUPPLEMENT_PACK_UNLISTENED","LISTEN_COMPARE_FULL_RUNTIME_TEXT","False","False","False","False","False","False","False","False","False","False","False",""
83,57,"LISTEN_IN_GAMEPLAY_SEQUENCE_COMPARE_FULL_TEXT","8","main_08_what_they_avoid","Field_02/Field_03","Trace01","1","2","shared","Trace01:2;","main08_taeon_supp_002","companion_taeon","태온","여기부터 흔적이 거의 없습니다.","여기부터 흔적이 거의 없습니다.","Limitless_TTS_Output_Missing_Main01_05_08_12_v2/dialogue_manifest_missing_main01_05_08_12_v2.csv","Limitless_TTS_Output_Missing_Main01_05_08_12_v2","Limitless_TTS_Output_Missing_Main01_05_08_12_v2","Gacrux","main08_taeon_supp_002.wav","Unity/Client/Assets/_Project/Audio/Voice/Story/Main08/main08_taeon_supp_002.wav","1.03","-48.9755746","-30.57356401","24720","24000","1","16","98e396f0407f42df3283189638092ed06b64f6d23fbad073f0d6573b8f7ef3fb","4de0cd7f3577d56cb471a4cc67798ee4dbe792e951d6120648cf6ea0a2806c19","Assets/_Project/Audio/Voice/Story/Main08/main08_taeon_supp_002.wav","2a4d3f097eee283448db0015e9d526fc","companion_taeon","2a4d3f097eee283448db0015e9d526fc","1","1","13","0.07923077","0.221875","NEEDS_LISTENING","False","False","False","False","HIGH","SEMANTIC_LISTENING_PRIORITY_HIGH","170","LOW_RMS_BELOW_MINUS45_DBFS;SAME_SPEAKER_NEARBY_OUTLIER;SUPPLEMENT_PACK_UNLISTENED","LISTEN_COMPARE_FULL_RUNTIME_TEXT","False","False","False","False","False","True","False","False","True","False","False",""
84,58,"LISTEN_IN_GAMEPLAY_SEQUENCE_COMPARE_FULL_TEXT","8","main_08_what_they_avoid","Field_02/Field_03","Trace01","1","3","shared","Trace01:3;","main08_miel_supp_001","companion_miel","미엘","몬스터가 적다는 건 좋은 일 아닌가요?","몬스터가 적다는 건 좋은 일 아닌가요?","Limitless_TTS_Output_Missing_Main01_05_08_12_v2/dialogue_manifest_missing_main01_05_08_12_v2.csv","Limitless_TTS_Output_Missing_Main01_05_08_12_v2","Limitless_TTS_Output_Missing_Main01_05_08_12_v2","Sulafat","main08_miel_supp_001.wav","Unity/Client/Assets/_Project/Audio/Voice/Story/Main08/main08_miel_supp_001.wav","4.5","-19.22468106","-1.6791502","108000","24000","1","16","2b2c26ee327a47363f76c0bf86a435c8e8b3ebbb024ab959536a07ebf92ac3e2","f7ee8efe57e3114fee5a2055d3fca017dbde8c0fe0c57f6bba177a9f270b2170","Assets/_Project/Audio/Voice/Story/Main08/main08_miel_supp_001.wav","5321e58b60be75041be7c617c3bb66bc","companion_miel","5321e58b60be75041be7c617c3bb66bc","1","1","15","0.3","0.219375","NEEDS_LISTENING","False","False","False","False","MEDIUM","SEMANTIC_LISTENING_PRIORITY_MEDIUM","20","SUPPLEMENT_PACK_UNLISTENED","LISTEN_COMPARE_FULL_RUNTIME_TEXT","False","False","False","False","False","False","False","False","False","False","False",""
85,59,"LISTEN_IN_GAMEPLAY_SEQUENCE_COMPARE_FULL_TEXT","8","main_08_what_they_avoid","Field_02/Field_03","Trace02","2","1","shared","Trace02:1;","main08_taeon_supp_003","companion_taeon","태온","평소라면 그렇겠죠.","평소라면 그렇겠죠.","Limitless_TTS_Output_Missing_Main01_05_08_12_v2/dialogue_manifest_missing_main01_05_08_12_v2.csv","Limitless_TTS_Output_Missing_Main01_05_08_12_v2","Limitless_TTS_Output_Missing_Main01_05_08_12_v2","Gacrux","main08_taeon_supp_003.wav","Unity/Client/Assets/_Project/Audio/Voice/Story/Main08/main08_taeon_supp_003.wav","2.41","-25.34506861","-6.01212174","57840","24000","1","16","7075ffb191443725ecc01680d92a4cabb258d1b7f4766808b4ad6cc3bc777e2c","32aa3c749046a65a8a8bd45fed4a82c35814d199e94f83fc9ce60f6d086300c7","Assets/_Project/Audio/Voice/Story/Main08/main08_taeon_supp_003.wav","f732ffd70ce44d445b900a47e3f59950","companion_taeon","f732ffd70ce44d445b900a47e3f59950","1","1","8","0.30125","0.221875","NEEDS_LISTENING","False","False","False","False","MEDIUM","SEMANTIC_LISTENING_PRIORITY_MEDIUM","20","SUPPLEMENT_PACK_UNLISTENED","LISTEN_COMPARE_FULL_RUNTIME_TEXT","False","False","False","False","False","False","False","False","False","False","False",""
86,60,"LISTEN_IN_GAMEPLAY_SEQUENCE_COMPARE_FULL_TEXT","8","main_08_what_they_avoid","Field_02/Field_03","Trace02","2","2","shared","Trace02:2;","main08_taeon_supp_004","companion_taeon","태온","그런데 조금 전까지 이쪽으로 이어지던 흔적들이 전부 방향을 바꾸고 있습니다.","그런데 조금 전까지 이쪽으로 이어지던 흔적들이 전부 방향을 바꾸고 있습니다.","Limitless_TTS_Output_Missing_Main01_05_08_12_v2/dialogue_manifest_missing_main01_05_08_12_v2.csv","Limitless_TTS_Output_Missing_Main01_05_08_12_v2","Limitless_TTS_Output_Missing_Main01_05_08_12_v2","Gacrux","main08_taeon_supp_004.wav","Unity/Client/Assets/_Project/Audio/Voice/Story/Main08/main08_taeon_supp_004.wav","3.13","-26.59738022","-4.07519268","75120","24000","1","16","4162175dbbc3570ed5ad1531818a9bb2939263216ec6895241bcb9885f79dbce","ab47c8f629f992f7973028f2b7a36a3842b53a6fe6410c4e04060342f8c9c957","Assets/_Project/Audio/Voice/Story/Main08/main08_taeon_supp_004.wav","5722e0d49b5723f4fb2d8707e542d3fb","companion_taeon","5722e0d49b5723f4fb2d8707e542d3fb","1","1","32","0.0978125","0.221875","NEEDS_LISTENING","False","False","False","False","HIGH","SEMANTIC_LISTENING_PRIORITY_HIGH","90","SAME_SPEAKER_NEARBY_OUTLIER;SUPPLEMENT_PACK_UNLISTENED","LISTEN_COMPARE_FULL_RUNTIME_TEXT","False","False","False","False","False","False","False","False","True","False","False",""
87,61,"LISTEN_IN_GAMEPLAY_SEQUENCE_COMPARE_FULL_TEXT","8","main_08_what_they_avoid","Field_02/Field_03","Trace03","3","1","shared","Trace03:1;","main08_miel_supp_002","companion_miel","미엘","없어진 게 아니네요.","없어진 게 아니네요.","Limitless_TTS_Output_Missing_Main01_05_08_12_v2/dialogue_manifest_missing_main01_05_08_12_v2.csv","Limitless_TTS_Output_Missing_Main01_05_08_12_v2","Limitless_TTS_Output_Missing_Main01_05_08_12_v2","Sulafat","main08_miel_supp_002.wav","Unity/Client/Assets/_Project/Audio/Voice/Story/Main08/main08_miel_supp_002.wav","3.73","-18.10436268","-1.76447143","89520","24000","1","16","d06d4fc4453ebdb96a43f6847b58fe617e901fb3eb54451226bbaa4d74db34d8","28613fe92a38e8b3b8bbacc704d53a8f56d3f2fc1f752b1515b452d2aaad0c20","Assets/_Project/Audio/Voice/Story/Main08/main08_miel_supp_002.wav","3896e964af209da4196fd4c8827877cb","companion_miel","3896e964af209da4196fd4c8827877cb","1","1","8","0.46625","0.219375","NEEDS_LISTENING","False","False","False","False","MEDIUM","SEMANTIC_LISTENING_PRIORITY_MEDIUM","20","SUPPLEMENT_PACK_UNLISTENED","LISTEN_COMPARE_FULL_RUNTIME_TEXT","False","False","False","False","False","False","False","False","False","False","False",""
88,62,"LISTEN_IN_GAMEPLAY_SEQUENCE_COMPARE_FULL_TEXT","8","main_08_what_they_avoid","Field_02/Field_03","Trace03","3","2","shared","Trace03:2;","main08_miel_supp_003","companion_miel","미엘","다들 이쪽을 피해서 지나가고 있어요.","다들 이쪽을 피해서 지나가고 있어요.","Limitless_TTS_Output_Missing_Main01_05_08_12_v2/dialogue_manifest_missing_main01_05_08_12_v2.csv","Limitless_TTS_Output_Missing_Main01_05_08_12_v2","Limitless_TTS_Output_Missing_Main01_05_08_12_v2","Sulafat","main08_miel_supp_003.wav","Unity/Client/Assets/_Project/Audio/Voice/Story/Main08/main08_miel_supp_003.wav","5.12","-19.35001352","-3.32072816","122880","24000","1","16","21d143ebd34e6ec8038d9335897494d6f4bc3fc0c30c5d54cbe3e90c28e37b23","ec6f6b577dc4f6faf490def5a5890c1f9c51ea9d119e495c706a06c085e2cbcc","Assets/_Project/Audio/Voice/Story/Main08/main08_miel_supp_003.wav","f7bdf41280580d243adfc2e0497efd74","companion_miel","f7bdf41280580d243adfc2e0497efd74","1","1","15","0.34133333","0.219375","NEEDS_LISTENING","False","False","False","False","MEDIUM","SEMANTIC_LISTENING_PRIORITY_MEDIUM","20","SUPPLEMENT_PACK_UNLISTENED","LISTEN_COMPARE_FULL_RUNTIME_TEXT","False","False","False","False","False","False","False","False","False","False","False",""
89,63,"LISTEN_IN_GAMEPLAY_SEQUENCE_COMPARE_FULL_TEXT","8","main_08_what_they_avoid","Field_02/Field_03","Trace03","3","3","shared","Trace03:3;","main08_taeon_supp_005","companion_taeon","태온","초원에서는 무언가를 피해 밀려오는 것처럼 보였습니다.","초원에서는 무언가를 피해 밀려오는 것처럼 보였습니다.","Limitless_TTS_Output_Missing_Main01_05_08_12_v2/dialogue_manifest_missing_main01_05_08_12_v2.csv","Limitless_TTS_Output_Missing_Main01_05_08_12_v2","Limitless_TTS_Output_Missing_Main01_05_08_12_v2","Gacrux","main08_taeon_supp_005.wav","Unity/Client/Assets/_Project/Audio/Voice/Story/Main08/main08_taeon_supp_005.wav","6.89","-17.93363492","-1.65057447","165360","24000","1","16","195b136a6d44acd305a6a9d426841770d5f5206d38d71e2a8d15b9141c5a5779","5fb66be2e2945db7b19670205fbca99eca6a221057417f0850a539507a08d004","Assets/_Project/Audio/Voice/Story/Main08/main08_taeon_supp_005.wav","c4d82101f9b726f4fa327b135df26842","companion_taeon","c4d82101f9b726f4fa327b135df26842","1","1","23","0.29956522","0.221875","NEEDS_LISTENING","False","False","False","False","MEDIUM","SEMANTIC_LISTENING_PRIORITY_MEDIUM","20","SUPPLEMENT_PACK_UNLISTENED","LISTEN_COMPARE_FULL_RUNTIME_TEXT","False","False","False","False","False","False","False","False","False","False","False",""
90,64,"LISTEN_IN_GAMEPLAY_SEQUENCE_COMPARE_FULL_TEXT","8","main_08_what_they_avoid","Field_02/Field_03","Trace03","3","4","shared","Trace03:4;","main08_taeon_supp_006","companion_taeon","태온","여기서는 그 방향이 조금 더 분명합니다.","여기서는 그 방향이 조금 더 분명합니다.","Limitless_TTS_Output_Missing_Main01_05_08_12_v2/dialogue_manifest_missing_main01_05_08_12_v2.csv","Limitless_TTS_Output_Missing_Main01_05_08_12_v2","Limitless_TTS_Output_Missing_Main01_05_08_12_v2","Gacrux","main08_taeon_supp_006.wav","Unity/Client/Assets/_Project/Audio/Voice/Story/Main08/main08_taeon_supp_006.wav","10.53","-18.9717228","-1.72009028","252720","24000","1","16","48130cddc15f94a628f730aa3499f25852a78669bee9cb53a010b89667e927f3","9c6fec0eb9e340b531814ee781cf5ad16260c397cffbb91773fb2b59ef62e3b2","Assets/_Project/Audio/Voice/Story/Main08/main08_taeon_supp_006.wav","3bb3a7f0d6d50424da168e6df59bba5f","companion_taeon","3bb3a7f0d6d50424da168e6df59bba5f","1","1","16","0.658125","0.221875","NEEDS_LISTENING","False","False","False","False","MEDIUM","SEMANTIC_LISTENING_PRIORITY_MEDIUM","20","SUPPLEMENT_PACK_UNLISTENED","LISTEN_COMPARE_FULL_RUNTIME_TEXT","False","False","False","False","False","False","False","False","False","False","False",""
91,65,"LISTEN_IN_GAMEPLAY_SEQUENCE_COMPARE_FULL_TEXT","8","main_08_what_they_avoid","Field_02/Field_03","WheelTracks","4","1","shared","WheelTracks:1;","main08_miel_supp_004","companion_miel","미엘","이 흔적… 폴 씨 것 아닐까요?","이 흔적… 폴 씨 것 아닐까요?","Limitless_TTS_Output_Missing_Main01_05_08_12_v2/dialogue_manifest_missing_main01_05_08_12_v2.csv","Limitless_TTS_Output_Missing_Main01_05_08_12_v2","Limitless_TTS_Output_Missing_Main01_05_08_12_v2","Sulafat","main08_miel_supp_004.wav","Unity/Client/Assets/_Project/Audio/Voice/Story/Main08/main08_miel_supp_004.wav","3.39","-21.33051283","-2.62946169","81360","24000","1","16","9223c80fd0704948f45dad85ad28ad69299946a7abbd44309c615c1b02eeeba2","716083f5bf63338c4e8d090c472e07609a4bb8a3d4b965486037b7cf1169bf50","Assets/_Project/Audio/Voice/Story/Main08/main08_miel_supp_004.wav","c0bd210bcd785f141bc58ae03ff10c66","companion_miel","c0bd210bcd785f141bc58ae03ff10c66","2","1","10","0.339","0.219375","NEEDS_LISTENING","False","False","False","False","MEDIUM","SEMANTIC_LISTENING_PRIORITY_MEDIUM","20","SUPPLEMENT_PACK_UNLISTENED","LISTEN_COMPARE_FULL_RUNTIME_TEXT","False","False","False","False","False","False","False","False","False","False","False",""
92,66,"LISTEN_IN_GAMEPLAY_SEQUENCE_COMPARE_FULL_TEXT","8","main_08_what_they_avoid","Field_02/Field_03","WheelTracks","4","2","shared","WheelTracks:2;","main08_taeon_supp_007","companion_taeon","태온","폭이 같습니다. 아마 맞을 겁니다.","폭이 같습니다. 아마 맞을 겁니다.","Limitless_TTS_Output_Missing_Main01_05_08_12_v2/dialogue_manifest_missing_main01_05_08_12_v2.csv","Limitless_TTS_Output_Missing_Main01_05_08_12_v2","Limitless_TTS_Output_Missing_Main01_05_08_12_v2","Gacrux","main08_taeon_supp_007.wav","Unity/Client/Assets/_Project/Audio/Voice/Story/Main08/main08_taeon_supp_007.wav","1.22","-53.33399642","-26.00682708","29280","24000","1","16","887c95ce3b020f3755e73667254068ebed82d4f79054b52d8731b9fe69d89c4c","8c156240c67f7d5b00c1af400c487efce3fc39869c24fe3d1bba9170e33a8c0c","Assets/_Project/Audio/Voice/Story/Main08/main08_taeon_supp_007.wav","65df30964791d704185f5da97e63d77f","companion_taeon","65df30964791d704185f5da97e63d77f","2","1","13","0.09384615","0.221875","NEEDS_LISTENING","False","False","False","False","HIGH","SEMANTIC_LISTENING_PRIORITY_HIGH","240","LOW_RMS_BELOW_MINUS45_DBFS;MULTI_SENTENCE_SHORT_AUDIO;SAME_SPEAKER_NEARBY_OUTLIER;SUPPLEMENT_PACK_UNLISTENED","LISTEN_COMPARE_FULL_RUNTIME_TEXT","False","False","False","False","False","True","False","True","True","False","False",""
93,67,"LISTEN_IN_GAMEPLAY_SEQUENCE_COMPARE_FULL_TEXT","8","main_08_what_they_avoid","Field_02/Field_03","Investigation","5","1","shared","Investigation:1;","main08_taeon_supp_008","companion_taeon","태온","누군가 이곳을 조사한 흔적입니다.","누군가 이곳을 조사한 흔적입니다.","Limitless_TTS_Output_Missing_Main01_05_08_12_v2/dialogue_manifest_missing_main01_05_08_12_v2.csv","Limitless_TTS_Output_Missing_Main01_05_08_12_v2","Limitless_TTS_Output_Missing_Main01_05_08_12_v2","Gacrux","main08_taeon_supp_008.wav","Unity/Client/Assets/_Project/Audio/Voice/Story/Main08/main08_taeon_supp_008.wav","3.53","-21.70698128","-2.30100226","84720","24000","1","16","8f542e95d5ab7ff25c85fc609a2178050557e02fd3b42c7a9cec0c02ad025b81","dff1aca86b05bb920e261bb965c62d26cad026ff0ec23a3b70d8edf4893d9435","Assets/_Project/Audio/Voice/Story/Main08/main08_taeon_supp_008.wav","473fb20d4ec9e114a854b37977157706","companion_taeon","473fb20d4ec9e114a854b37977157706","1","1","14","0.25214286","0.221875","NEEDS_LISTENING","False","False","False","False","MEDIUM","SEMANTIC_LISTENING_PRIORITY_MEDIUM","20","SUPPLEMENT_PACK_UNLISTENED","LISTEN_COMPARE_FULL_RUNTIME_TEXT","False","False","False","False","False","False","False","False","False","False","False",""
94,68,"LISTEN_IN_GAMEPLAY_SEQUENCE_COMPARE_FULL_TEXT","8","main_08_what_they_avoid","Field_02/Field_03","Investigation","5","2","shared","Investigation:2;","main08_miel_supp_005","companion_miel","미엘","폴 씨일까요?","폴 씨일까요?","Limitless_TTS_Output_Missing_Main01_05_08_12_v2/dialogue_manifest_missing_main01_05_08_12_v2.csv","Limitless_TTS_Output_Missing_Main01_05_08_12_v2","Limitless_TTS_Output_Missing_Main01_05_08_12_v2","Sulafat","main08_miel_supp_005.wav","Unity/Client/Assets/_Project/Audio/Voice/Story/Main08/main08_miel_supp_005.wav","1.81","-21.03589184","-5.03201826","43440","24000","1","16","ea2024ddc35331ee4fc66a9e6e2ccf378f676c3783f2d4b090186bc03bdc5820","803dfe9cd5ea67140929eaa1009eb30dae7a0e3401b6209e2f407889814cd5b8","Assets/_Project/Audio/Voice/Story/Main08/main08_miel_supp_005.wav","c3e6a131ba9049e458f845ed4672348f","companion_miel","c3e6a131ba9049e458f845ed4672348f","1","1","5","0.362","0.219375","NEEDS_LISTENING","False","False","False","False","MEDIUM","SEMANTIC_LISTENING_PRIORITY_MEDIUM","20","SUPPLEMENT_PACK_UNLISTENED","LISTEN_COMPARE_FULL_RUNTIME_TEXT","False","False","False","False","False","False","False","False","False","False","False",""
95,69,"LISTEN_IN_GAMEPLAY_SEQUENCE_COMPARE_FULL_TEXT","8","main_08_what_they_avoid","Field_02/Field_03","DeepArea","6","1","shared","DeepArea:1;","main08_miel_supp_006","companion_miel","미엘","조용하네요.","조용하네요.","Limitless_TTS_Output_Missing_Main01_05_08_12_v2/dialogue_manifest_missing_main01_05_08_12_v2.csv","Limitless_TTS_Output_Missing_Main01_05_08_12_v2","Limitless_TTS_Output_Missing_Main01_05_08_12_v2","Sulafat","main08_miel_supp_006.wav","Unity/Client/Assets/_Project/Audio/Voice/Story/Main08/main08_miel_supp_006.wav","1.99","-17.9199051","-4.30448256","47760","24000","1","16","c3a77e89d9559a72aaa351e9d33fb1c40ed1bbf9257c3cc96c01424a5f42be07","c85837f59f8c103c652befd66f1923425fc97842302b9e24b8b58efeb6af964c","Assets/_Project/Audio/Voice/Story/Main08/main08_miel_supp_006.wav","88b75212b5a11254d8efa3f1e69a2fa8","companion_miel","88b75212b5a11254d8efa3f1e69a2fa8","1","1","5","0.398","0.219375","NEEDS_LISTENING","False","False","False","False","MEDIUM","SEMANTIC_LISTENING_PRIORITY_MEDIUM","20","SUPPLEMENT_PACK_UNLISTENED","LISTEN_COMPARE_FULL_RUNTIME_TEXT","False","False","False","False","False","False","False","False","False","False","False",""
96,70,"LISTEN_IN_GAMEPLAY_SEQUENCE_COMPARE_FULL_TEXT","8","main_08_what_they_avoid","Field_02/Field_03","DeepArea","6","2","shared","DeepArea:2;","main08_taeon_supp_009","companion_taeon","태온","너무 조용합니다.","너무 조용합니다.","Limitless_TTS_Output_Missing_Main01_05_08_12_v2/dialogue_manifest_missing_main01_05_08_12_v2.csv","Limitless_TTS_Output_Missing_Main01_05_08_12_v2","Limitless_TTS_Output_Missing_Main01_05_08_12_v2","Gacrux","main08_taeon_supp_009.wav","Unity/Client/Assets/_Project/Audio/Voice/Story/Main08/main08_taeon_supp_009.wav","4.81","-20.61258131","-3.30636522","115440","24000","1","16","cd55c634d50810bcfce041156913148c71b6461e21d2038958b9d963a0e16d16","c291bb429305c0b08fdcaade3ddcc3bce776c50b889788b0cea6f53aed6405ec","Assets/_Project/Audio/Voice/Story/Main08/main08_taeon_supp_009.wav","7c72740f224291b409fe73333e8ef4f8","companion_taeon","7c72740f224291b409fe73333e8ef4f8","1","1","7","0.68714286","0.221875","NEEDS_LISTENING","False","False","False","False","MEDIUM","SEMANTIC_LISTENING_PRIORITY_MEDIUM","20","SUPPLEMENT_PACK_UNLISTENED","LISTEN_COMPARE_FULL_RUNTIME_TEXT","False","False","False","False","False","False","False","False","False","False","False",""
97,71,"LISTEN_IN_GAMEPLAY_SEQUENCE_COMPARE_FULL_TEXT","8","main_08_what_they_avoid","Field_02/Field_03","DeepArea","6","3","shared","DeepArea:3;","main08_miel_supp_007","companion_miel","미엘","몬스터들이 여기를 피하는 이유가 있는 거겠죠?","몬스터들이 여기를 피하는 이유가 있는 거겠죠?","Limitless_TTS_Output_Missing_Main01_05_08_12_v2/dialogue_manifest_missing_main01_05_08_12_v2.csv","Limitless_TTS_Output_Missing_Main01_05_08_12_v2","Limitless_TTS_Output_Missing_Main01_05_08_12_v2","Sulafat","main08_miel_supp_007.wav","Unity/Client/Assets/_Project/Audio/Voice/Story/Main08/main08_miel_supp_007.wav","3.51","-17.46205702","-2.73268589","84240","24000","1","16","4e6125b932e12ad1d94d1111818e1d31f6f32e958a9edd0c7e9d392a8ebbbd87","d849d5b2f862de9f6eddfcbca5bc1d13364f95a389e8faf9817e30110c162aff","Assets/_Project/Audio/Voice/Story/Main08/main08_miel_supp_007.wav","9c62dffde6c33ed478eb95ac2c6f1a2e","companion_miel","9c62dffde6c33ed478eb95ac2c6f1a2e","1","1","19","0.18473684","0.219375","NEEDS_LISTENING","False","False","False","False","MEDIUM","SEMANTIC_LISTENING_PRIORITY_MEDIUM","20","SUPPLEMENT_PACK_UNLISTENED","LISTEN_COMPARE_FULL_RUNTIME_TEXT","False","False","False","False","False","False","False","False","False","False","False",""
98,72,"LISTEN_IN_GAMEPLAY_SEQUENCE_COMPARE_FULL_TEXT","8","main_08_what_they_avoid","Field_02/Field_03","DeepArea","6","4","shared","DeepArea:4;","main08_taeon_supp_010","companion_taeon","태온","그 이유가 무엇인지는 아직 모르겠습니다.","그 이유가 무엇인지는 아직 모르겠습니다.","Limitless_TTS_Output_Missing_Main01_05_08_12_v2/dialogue_manifest_missing_main01_05_08_12_v2.csv","Limitless_TTS_Output_Missing_Main01_05_08_12_v2","Limitless_TTS_Output_Missing_Main01_05_08_12_v2","Gacrux","main08_taeon_supp_010.wav","Unity/Client/Assets/_Project/Audio/Voice/Story/Main08/main08_taeon_supp_010.wav","8.25","-22.06289279","-2.2277264","198000","24000","1","16","3d38ce76fb342bd45b76720497fee8fb68fe3862c26e565c115e4e7c4bb034ae","150b9128c00db4fd6ac62a503292e32a97870e7cb7274fa1be674282f1f29e6d","Assets/_Project/Audio/Voice/Story/Main08/main08_taeon_supp_010.wav","bba8813d2f946104db5082bef072f9da","companion_taeon","bba8813d2f946104db5082bef072f9da","1","1","17","0.48529412","0.221875","NEEDS_LISTENING","False","False","False","False","MEDIUM","SEMANTIC_LISTENING_PRIORITY_MEDIUM","20","SUPPLEMENT_PACK_UNLISTENED","LISTEN_COMPARE_FULL_RUNTIME_TEXT","False","False","False","False","False","False","False","False","False","False","False",""
99,73,"LISTEN_IN_GAMEPLAY_SEQUENCE_COMPARE_FULL_TEXT","8","main_08_what_they_avoid","Field_02/Field_03","DeepArea","6","6","shared","DeepArea:6;","main08_miel_supp_008","companion_miel","미엘","…저쪽에서 빛이 났어요.","…저쪽에서 빛이 났어요.","Limitless_TTS_Output_Missing_Main01_05_08_12_v2/dialogue_manifest_missing_main01_05_08_12_v2.csv","Limitless_TTS_Output_Missing_Main01_05_08_12_v2","Limitless_TTS_Output_Missing_Main01_05_08_12_v2","Sulafat","main08_miel_supp_008.wav","Unity/Client/Assets/_Project/Audio/Voice/Story/Main08/main08_miel_supp_008.wav","2.9","-18.44712917","-1.80940696","69600","24000","1","16","13065c47ccf140353bbf0d56c9076083371599d7ba85254b2c0036e8cb835bd1","486c7f3e4707e7177da3c0c0e8f0f5f6170c45d2c9902fde50dd4855a0cef10a","Assets/_Project/Audio/Voice/Story/Main08/main08_miel_supp_008.wav","16415ce8979fe8142859d4b7eb9860af","companion_miel","16415ce8979fe8142859d4b7eb9860af","1","1","9","0.32222222","0.219375","NEEDS_LISTENING","False","False","False","False","MEDIUM","SEMANTIC_LISTENING_PRIORITY_MEDIUM","20","SUPPLEMENT_PACK_UNLISTENED","LISTEN_COMPARE_FULL_RUNTIME_TEXT","False","False","False","False","False","False","False","False","False","False","False",""
100,74,"LISTEN_IN_GAMEPLAY_SEQUENCE_COMPARE_FULL_TEXT","8","main_08_what_they_avoid","Field_02/Field_03","DeepArea","6","7","shared","DeepArea:7;","main08_taeon_supp_011","companion_taeon","태온","마법 같습니다.","마법 같습니다.","Limitless_TTS_Output_Missing_Main01_05_08_12_v2/dialogue_manifest_missing_main01_05_08_12_v2.csv","Limitless_TTS_Output_Missing_Main01_05_08_12_v2","Limitless_TTS_Output_Missing_Main01_05_08_12_v2","Gacrux","main08_taeon_supp_011.wav","Unity/Client/Assets/_Project/Audio/Voice/Story/Main08/main08_taeon_supp_011.wav","3.88","-25.84851837","-3.86999145","93120","24000","1","16","86fd758803176207ccc80942e99d8c9cf358c3d05dd9d9a7975b923dfc42ef75","4d84b6dce16db49a1c6a42636a91728194d3852ca79eea4665b605b63e70d919","Assets/_Project/Audio/Voice/Story/Main08/main08_taeon_supp_011.wav","3dcc58543ffa0ca4fae31ba2439d0d36","companion_taeon","3dcc58543ffa0ca4fae31ba2439d0d36","1","1","6","0.64666667","0.221875","NEEDS_LISTENING","False","False","False","False","MEDIUM","SEMANTIC_LISTENING_PRIORITY_MEDIUM","20","SUPPLEMENT_PACK_UNLISTENED","LISTEN_COMPARE_FULL_RUNTIME_TEXT","False","False","False","False","False","False","False","False","False","False","False",""
101,102,"LISTEN_IN_GAMEPLAY_SEQUENCE_COMPARE_FULL_TEXT","10","main_10_center_of_silence","Field_03/Dungeon_01","Lines/step0","1","1","shared","Lines/step0:1;","main10_taeon_001","companion_taeon","태온","폴이 가리킨 석재가 여기입니다. 주변 흙과 모서리의 방향이 다릅니다.","폴이 가리킨 석재가 여기입니다. 주변 흙과 모서리의 방향이 다릅니다.","Limitless_TTS_Output_PreSerin/dialogue_manifest_main01_12.csv","Limitless_TTS_Output_PreSerin","Limitless_TTS_Output_PreSerin","Gacrux","main10_taeon_001.wav","Unity/Client/Assets/_Project/Audio/Voice/Story/Main10/main10_taeon_001.wav","6.06","-18.5997673","-2.27168656","145440","24000","1","16","1c14bc3052f25bd95437cb8d02638946cd9d5fb24cb8272ec05f4d31ca1ac286","528de0ca6258ee28bc1e45c33d9eac5b5ff75d6819df0a022822d92fa15ef56e","Assets/_Project/Audio/Voice/Story/Main10/main10_taeon_001.wav","3ece5e25c4ecf334eb098c7c1b1b39aa","companion_taeon","3ece5e25c4ecf334eb098c7c1b1b39aa","2","1","28","0.21642857","0.221875","NEEDS_LISTENING","False","False","False","False","LOW","SEMANTIC_LISTENING_PRIORITY_LOW","0","NORMAL_METADATA_SEMANTICS_UNCONFIRMED","LISTEN_COMPARE_FULL_RUNTIME_TEXT","False","False","False","False","False","False","False","False","False","False","False",""
102,103,"LISTEN_IN_GAMEPLAY_SEQUENCE_COMPARE_FULL_TEXT","10","main_10_center_of_silence","Field_03/Dungeon_01","Lines/step0","1","2","shared","Lines/step0:2;","main10_paul_001","companion_paul","폴","네. 전에 본 자리를 다시 확인해보죠. 기억보다 돌이 도망가지는 않았을 겁니다.","네. 전에 본 자리를 다시 확인해보죠. 기억보다 돌이 도망가지는 않았을 겁니다.","Limitless_TTS_Output_PreSerin/dialogue_manifest_main01_12.csv","Limitless_TTS_Output_PreSerin","Limitless_TTS_Output_PreSerin","Achird","main10_paul_001.wav","Unity/Client/Assets/_Project/Audio/Voice/Story/Main10/main10_paul_001.wav","6.95","-23.07185375","-2.93099411","166800","24000","1","16","898a6e1862f232aa917ced86cea9ec259e2f367ead25bd71f84d10e7c7efa3d3","5360e10d706c3234e0cccc885675ed9464130e596ccb5d3998664815b8c45970","Assets/_Project/Audio/Voice/Story/Main10/main10_paul_001.wav","54fba4f91531e784ca0e26c6f29dda78","companion_paul","54fba4f91531e784ca0e26c6f29dda78","3","1","31","0.22419355","0.2308","NEEDS_LISTENING","False","False","False","False","MEDIUM","SEMANTIC_LISTENING_PRIORITY_MEDIUM","25","LONG_MULTI_SENTENCE_OR_3_LINES","LISTEN_COMPARE_FULL_RUNTIME_TEXT","False","False","False","False","False","False","False","False","False","False","False",""
103,104,"LISTEN_IN_GAMEPLAY_SEQUENCE_COMPARE_FULL_TEXT","10","main_10_center_of_silence","Field_03/Dungeon_01","Lines/step1","2","1","shared","Lines/step1:1;","main10_taeon_002","companion_taeon","태온","모서리 간격이 반복됩니다. 자연 암반과는 형태가 다릅니다.","모서리 간격이 반복됩니다. 자연 암반과는 형태가 다릅니다.","Limitless_TTS_Output_PreSerin/dialogue_manifest_main01_12.csv","Limitless_TTS_Output_PreSerin","Limitless_TTS_Output_PreSerin","Gacrux","main10_taeon_002.wav","Unity/Client/Assets/_Project/Audio/Voice/Story/Main10/main10_taeon_002.wav","4.27","-20.68514104","-2.56832467","102480","24000","1","16","03ddb55d6c1f34dd24b6718ebe803ef9a291d1b7b7c962e138938d4443b671d8","4050f640df283b8ad53b3a45f8f2218a13d38cb75a1eda435d5b2ba400fd68d9","Assets/_Project/Audio/Voice/Story/Main10/main10_taeon_002.wav","45f4964db2ec5b6488a7a8adea39be10","companion_taeon","45f4964db2ec5b6488a7a8adea39be10","2","1","24","0.17791667","0.221875","NEEDS_LISTENING","False","False","False","False","LOW","SEMANTIC_LISTENING_PRIORITY_LOW","0","NORMAL_METADATA_SEMANTICS_UNCONFIRMED","LISTEN_COMPARE_FULL_RUNTIME_TEXT","False","False","False","False","False","False","False","False","False","False","False",""
104,105,"LISTEN_IN_GAMEPLAY_SEQUENCE_COMPARE_FULL_TEXT","10","main_10_center_of_silence","Field_03/Dungeon_01","Lines/step1","2","2","shared","Lines/step1:2;","main10_paul_002","companion_paul","폴","표면에 손댄 흔적이 있습니다. 오래된 구조의 일부일 가능성이 높지만, 누가 언제 만들었는지는 모르겠습니다.","표면에 손댄 흔적이 있습니다. 오래된 구조의 일부일 가능성이 높지만, 누가 언제 만들었는지는 모르겠습니다.","Limitless_TTS_Output_PreSerin/dialogue_manifest_main01_12.csv","Limitless_TTS_Output_PreSerin","Limitless_TTS_Output_PreSerin","Achird","main10_paul_002.wav","Unity/Client/Assets/_Project/Audio/Voice/Story/Main10/main10_paul_002.wav","8.89","-21.0449821","-3.59422576","213360","24000","1","16","01b47cb920d03e1fbf156727025b885f23b16587a0fb05563c984e2dd84c9ffc","18c7905c939e77b1df006aa39b2b54e5cdf4794b9585b927e0fdaa1dcdb2b4a0","Assets/_Project/Audio/Voice/Story/Main10/main10_paul_002.wav","5ba719bfbefbcd74ea5edfb6b3c514ad","companion_paul","5ba719bfbefbcd74ea5edfb6b3c514ad","2","1","44","0.20204545","0.2308","NEEDS_LISTENING","False","False","False","False","MEDIUM","SEMANTIC_LISTENING_PRIORITY_MEDIUM","25","LONG_MULTI_SENTENCE_OR_3_LINES","LISTEN_COMPARE_FULL_RUNTIME_TEXT","False","False","False","False","False","False","False","False","False","False","False",""
105,106,"LISTEN_IN_GAMEPLAY_SEQUENCE_COMPARE_FULL_TEXT","10","main_10_center_of_silence","Field_03/Dungeon_01","Lines/step1","2","3","shared","Lines/step1:3;","main10_miel_001","companion_miel","미엘","흙 아래쪽으로도 이어지는 것 같아요.","흙 아래쪽으로도 이어지는 것 같아요.","Limitless_TTS_Output_PreSerin/dialogue_manifest_main01_12.csv","Limitless_TTS_Output_PreSerin","Limitless_TTS_Output_PreSerin","Sulafat","main10_miel_001.wav","Unity/Client/Assets/_Project/Audio/Voice/Story/Main10/main10_miel_001.wav","4.16","-21.29620048","-5.21078986","99840","24000","1","16","dc2316fdede8bbd4c05018496bba76712b7c36724c0714d9b3cbfa7936a767f2","8df5b3c708d0d094a83d6e29aadf34c0d1c0b6834da01911fe124da4731f1788","Assets/_Project/Audio/Voice/Story/Main10/main10_miel_001.wav","d45a5d133509c4e4c8551ceca905557d","companion_miel","d45a5d133509c4e4c8551ceca905557d","1","1","15","0.27733333","0.219375","NEEDS_LISTENING","False","False","False","False","LOW","SEMANTIC_LISTENING_PRIORITY_LOW","0","NORMAL_METADATA_SEMANTICS_UNCONFIRMED","LISTEN_COMPARE_FULL_RUNTIME_TEXT","False","False","False","False","False","False","False","False","False","False","False",""
106,107,"LISTEN_IN_GAMEPLAY_SEQUENCE_COMPARE_FULL_TEXT","10","main_10_center_of_silence","Field_03/Dungeon_01","Lines/step2","3","1","shared","Lines/step2:1;","main10_miel_002","companion_miel","미엘","이쪽으로 올수록 벌레와 새 소리가 거의 들리지 않아요.","이쪽으로 올수록 벌레와 새 소리가 거의 들리지 않아요.","Limitless_TTS_Output_PreSerin/dialogue_manifest_main01_12.csv","Limitless_TTS_Output_PreSerin","Limitless_TTS_Output_PreSerin","Sulafat","main10_miel_002.wav","Unity/Client/Assets/_Project/Audio/Voice/Story/Main10/main10_miel_002.wav","8.55","-20.30156094","-4.60595713","205200","24000","1","16","631cabea3059deed1823ce712ec5618811812e9a8fd38843e0e4226d22c96a2d","ca3e7f378c35bccfd6490548ebd917e88d67cf4b4b002be89e691585cb2f0b9d","Assets/_Project/Audio/Voice/Story/Main10/main10_miel_002.wav","bafd577a8e4f0bc47a2b7ee48913549d","companion_miel","bafd577a8e4f0bc47a2b7ee48913549d","1","1","22","0.38863636","0.219375","NEEDS_LISTENING","False","False","False","False","LOW","SEMANTIC_LISTENING_PRIORITY_LOW","0","NORMAL_METADATA_SEMANTICS_UNCONFIRMED","LISTEN_COMPARE_FULL_RUNTIME_TEXT","False","False","False","False","False","False","False","False","False","False","False",""
107,108,"LISTEN_IN_GAMEPLAY_SEQUENCE_COMPARE_FULL_TEXT","10","main_10_center_of_silence","Field_03/Dungeon_01","Lines/step2","3","2","shared","Lines/step2:2;","main10_taeon_003","companion_taeon","태온","몬스터의 흔적도 안쪽을 피해 돌아갑니다. 먼저 안전한 길을 확인하죠.","몬스터의 흔적도 안쪽을 피해 돌아갑니다. 먼저 안전한 길을 확인하죠.","Limitless_TTS_Output_PreSerin/dialogue_manifest_main01_12.csv","Limitless_TTS_Output_PreSerin","Limitless_TTS_Output_PreSerin","Gacrux","main10_taeon_003.wav","Unity/Client/Assets/_Project/Audio/Voice/Story/Main10/main10_taeon_003.wav","5.65","-18.2799131","-1.64736958","135600","24000","1","16","a0af9c5834bc99bb45d759deaceba6d44631cd719c96f5b9844bb3e7b1a969ac","6615d3b608dad564724c00a1b854a69c800b255edd1a9813fd7d9163fb393d35","Assets/_Project/Audio/Voice/Story/Main10/main10_taeon_003.wav","a0359669b044e724bbd68d3b498d08c0","companion_taeon","a0359669b044e724bbd68d3b498d08c0","2","1","28","0.20178571","0.221875","NEEDS_LISTENING","False","False","False","False","LOW","SEMANTIC_LISTENING_PRIORITY_LOW","0","NORMAL_METADATA_SEMANTICS_UNCONFIRMED","LISTEN_COMPARE_FULL_RUNTIME_TEXT","False","False","False","False","False","False","False","False","False","False","False",""
108,109,"LISTEN_IN_GAMEPLAY_SEQUENCE_COMPARE_FULL_TEXT","10","main_10_center_of_silence","Field_03/Dungeon_01","Lines/step2","3","3","shared","Lines/step2:3;","main10_paul_003","companion_paul","폴","귀를 쉬게 할 계획은 없었는데, 조용해지는 방향이 분명하군요.","귀를 쉬게 할 계획은 없었는데, 조용해지는 방향이 분명하군요.","Limitless_TTS_Output_PreSerin/dialogue_manifest_main01_12.csv","Limitless_TTS_Output_PreSerin","Limitless_TTS_Output_PreSerin","Achird","main10_paul_003.wav","Unity/Client/Assets/_Project/Audio/Voice/Story/Main10/main10_paul_003.wav","15.93","-19.72989702","-1.35034139","382320","24000","1","16","c648522794143bb6ec6d7af3d45fb30c5de53f2091e27acf78db27f89daa9ccd","e4242213543aeb5ff7a77d826f92ccb849a44376ef007bfdac9308af92e4e67a","Assets/_Project/Audio/Voice/Story/Main10/main10_paul_003.wav","d9dc9413d78611f499e5daf1faba6095","companion_paul","d9dc9413d78611f499e5daf1faba6095","1","1","25","0.6372","0.2308","NEEDS_LISTENING","False","False","False","False","LOW","SEMANTIC_LISTENING_PRIORITY_LOW","0","NORMAL_METADATA_SEMANTICS_UNCONFIRMED","LISTEN_COMPARE_FULL_RUNTIME_TEXT","False","False","False","False","False","False","False","False","False","False","False",""
109,110,"LISTEN_IN_GAMEPLAY_SEQUENCE_COMPARE_FULL_TEXT","10","main_10_center_of_silence","Field_03/Dungeon_01","Lines/step3","4","2","shared","Lines/step3:2;","main10_taeon_004","companion_taeon","태온","발 디딜 곳부터 살펴야 합니다. 흙이 밀린 자리는 피하세요.","발 디딜 곳부터 살펴야 합니다. 흙이 밀린 자리는 피하세요.","Limitless_TTS_Output_PreSerin/dialogue_manifest_main01_12.csv","Limitless_TTS_Output_PreSerin","Limitless_TTS_Output_PreSerin","Gacrux","main10_taeon_004.wav","Unity/Client/Assets/_Project/Audio/Voice/Story/Main10/main10_taeon_004.wav","17.68","-18.40091804","-1.21118724","424320","24000","1","16","96341666f19a455d3de9603d323aa89dd043b8a0586d3e1b5aeee38847bdd91a","10fcc489bf1831f09bd28c879328ca62c6db7507e2d052c5d07a842366428b3f","Assets/_Project/Audio/Voice/Story/Main10/main10_taeon_004.wav","d9f5f0a96ef7ddd41b10723f68ed99e7","companion_taeon","d9f5f0a96ef7ddd41b10723f68ed99e7","2","1","23","0.76869565","0.221875","NEEDS_LISTENING","False","False","False","False","MEDIUM","SEMANTIC_LISTENING_PRIORITY_MEDIUM","25","EXCESSIVE_DURATION_RATIO","LISTEN_COMPARE_FULL_RUNTIME_TEXT","False","False","False","False","False","False","False","False","False","False","False",""
110,111,"LISTEN_IN_GAMEPLAY_SEQUENCE_COMPARE_FULL_TEXT","10","main_10_center_of_silence","Field_03/Dungeon_01","Lines/step3","4","3","shared","Lines/step3:3;","main10_paul_004","companion_paul","폴","단단한 가장자리를 표시해두겠습니다. 안쪽 구조는 아직 보이지 않습니다.","단단한 가장자리를 표시해두겠습니다. 안쪽 구조는 아직 보이지 않습니다.","Limitless_TTS_Output_PreSerin/dialogue_manifest_main01_12.csv","Limitless_TTS_Output_PreSerin","Limitless_TTS_Output_PreSerin","Achird","main10_paul_004.wav","Unity/Client/Assets/_Project/Audio/Voice/Story/Main10/main10_paul_004.wav","2.11","-38.26006926","-18.3594829","50640","24000","1","16","42e172e8fcf6a5703e282e527b7ed4477a6ec793cf632c04045b31e4dec7c49d","74efe50bf3e984051168f7a7a967bd6c935b366ab0dc7e34aa8c7a504392dad7","Assets/_Project/Audio/Voice/Story/Main10/main10_paul_004.wav","832c0594a7d1b404cb91908104ba4ef4","companion_paul","832c0594a7d1b404cb91908104ba4ef4","2","1","30","0.07033333","0.2308","NEEDS_LISTENING","False","False","False","False","HIGH","SEMANTIC_LISTENING_PRIORITY_HIGH","70","MULTI_SENTENCE_SHORT_AUDIO","LISTEN_COMPARE_FULL_RUNTIME_TEXT","False","False","False","False","False","False","False","True","False","False","False",""
111,112,"LISTEN_IN_GAMEPLAY_SEQUENCE_COMPARE_FULL_TEXT","10","main_10_center_of_silence","Field_03/Dungeon_01","Lines/step4","5","1","shared","Lines/step4:1;","main10_miel_003","companion_miel","미엘","덩굴 아래에 빈 공간이 있어요.","덩굴 아래에 빈 공간이 있어요.","Limitless_TTS_Output_PreSerin/dialogue_manifest_main01_12.csv","Limitless_TTS_Output_PreSerin","Limitless_TTS_Output_PreSerin","Sulafat","main10_miel_003.wav","Unity/Client/Assets/_Project/Audio/Voice/Story/Main10/main10_miel_003.wav","3.96","-20.51793028","-4.1411257","95040","24000","1","16","9631b0ff330036f5dbb50449fd83729305be1214f3fa366b822d319a63b02f22","fa7571132118055361b4f21c49f8f7ab2d6cebd316b0eb8a7c690be1cc196d95","Assets/_Project/Audio/Voice/Story/Main10/main10_miel_003.wav","4782ceed07f8aa7429fc52a5d85575d1","companion_miel","4782ceed07f8aa7429fc52a5d85575d1","1","1","12","0.33","0.219375","NEEDS_LISTENING","False","False","False","False","LOW","SEMANTIC_LISTENING_PRIORITY_LOW","0","NORMAL_METADATA_SEMANTICS_UNCONFIRMED","LISTEN_COMPARE_FULL_RUNTIME_TEXT","False","False","False","False","False","False","False","False","False","False","False",""
112,113,"LISTEN_IN_GAMEPLAY_SEQUENCE_COMPARE_FULL_TEXT","10","main_10_center_of_silence","Field_03/Dungeon_01","Lines/step4","5","2","shared","Lines/step4:2;","main10_paul_005","companion_paul","폴","오래된 석재와 안치 공간처럼 보이는 자리가 드러났습니다. 정확한 용도는 더 확인해야 합니다.","오래된 석재와 안치 공간처럼 보이는 자리가 드러났습니다. 정확한 용도는 더 확인해야 합니다.","Limitless_TTS_Output_PreSerin/dialogue_manifest_main01_12.csv","Limitless_TTS_Output_PreSerin","Limitless_TTS_Output_PreSerin","Achird","main10_paul_005.wav","Unity/Client/Assets/_Project/Audio/Voice/Story/Main10/main10_paul_005.wav","4.55","-22.58460362","-4.79171968","109200","24000","1","16","679968d2d81051e4191d6397005b311b80b5a70a726fac1c6ebe2d7ffcadd574","c39ff0473ae4de11cd532325d049f36433c584552bd18b9d300a4299ed4a6d6c","Assets/_Project/Audio/Voice/Story/Main10/main10_paul_005.wav","09bb4ca2d37ba7341a55565937736b0c","companion_paul","09bb4ca2d37ba7341a55565937736b0c","2","1","38","0.11973684","0.2308","NEEDS_LISTENING","False","False","False","False","MEDIUM","SEMANTIC_LISTENING_PRIORITY_MEDIUM","25","LONG_MULTI_SENTENCE_OR_3_LINES","LISTEN_COMPARE_FULL_RUNTIME_TEXT","False","False","False","False","False","False","False","False","False","False","False",""
113,114,"LISTEN_IN_GAMEPLAY_SEQUENCE_COMPARE_FULL_TEXT","10","main_10_center_of_silence","Field_03/Dungeon_01","Lines/step5","6","1","shared","Lines/step5:1;","main10_taeon_005","companion_taeon","태온","몬스터들이 피하던 방향과 일치합니다.","몬스터들이 피하던 방향과 일치합니다.","Limitless_TTS_Output_PreSerin/dialogue_manifest_main01_12.csv","Limitless_TTS_Output_PreSerin","Limitless_TTS_Output_PreSerin","Gacrux","main10_taeon_005.wav","Unity/Client/Assets/_Project/Audio/Voice/Story/Main10/main10_taeon_005.wav","0.86","-54.90149928","-30.38752561","20640","24000","1","16","0ebfc7c1bd02b59cef062b7f30d8d9751214132670c657e237bbb1938180e0ea","c79b92170e8c76b58b8290fe88ae366ece1fc59c2b1cbdd5715e4553199eed90","Assets/_Project/Audio/Voice/Story/Main10/main10_taeon_005.wav","9d6c242f0446003438b60920e1c4e66f","companion_taeon","9d6c242f0446003438b60920e1c4e66f","1","1","16","0.05375","0.221875","NEEDS_LISTENING","False","False","False","False","HIGH","SEMANTIC_LISTENING_PRIORITY_HIGH","150","LOW_RMS_BELOW_MINUS45_DBFS;EXTREME_SHORT_TEXT_DURATION_RATIO","LISTEN_COMPARE_FULL_RUNTIME_TEXT","False","False","False","False","False","True","True","False","False","False","False",""
114,115,"LISTEN_IN_GAMEPLAY_SEQUENCE_COMPARE_FULL_TEXT","10","main_10_center_of_silence","Field_03/Dungeon_01","Lines/step5","6","2","shared","Lines/step5:2;","main10_paul_006","companion_paul","폴","마력의 흐름도 아래쪽으로 향합니다. 관련은 있어 보이지만 이것이 원인인지는 아직 모릅니다.","마력의 흐름도 아래쪽으로 향합니다. 관련은 있어 보이지만 이것이 원인인지는 아직 모릅니다.","Limitless_TTS_Output_PreSerin/dialogue_manifest_main01_12.csv","Limitless_TTS_Output_PreSerin","Limitless_TTS_Output_PreSerin","Achird","main10_paul_006.wav","Unity/Client/Assets/_Project/Audio/Voice/Story/Main10/main10_paul_006.wav","2.33","-30.00710794","-18.93792446","55920","24000","1","16","3404da6716651fa8fce8d616acbee224245882c571262047957d5e2c04fa4e93","92767b548aedcc373440a14ae1c04a467bae8fbc216db5c978fb527e554514c3","Assets/_Project/Audio/Voice/Story/Main10/main10_paul_006.wav","320bb7739875c8648bceaa4d4888675d","companion_paul","320bb7739875c8648bceaa4d4888675d","2","1","38","0.06131579","0.2308","NEEDS_LISTENING","False","False","False","False","HIGH","SEMANTIC_LISTENING_PRIORITY_HIGH","165","EXTREME_SHORT_TEXT_DURATION_RATIO;MULTI_SENTENCE_SHORT_AUDIO;LONG_MULTI_SENTENCE_OR_3_LINES","LISTEN_COMPARE_FULL_RUNTIME_TEXT","False","False","False","False","False","False","True","True","False","False","False",""
115,116,"LISTEN_IN_GAMEPLAY_SEQUENCE_COMPARE_FULL_TEXT","10","main_10_center_of_silence","Field_03/Dungeon_01","Lines/step5","6","3","shared","Lines/step5:3;","main10_miel_004","companion_miel","미엘","주변 생물 소리도 거의 들리지 않아요.","주변 생물 소리도 거의 들리지 않아요.","Limitless_TTS_Output_PreSerin/dialogue_manifest_main01_12.csv","Limitless_TTS_Output_PreSerin","Limitless_TTS_Output_PreSerin","Sulafat","main10_miel_004.wav","Unity/Client/Assets/_Project/Audio/Voice/Story/Main10/main10_miel_004.wav","2.69","-18.31297504","-4.68333045","64560","24000","1","16","4c8647eaabc88d523df8217077cf6582729464328637ab6ddfe6e6edb44927a4","4bd9baf150ff3b15ecafadd4c2734eda7ef61f8dd8d75f7badc975b09abfab51","Assets/_Project/Audio/Voice/Story/Main10/main10_miel_004.wav","c2cb934dd5ffeb14c983d179c6a563e9","companion_miel","c2cb934dd5ffeb14c983d179c6a563e9","1","1","15","0.17933333","0.219375","NEEDS_LISTENING","False","False","False","False","LOW","SEMANTIC_LISTENING_PRIORITY_LOW","0","NORMAL_METADATA_SEMANTICS_UNCONFIRMED","LISTEN_COMPARE_FULL_RUNTIME_TEXT","False","False","False","False","False","False","False","False","False","False","False",""
116,117,"LISTEN_IN_GAMEPLAY_SEQUENCE_COMPARE_FULL_TEXT","10","main_10_center_of_silence","Field_03/Dungeon_01","Lines/step6","7","1","shared","Lines/step6:1;","main10_paul_007","companion_paul","폴","돌아갈 길과 단단한 가장자리는 표시했습니다. 아래쪽은 준비해서 확인하는 편이 좋겠습니다.","돌아갈 길과 단단한 가장자리는 표시했습니다. 아래쪽은 준비해서 확인하는 편이 좋겠습니다.","Limitless_TTS_Output_PreSerin/dialogue_manifest_main01_12.csv","Limitless_TTS_Output_PreSerin","Limitless_TTS_Output_PreSerin","Achird","main10_paul_007.wav","Unity/Client/Assets/_Project/Audio/Voice/Story/Main10/main10_paul_007.wav","5.37","-24.19146078","-3.87206105","128880","24000","1","16","533fb2fc47202a2005edc4942d79ae61ee3604a82124275c20e1cdc0c9dd8508","16ea21eaa46018daf529a3d9dbb78e2cd42b92ff1328b7af2b39ebd0814a7721","Assets/_Project/Audio/Voice/Story/Main10/main10_paul_007.wav","ea4bdb949266049448e00fcd68835658","companion_paul","ea4bdb949266049448e00fcd68835658","2","1","38","0.14131579","0.2308","NEEDS_LISTENING","False","False","False","False","MEDIUM","SEMANTIC_LISTENING_PRIORITY_MEDIUM","25","LONG_MULTI_SENTENCE_OR_3_LINES","LISTEN_COMPARE_FULL_RUNTIME_TEXT","False","False","False","False","False","False","False","False","False","False","False",""
117,118,"LISTEN_IN_GAMEPLAY_SEQUENCE_COMPARE_FULL_TEXT","10","main_10_center_of_silence","Field_03/Dungeon_01","Lines/step6","7","2","shared","Lines/step6:2;","main10_taeon_006","companion_taeon","태온","무너진 돌을 밟지 않도록 입구 위치를 기억해두겠습니다.","무너진 돌을 밟지 않도록 입구 위치를 기억해두겠습니다.","Limitless_TTS_Output_PreSerin/dialogue_manifest_main01_12.csv","Limitless_TTS_Output_PreSerin","Limitless_TTS_Output_PreSerin","Gacrux","main10_taeon_006.wav","Unity/Client/Assets/_Project/Audio/Voice/Story/Main10/main10_taeon_006.wav","9.01","-18.16544506","-1.58383698","216240","24000","1","16","3ab0933a53eed3c59c9fe32730e754cef764b4b9003700382a2d7bedd0720ece","3330b90dc1df9d01b5823d2828b623b08ef4ff3a00153b5a7959d3bc5d8d2d86","Assets/_Project/Audio/Voice/Story/Main10/main10_taeon_006.wav","d52ac69dae59f0e4ba9296ddae8e695d","companion_taeon","d52ac69dae59f0e4ba9296ddae8e695d","1","1","23","0.39173913","0.221875","NEEDS_LISTENING","False","False","False","False","LOW","SEMANTIC_LISTENING_PRIORITY_LOW","0","NORMAL_METADATA_SEMANTICS_UNCONFIRMED","LISTEN_COMPARE_FULL_RUNTIME_TEXT","False","False","False","False","False","False","False","False","False","False","False",""
118,119,"LISTEN_IN_GAMEPLAY_SEQUENCE_COMPARE_FULL_TEXT","10","main_10_center_of_silence","Field_03/Dungeon_01","Lines/step6","7","3","shared","Lines/step6:3;","main10_miel_005","companion_miel","미엘","모두 상태를 확인하고 움직여요.","모두 상태를 확인하고 움직여요.","Limitless_TTS_Output_PreSerin/dialogue_manifest_main01_12.csv","Limitless_TTS_Output_PreSerin","Limitless_TTS_Output_PreSerin","Sulafat","main10_miel_005.wav","Unity/Client/Assets/_Project/Audio/Voice/Story/Main10/main10_miel_005.wav","2.89","-19.64016651","-3.15182573","69360","24000","1","16","e10c41db0a9778f05634b936a7e95156d80e18b2fc750179d539a47d57386b34","32c43d4090061e9b6d4ef76b1c5bf81bcb49166c673cea28fc106ec4f9bd9dcb","Assets/_Project/Audio/Voice/Story/Main10/main10_miel_005.wav","62ebf30750751d64f800a85ea13b740b","companion_miel","62ebf30750751d64f800a85ea13b740b","1","1","13","0.22230769","0.219375","NEEDS_LISTENING","False","False","False","False","LOW","SEMANTIC_LISTENING_PRIORITY_LOW","0","NORMAL_METADATA_SEMANTICS_UNCONFIRMED","LISTEN_COMPARE_FULL_RUNTIME_TEXT","False","False","False","False","False","False","False","False","False","False","False",""
119,192,"LISTEN_IN_GAMEPLAY_SEQUENCE_COMPARE_FULL_TEXT","16","main_16_shape_in_the_ash","Field_07/World_ArbelVillage","start","1","1","shared","start/hearing:1;start/default:1;","main16_start_leon_01","arbel-leon","레온","바람이 거의 없는데 재가 움직였다는 증언이 있습니다. 큰 불길을 보지 못했는데 땅은 뜨겁다고 하고요. 검은 연기 같은 형체를 봤다는 소문도 들립니다.","바람이 거의 없는데 재가 움직였다는 증언이 있습니다. 큰 불길을 보지 못했는데 땅은 뜨겁다고 하고요. 검은 연기 같은 형체를 봤다는 소문도 들립니다.","Limitless_TTS_Output_Main16/dialogue_manifest_main16.csv","Limitless_TTS_Output_Main16","Limitless_TTS_Output_Main16","Orus","main16_start_leon_01.wav","Unity/Client/Assets/_Project/Audio/Voice/Story/Main16/main16_start_leon_01.wav","8.51","-18.48689429","-1.90526129","204240","24000","1","16","8213b7262b74984284511c20343d56c80e988efe4045bd41c234d96530a4af91","572ac0ffa1c120050b6ff0ee148b7a3dcb00ba523e328152a9f82a4e62d7f0bb","Assets/_Project/Audio/Voice/Story/Main16/main16_start_leon_01.wav","649563f9dfe3454c87247d1c7b3f8930","arbel-leon","649563f9dfe3454c87247d1c7b3f8930","3","1","60","0.14183333","0.34411011","NEEDS_LISTENING","False","False","False","False","MEDIUM","SEMANTIC_LISTENING_PRIORITY_MEDIUM","45","LONG_MULTI_SENTENCE_OR_3_LINES;IMPORTANT_STORY_UNLISTENED","LISTEN_COMPARE_FULL_RUNTIME_TEXT","False","False","False","False","False","False","False","False","False","False","False",""
120,193,"LISTEN_IN_GAMEPLAY_SEQUENCE_COMPARE_FULL_TEXT","16","main_16_shape_in_the_ash","Field_07/World_ArbelVillage","start","1","2","shared","start/hearing:2;start/default:2;","main16_start_leon_02","arbel-leon","레온","평소 같으면 잘못 본 거라고 생각했겠지만, 요즘은 그렇게 넘기기가 어렵군요.","평소 같으면 잘못 본 거라고 생각했겠지만, 요즘은 그렇게 넘기기가 어렵군요.","Limitless_TTS_Output_Main16/dialogue_manifest_main16.csv","Limitless_TTS_Output_Main16","Limitless_TTS_Output_Main16","Orus","main16_start_leon_02.wav","Unity/Client/Assets/_Project/Audio/Voice/Story/Main16/main16_start_leon_02.wav","13.38","-20.94303652","-2.04300342","321120","24000","1","16","201c79b4202238cb91ec007c895acd823ef1a5649bb67bbc3cf236af22edb8aa","5e6d379683b0cb42a2a96ff52a9d1d1f8ac9e2440a822ea34cab3ff564318336","Assets/_Project/Audio/Voice/Story/Main16/main16_start_leon_02.wav","bf936b0a876e4f3887602a141e42504c","arbel-leon","bf936b0a876e4f3887602a141e42504c","1","1","31","0.4316129","0.34411011","NEEDS_LISTENING","False","False","False","False","MEDIUM","SEMANTIC_LISTENING_PRIORITY_MEDIUM","20","IMPORTANT_STORY_UNLISTENED","LISTEN_COMPARE_FULL_RUNTIME_TEXT","False","False","False","False","False","False","False","False","False","False","False",""
121,194,"LISTEN_IN_GAMEPLAY_SEQUENCE_COMPARE_FULL_TEXT","16","main_16_shape_in_the_ash","Field_07/World_ArbelVillage","start","1","3","shared","start/hearing:3;start/default:3;","main16_start_paul_01","companion_paul","폴","확인할 수 있는 건 직접 확인하죠. 소문이 사실인지부터요.","확인할 수 있는 건 직접 확인하죠. 소문이 사실인지부터요.","Limitless_TTS_Output_Main16/dialogue_manifest_main16.csv","Limitless_TTS_Output_Main16","Limitless_TTS_Output_Main16","Achird","main16_start_paul_01.wav","Unity/Client/Assets/_Project/Audio/Voice/Story/Main16/main16_start_paul_01.wav","6.08","-21.14741469","-2.76360239","145920","24000","1","16","fdce20f3229c412017f73282782a6542589d3ea5d71b82efcb3a2fefe4baa4eb","ed988d3695de43788d1b314182ebef9a343d186d876195a3835551c9a94b0ee6","Assets/_Project/Audio/Voice/Story/Main16/main16_start_paul_01.wav","3210a2095cc04050a97a19b936395699","companion_paul","3210a2095cc04050a97a19b936395699","2","1","23","0.26434783","0.2308","NEEDS_LISTENING","False","False","False","False","MEDIUM","SEMANTIC_LISTENING_PRIORITY_MEDIUM","20","IMPORTANT_STORY_UNLISTENED","LISTEN_COMPARE_FULL_RUNTIME_TEXT","False","False","False","False","False","False","False","False","False","False","False",""
122,195,"LISTEN_IN_GAMEPLAY_SEQUENCE_COMPARE_FULL_TEXT","16","main_16_shape_in_the_ash","Field_07/World_ArbelVillage","ash","2","2","hearing","ash/hearing:2;","main16_ash_hearing_serin_01","companion_serin","세린","저도 그렇게 잡혀요.","저도 그렇게 잡혀요.","Limitless_TTS_Output_Main16/dialogue_manifest_main16.csv","Limitless_TTS_Output_Main16","Limitless_TTS_Output_Main16","Schedar","main16_ash_hearing_serin_01.wav","Unity/Client/Assets/_Project/Audio/Voice/Story/Main16/main16_ash_hearing_serin_01.wav","6.78","-21.03990463","-3.78760937","162720","24000","1","16","dbe8f19a869477581c8f2d4e91b42ed169a210423ed3d17954a3086f1edec6f4","7b7cecd97b7ddefa6c07287b44c24127114e208adb3583687aceb2aefb177fce","Assets/_Project/Audio/Voice/Story/Main16/main16_ash_hearing_serin_01.wav","de7fbc3344594225a49c547361e58dd8","companion_serin","de7fbc3344594225a49c547361e58dd8","1","1","8","0.8475","0.21916667","NEEDS_LISTENING","False","False","False","False","MEDIUM","SEMANTIC_LISTENING_PRIORITY_MEDIUM","20","IMPORTANT_STORY_UNLISTENED","LISTEN_COMPARE_FULL_RUNTIME_TEXT","False","False","False","False","False","False","False","False","False","False","False",""
123,196,"LISTEN_IN_GAMEPLAY_SEQUENCE_COMPARE_FULL_TEXT","16","main_16_shape_in_the_ash","Field_07/World_ArbelVillage","ash","2","3","hearing","ash/hearing:3;","main16_ash_hearing_serin_02","companion_serin","세린","다만 어느 쪽이 먼저인지는 아직 모르겠습니다.","다만 어느 쪽이 먼저인지는 아직 모르겠습니다.","Limitless_TTS_Output_Main16/dialogue_manifest_main16.csv","Limitless_TTS_Output_Main16","Limitless_TTS_Output_Main16","Schedar","main16_ash_hearing_serin_02.wav","Unity/Client/Assets/_Project/Audio/Voice/Story/Main16/main16_ash_hearing_serin_02.wav","1.92","-52.7941588","-35.08548244","46080","24000","1","16","c127edf83fee1554047945998474ee5f9c57b68506d73cb2ade1c9ca4f198696","df32090156b58ac771ed861c850ec8fd0b9fc921b52bf5dc919cce0dea20a4de","Assets/_Project/Audio/Voice/Story/Main16/main16_ash_hearing_serin_02.wav","59e08c2eb5234581bebe790f70e895af","companion_serin","59e08c2eb5234581bebe790f70e895af","1","1","19","0.10105263","0.21916667","NEEDS_LISTENING","False","False","False","False","HIGH","SEMANTIC_LISTENING_PRIORITY_HIGH","170","LOW_RMS_BELOW_MINUS45_DBFS;SAME_SPEAKER_NEARBY_OUTLIER;IMPORTANT_STORY_UNLISTENED","LISTEN_COMPARE_FULL_RUNTIME_TEXT","False","False","False","False","False","True","False","False","True","False","False",""
124,197,"LISTEN_IN_GAMEPLAY_SEQUENCE_COMPARE_FULL_TEXT","16","main_16_shape_in_the_ash","Field_07/World_ArbelVillage","ash","2","2","default","ash/default:2;","main16_ash_default_serin_01","companion_serin","세린","땅이 울릴 때마다 움직여요.","땅이 울릴 때마다 움직여요.","Limitless_TTS_Output_Main16/dialogue_manifest_main16.csv","Limitless_TTS_Output_Main16","Limitless_TTS_Output_Main16","Schedar","main16_ash_default_serin_01.wav","Unity/Client/Assets/_Project/Audio/Voice/Story/Main16/main16_ash_default_serin_01.wav","3.08","-20.15703389","-2.61762976","73920","24000","1","16","2b3e2e5594f28c22243d5cd490ab0a32fc768e85a3b946201d73aea46d802bf2","d3a30e6aabc1ff1e49d278277192d93a9965ed7f49e0a3d0457553b62117c824","Assets/_Project/Audio/Voice/Story/Main16/main16_ash_default_serin_01.wav","f916c1050d5341f088c1c5b49fa7dd01","companion_serin","f916c1050d5341f088c1c5b49fa7dd01","1","1","11","0.28","0.21916667","NEEDS_LISTENING","False","False","False","False","MEDIUM","SEMANTIC_LISTENING_PRIORITY_MEDIUM","20","IMPORTANT_STORY_UNLISTENED","LISTEN_COMPARE_FULL_RUNTIME_TEXT","False","False","False","False","False","False","False","False","False","False","False",""
125,198,"LISTEN_IN_GAMEPLAY_SEQUENCE_COMPARE_FULL_TEXT","16","main_16_shape_in_the_ash","Field_07/World_ArbelVillage","ash","2","3","default","ash/default:3;","main16_ash_default_taeon_01","companion_taeon","태온","진동과 관련이 있다는 말씀이십니까?","진동과 관련이 있다는 말씀이십니까?","Limitless_TTS_Output_Main16/dialogue_manifest_main16.csv","Limitless_TTS_Output_Main16","Limitless_TTS_Output_Main16","Gacrux","main16_ash_default_taeon_01.wav","Unity/Client/Assets/_Project/Audio/Voice/Story/Main16/main16_ash_default_taeon_01.wav","14.8","-19.89519273","-1.59880031","355200","24000","1","16","eb36228fd6a2ff8a1495fc6b4945dcd0bc0e9bba96a23e5609a4eac0fa3535d1","bbce498ed5ac0c9d34b6832cd5ca444d2d7079312bf6f469896e1b0e444b0390","Assets/_Project/Audio/Voice/Story/Main16/main16_ash_default_taeon_01.wav","9c79606bf02d4738871350747a4fb3d8","companion_taeon","9c79606bf02d4738871350747a4fb3d8","1","1","15","0.98666667","0.221875","NEEDS_LISTENING","False","False","False","False","MEDIUM","SEMANTIC_LISTENING_PRIORITY_MEDIUM","20","IMPORTANT_STORY_UNLISTENED","LISTEN_COMPARE_FULL_RUNTIME_TEXT","False","False","False","False","False","False","False","False","False","False","False",""
126,199,"LISTEN_IN_GAMEPLAY_SEQUENCE_COMPARE_FULL_TEXT","16","main_16_shape_in_the_ash","Field_07/World_ArbelVillage","ash","2","4","default","ash/default:4;","main16_ash_default_serin_02","companion_serin","세린","같이 일어나는 건 맞아요. 어느 쪽이 원인인지는 모르겠습니다.","같이 일어나는 건 맞아요. 어느 쪽이 원인인지는 모르겠습니다.","Limitless_TTS_Output_Main16/dialogue_manifest_main16.csv","Limitless_TTS_Output_Main16","Limitless_TTS_Output_Main16","Schedar","main16_ash_default_serin_02.wav","Unity/Client/Assets/_Project/Audio/Voice/Story/Main16/main16_ash_default_serin_02.wav","6.32","-19.72963371","-1.93932689","151680","24000","1","16","60655c278833249eb20cccc0a36390f97b5372c9d653b9dad0f6c3c806dfac2a","cd342417e598ff7025ec6f5636bbd6b0d7da158d317e700ad9989674fdafa2ac","Assets/_Project/Audio/Voice/Story/Main16/main16_ash_default_serin_02.wav","6667a77a3eb849838835ca56f8fa48fc","companion_serin","6667a77a3eb849838835ca56f8fa48fc","2","1","25","0.2528","0.21916667","NEEDS_LISTENING","False","False","False","False","MEDIUM","SEMANTIC_LISTENING_PRIORITY_MEDIUM","20","IMPORTANT_STORY_UNLISTENED","LISTEN_COMPARE_FULL_RUNTIME_TEXT","False","False","False","False","False","False","False","False","False","False","False",""
127,200,"LISTEN_IN_GAMEPLAY_SEQUENCE_COMPARE_FULL_TEXT","16","main_16_shape_in_the_ash","Field_07/World_ArbelVillage","vibration","3","2","hearing","vibration/hearing:2;","main16_vibration_hearing_serin_01","companion_serin","세린","네. 방향은 같습니다. 다만 어디에서 시작되는지는 아직 모르겠습니다.","네. 방향은 같습니다. 다만 어디에서 시작되는지는 아직 모르겠습니다.","Limitless_TTS_Output_Main16/dialogue_manifest_main16.csv","Limitless_TTS_Output_Main16","Limitless_TTS_Output_Main16","Schedar","main16_vibration_hearing_serin_01.wav","Unity/Client/Assets/_Project/Audio/Voice/Story/Main16/main16_vibration_hearing_serin_01.wav","7.74","-19.22845257","-1.8074484","185760","24000","1","16","562de29e973ed994cb8c6185a90d4292803a63ce17cd1f619e8a4720ddd89575","0231f6c7f81ff7e66b9ec8dc6df28c7c9bc87b7aaa666a2590c22112de58cfa4","Assets/_Project/Audio/Voice/Story/Main16/main16_vibration_hearing_serin_01.wav","9f3a85ff13504f32a23a859fce54338a","companion_serin","9f3a85ff13504f32a23a859fce54338a","3","1","28","0.27642857","0.21916667","NEEDS_LISTENING","False","False","False","False","MEDIUM","SEMANTIC_LISTENING_PRIORITY_MEDIUM","45","LONG_MULTI_SENTENCE_OR_3_LINES;IMPORTANT_STORY_UNLISTENED","LISTEN_COMPARE_FULL_RUNTIME_TEXT","False","False","False","False","False","False","False","False","False","False","False",""
128,201,"LISTEN_IN_GAMEPLAY_SEQUENCE_COMPARE_FULL_TEXT","16","main_16_shape_in_the_ash","Field_07/World_ArbelVillage","vibration","3","1","default","vibration/default:1;","main16_vibration_default_serin_01","companion_serin","세린","서쪽에서 오는 진동이 더 강해요. 간격에도 변화가 있습니다. 발생원은 아직 모르겠습니다.","서쪽에서 오는 진동이 더 강해요. 간격에도 변화가 있습니다. 발생원은 아직 모르겠습니다.","Limitless_TTS_Output_Main16/dialogue_manifest_main16.csv","Limitless_TTS_Output_Main16","Limitless_TTS_Output_Main16","Schedar","main16_vibration_default_serin_01.wav","Unity/Client/Assets/_Project/Audio/Voice/Story/Main16/main16_vibration_default_serin_01.wav","9.81","-20.10371713","-3.43452642","235440","24000","1","16","dd05a5e6aca4ce6ca520fc6a40201914e81f05a72c0555461a32691750e25648","7f4b0e7651785c99b965eba901cca1d063965b478c940dce8bf4f963c64fddae","Assets/_Project/Audio/Voice/Story/Main16/main16_vibration_default_serin_01.wav","69efba0df24249d290f2b376f5991afa","companion_serin","69efba0df24249d290f2b376f5991afa","3","1","36","0.2725","0.21916667","NEEDS_LISTENING","False","False","False","False","MEDIUM","SEMANTIC_LISTENING_PRIORITY_MEDIUM","45","LONG_MULTI_SENTENCE_OR_3_LINES;IMPORTANT_STORY_UNLISTENED","LISTEN_COMPARE_FULL_RUNTIME_TEXT","False","False","False","False","False","False","False","False","False","False","False",""
129,202,"LISTEN_IN_GAMEPLAY_SEQUENCE_COMPARE_FULL_TEXT","16","main_16_shape_in_the_ash","Field_07/World_ArbelVillage","tracks","4","1","shared","tracks/hearing:1;tracks/default:1;","main16_tracks_paul_01","companion_paul","폴","여기까지는 계속 서쪽으로 갔습니다.","여기까지는 계속 서쪽으로 갔습니다.","Limitless_TTS_Output_Main16/dialogue_manifest_main16.csv","Limitless_TTS_Output_Main16","Limitless_TTS_Output_Main16","Achird","main16_tracks_paul_01.wav","Unity/Client/Assets/_Project/Audio/Voice/Story/Main16/main16_tracks_paul_01.wav","4.45","-21.52946492","-3.48387035","106800","24000","1","16","2e3e114ec957d3b4e0b1a1a0afeae1c27a37a816256b65b44674d1b5babf5a6c","c00a97fb38b14b34daa7d8bdfd90fd1749da24051ec49ac2773569042ab6ae4a","Assets/_Project/Audio/Voice/Story/Main16/main16_tracks_paul_01.wav","398fdb8f95ed4eb9955c5dd22aa9a55d","companion_paul","398fdb8f95ed4eb9955c5dd22aa9a55d","1","1","15","0.29666667","0.2308","NEEDS_LISTENING","False","False","False","False","MEDIUM","SEMANTIC_LISTENING_PRIORITY_MEDIUM","20","IMPORTANT_STORY_UNLISTENED","LISTEN_COMPARE_FULL_RUNTIME_TEXT","False","False","False","False","False","False","False","False","False","False","False",""
130,203,"LISTEN_IN_GAMEPLAY_SEQUENCE_COMPARE_FULL_TEXT","16","main_16_shape_in_the_ash","Field_07/World_ArbelVillage","tracks","4","2","shared","tracks/hearing:2;tracks/default:2;","main16_tracks_miel_01","companion_miel","미엘","그런데 여기서 전부 방향을 바꿨네요.","그런데 여기서 전부 방향을 바꿨네요.","Limitless_TTS_Output_Main16/dialogue_manifest_main16.csv","Limitless_TTS_Output_Main16","Limitless_TTS_Output_Main16","Sulafat","main16_tracks_miel_01.wav","Unity/Client/Assets/_Project/Audio/Voice/Story/Main16/main16_tracks_miel_01.wav","4.28","-18.68459287","-5.08041039","102720","24000","1","16","6035bfe1843393fe680a031b95c86a0ec8ecdc834f456b34751d1c83092709b2","0b16ff92e9c85dad407d48b5e29f30b729e5d7e37b8eb558306372c59f3febc5","Assets/_Project/Audio/Voice/Story/Main16/main16_tracks_miel_01.wav","27fa7490023a49f68a967f6f82faf8b2","companion_miel","27fa7490023a49f68a967f6f82faf8b2","1","1","15","0.28533333","0.219375","NEEDS_LISTENING","False","False","False","False","MEDIUM","SEMANTIC_LISTENING_PRIORITY_MEDIUM","20","IMPORTANT_STORY_UNLISTENED","LISTEN_COMPARE_FULL_RUNTIME_TEXT","False","False","False","False","False","False","False","False","False","False","False",""
131,204,"LISTEN_IN_GAMEPLAY_SEQUENCE_COMPARE_FULL_TEXT","16","main_16_shape_in_the_ash","Field_07/World_ArbelVillage","tracks","4","3","shared","tracks/hearing:3;tracks/default:3;","main16_tracks_taeon_01","companion_taeon","태온","무언가를 피한 것으로 보입니다.","무언가를 피한 것으로 보입니다.","Limitless_TTS_Output_Main16/dialogue_manifest_main16.csv","Limitless_TTS_Output_Main16","Limitless_TTS_Output_Main16","Gacrux","main16_tracks_taeon_01.wav","Unity/Client/Assets/_Project/Audio/Voice/Story/Main16/main16_tracks_taeon_01.wav","4.15","-23.69774441","-3.06311994","99600","24000","1","16","cc9f4fd6dd7fdbb61d353bee2a92574aaf92552542f34b0565f4b7960382cd7b","fc989b19558a1a79355c15d11a2bf97f519b6b5f3a974fbff565b651b9c61987","Assets/_Project/Audio/Voice/Story/Main16/main16_tracks_taeon_01.wav","714fd5538e3345d182d9ab819695afb5","companion_taeon","714fd5538e3345d182d9ab819695afb5","1","1","13","0.31923077","0.221875","NEEDS_LISTENING","False","False","False","False","MEDIUM","SEMANTIC_LISTENING_PRIORITY_MEDIUM","20","IMPORTANT_STORY_UNLISTENED","LISTEN_COMPARE_FULL_RUNTIME_TEXT","False","False","False","False","False","False","False","False","False","False","False",""
132,205,"LISTEN_IN_GAMEPLAY_SEQUENCE_COMPARE_FULL_TEXT","16","main_16_shape_in_the_ash","Field_07/World_ArbelVillage","witness_emerge","6","2","shared","witness_emerge/hearing:2;witness_emerge/default:2;","main16_witness_taeon_01","companion_taeon","태온","모두 준비하세요. 저 형체가 다가옵니다.","모두 준비하세요. 저 형체가 다가옵니다.","Limitless_TTS_Output_Main16/dialogue_manifest_main16.csv","Limitless_TTS_Output_Main16","Limitless_TTS_Output_Main16","Gacrux","main16_witness_taeon_01.wav","Unity/Client/Assets/_Project/Audio/Voice/Story/Main16/main16_witness_taeon_01.wav","2.5","-20.47751252","-1.93800146","60000","24000","1","16","d2a323da0de76a5528f561c731ecc970f6a7c2d15c3335175d70101bde7ad666","a988570f719a4b1499cf1397a5acd61bfd0ab5329ac32c116afe547d580e8d3c","Assets/_Project/Audio/Voice/Story/Main16/main16_witness_taeon_01.wav","e8234f74d9e74855bba744f78ed02eed","companion_taeon","e8234f74d9e74855bba744f78ed02eed","2","1","16","0.15625","0.221875","NEEDS_LISTENING","False","False","False","False","MEDIUM","SEMANTIC_LISTENING_PRIORITY_MEDIUM","20","IMPORTANT_STORY_UNLISTENED","LISTEN_COMPARE_FULL_RUNTIME_TEXT","False","False","False","False","False","False","False","False","False","False","False",""
133,206,"LISTEN_IN_GAMEPLAY_SEQUENCE_COMPARE_FULL_TEXT","16","main_16_shape_in_the_ash","Field_07/World_ArbelVillage","retry","7","1","shared","retry/hearing:1;retry/default:1;","main16_retry_taeon_01","companion_taeon","태온","아직 그 형체가 남아 있습니다. 준비가 되면 다시 상대하죠.","아직 그 형체가 남아 있습니다. 준비가 되면 다시 상대하죠.","Limitless_TTS_Output_Main16/dialogue_manifest_main16.csv","Limitless_TTS_Output_Main16","Limitless_TTS_Output_Main16","Gacrux","main16_retry_taeon_01.wav","Unity/Client/Assets/_Project/Audio/Voice/Story/Main16/main16_retry_taeon_01.wav","1.18","-51.83900289","-33.9841727","28320","24000","1","16","9bfaa996c678c90c162523d395085223b176ed7a014923cfeddd738c51fc6f16","bba4f2623e0ed6dbb186d4e6fea137a7747eca4eff8a005450945ec56bc24785","Assets/_Project/Audio/Voice/Story/Main16/main16_retry_taeon_01.wav","82ec5ceac9ce40febe4a5700655b0e53","companion_taeon","82ec5ceac9ce40febe4a5700655b0e53","2","1","23","0.05130435","0.221875","NEEDS_LISTENING","False","False","False","False","HIGH","SEMANTIC_LISTENING_PRIORITY_HIGH","310","LOW_RMS_BELOW_MINUS45_DBFS;EXTREME_SHORT_TEXT_DURATION_RATIO;MULTI_SENTENCE_SHORT_AUDIO;SAME_SPEAKER_NEARBY_OUTLIER;IMPORTANT_STORY_UNLISTENED","LISTEN_COMPARE_FULL_RUNTIME_TEXT","False","False","False","False","False","True","True","True","True","False","False",""
134,207,"LISTEN_IN_GAMEPLAY_SEQUENCE_COMPARE_FULL_TEXT","16","main_16_shape_in_the_ash","Field_07/World_ArbelVillage","afterimage","8","2","hearing","afterimage/hearing:2;","main16_afterimage_hearing_serin_01","companion_serin","세린","네. 저도 잡힙니다.","네. 저도 잡힙니다.","Limitless_TTS_Output_Main16/dialogue_manifest_main16.csv","Limitless_TTS_Output_Main16","Limitless_TTS_Output_Main16","Schedar","main16_afterimage_hearing_serin_01.wav","Unity/Client/Assets/_Project/Audio/Voice/Story/Main16/main16_afterimage_hearing_serin_01.wav","2.77","-20.66367826","-2.58187354","66480","24000","1","16","342c068f077fa72e37c5d2cd519828b22175bb1909c88d64e9f6b8635978b35d","2321f0a9ad6eea60020e9b121d63ceb8109d62192c9313589659bf7df80bfb8a","Assets/_Project/Audio/Voice/Story/Main16/main16_afterimage_hearing_serin_01.wav","9e99b20d87424807adbb9b335a5278a2","companion_serin","9e99b20d87424807adbb9b335a5278a2","2","1","7","0.39571429","0.21916667","NEEDS_LISTENING","False","False","False","False","MEDIUM","SEMANTIC_LISTENING_PRIORITY_MEDIUM","20","IMPORTANT_STORY_UNLISTENED","LISTEN_COMPARE_FULL_RUNTIME_TEXT","False","False","False","False","False","False","False","False","False","False","False",""
135,208,"LISTEN_IN_GAMEPLAY_SEQUENCE_COMPARE_FULL_TEXT","16","main_16_shape_in_the_ash","Field_07/World_ArbelVillage","afterimage","8","3","shared","afterimage/hearing:3;afterimage/default:3;","main16_afterimage_paul_01","companion_paul","폴","그러면 저게 진동을 만든 건 아니군요.","그러면 저게 진동을 만든 건 아니군요.","Limitless_TTS_Output_Main16/dialogue_manifest_main16.csv","Limitless_TTS_Output_Main16","Limitless_TTS_Output_Main16","Achird","main16_afterimage_paul_01.wav","Unity/Client/Assets/_Project/Audio/Voice/Story/Main16/main16_afterimage_paul_01.wav","6.43","-20.55124213","-3.58220598","154320","24000","1","16","e602ccae0574cce2342c812a4bc995097d772e4dbeaba9078e274172d45b2b7a","32ae30bc630dd430b149feb6f8010446658351e14eec079cb5dc1dd5ad4183de","Assets/_Project/Audio/Voice/Story/Main16/main16_afterimage_paul_01.wav","c93a8dbf63a04bd7be0255799818d062","companion_paul","c93a8dbf63a04bd7be0255799818d062","1","1","15","0.42866667","0.2308","NEEDS_LISTENING","False","False","False","False","MEDIUM","SEMANTIC_LISTENING_PRIORITY_MEDIUM","20","IMPORTANT_STORY_UNLISTENED","LISTEN_COMPARE_FULL_RUNTIME_TEXT","False","False","False","False","False","False","False","False","False","False","False",""
136,209,"LISTEN_IN_GAMEPLAY_SEQUENCE_COMPARE_FULL_TEXT","16","main_16_shape_in_the_ash","Field_07/World_ArbelVillage","afterimage","8","4","shared","afterimage/hearing:4;afterimage/default:4;","main16_afterimage_taeon_01","companion_taeon","태온","적어도 모든 원인은 아니라는 뜻이겠습니다.","적어도 모든 원인은 아니라는 뜻이겠습니다.","Limitless_TTS_Output_Main16/dialogue_manifest_main16.csv","Limitless_TTS_Output_Main16","Limitless_TTS_Output_Main16","Gacrux","main16_afterimage_taeon_01.wav","Unity/Client/Assets/_Project/Audio/Voice/Story/Main16/main16_afterimage_taeon_01.wav","5.65","-17.61313688","-3.01722842","135600","24000","1","16","0ea54f79b7cf6a1ad31e0d0402101bfd6296ecf103489b1c58da87ca0d7a5d78","7acb8b1912a53bdc77aa8d40948dbbb8a06fa964647b8a97e1ebdb56e5d62e0b","Assets/_Project/Audio/Voice/Story/Main16/main16_afterimage_taeon_01.wav","55a7f2394c2442d2ab889849f7da771d","companion_taeon","55a7f2394c2442d2ab889849f7da771d","1","1","18","0.31388889","0.221875","NEEDS_LISTENING","False","False","False","False","MEDIUM","SEMANTIC_LISTENING_PRIORITY_MEDIUM","20","IMPORTANT_STORY_UNLISTENED","LISTEN_COMPARE_FULL_RUNTIME_TEXT","False","False","False","False","False","False","False","False","False","False","False",""
137,210,"LISTEN_IN_GAMEPLAY_SEQUENCE_COMPARE_FULL_TEXT","16","main_16_shape_in_the_ash","Field_07/World_ArbelVillage","afterimage","8","6","shared","afterimage/hearing:6;afterimage/default:6;","main16_afterimage_taeon_02","companion_taeon","태온","열기의 일부가 지하에서 올라오는 것일 수 있습니다. 아직 가설입니다.","열기의 일부가 지하에서 올라오는 것일 수 있습니다. 아직 가설입니다.","Limitless_TTS_Output_Main16/dialogue_manifest_main16.csv","Limitless_TTS_Output_Main16","Limitless_TTS_Output_Main16","Gacrux","main16_afterimage_taeon_02.wav","Unity/Client/Assets/_Project/Audio/Voice/Story/Main16/main16_afterimage_taeon_02.wav","9.28","-20.02624967","-1.67657775","222720","24000","1","16","e4e786866139b7c51a4999ff399246c4e14776966e28ea226a9dcc13f75db4aa","00a97c98c970cd9a35dcd11776c0d29777480732aa33115d57da74a058bb0073","Assets/_Project/Audio/Voice/Story/Main16/main16_afterimage_taeon_02.wav","7b63a90637774053a582c99e237a210c","companion_taeon","7b63a90637774053a582c99e237a210c","2","1","28","0.33142857","0.221875","NEEDS_LISTENING","False","False","False","False","MEDIUM","SEMANTIC_LISTENING_PRIORITY_MEDIUM","20","IMPORTANT_STORY_UNLISTENED","LISTEN_COMPARE_FULL_RUNTIME_TEXT","False","False","False","False","False","False","False","False","False","False","False",""
138,211,"LISTEN_IN_GAMEPLAY_SEQUENCE_COMPARE_FULL_TEXT","16","main_16_shape_in_the_ash","Field_07/World_ArbelVillage","afterimage","8","1","default","afterimage/default:1;","main16_afterimage_default_serin_01","companion_serin","세린","아직 계속됩니다.","아직 계속됩니다.","Limitless_TTS_Output_Main16/dialogue_manifest_main16.csv","Limitless_TTS_Output_Main16","Limitless_TTS_Output_Main16","Schedar","main16_afterimage_default_serin_01.wav","Unity/Client/Assets/_Project/Audio/Voice/Story/Main16/main16_afterimage_default_serin_01.wav","3.56","-28.50568945","-6.35456825","85440","24000","1","16","5ee2c3ca852e9a6535bf304034da3c2aa48437b741728ec266abe4e380cf6285","6a9bf7f0ba7e818c27ed7822832c178af0ed27041f55cc93705f74903fee89d7","Assets/_Project/Audio/Voice/Story/Main16/main16_afterimage_default_serin_01.wav","1f5ce02745cb4873b64e0a29a1cc20c6","companion_serin","1f5ce02745cb4873b64e0a29a1cc20c6","1","1","7","0.50857143","0.21916667","NEEDS_LISTENING","False","False","False","False","MEDIUM","SEMANTIC_LISTENING_PRIORITY_MEDIUM","20","IMPORTANT_STORY_UNLISTENED","LISTEN_COMPARE_FULL_RUNTIME_TEXT","False","False","False","False","False","False","False","False","False","False","False",""
139,212,"LISTEN_IN_GAMEPLAY_SEQUENCE_COMPARE_FULL_TEXT","16","main_16_shape_in_the_ash","Field_07/World_ArbelVillage","canyon","9","3","hearing","canyon/hearing:3;","main16_canyon_hearing_serin_01","companion_serin","세린","네. 그 방향과 반복이 같이 잡힙니다. 정확한 발생 위치는 아직 모릅니다.","네. 그 방향과 반복이 같이 잡힙니다. 정확한 발생 위치는 아직 모릅니다.","Limitless_TTS_Output_Main16/dialogue_manifest_main16.csv","Limitless_TTS_Output_Main16","Limitless_TTS_Output_Main16","Schedar","main16_canyon_hearing_serin_01.wav","Unity/Client/Assets/_Project/Audio/Voice/Story/Main16/main16_canyon_hearing_serin_01.wav","7","-20.26412571","-1.76349715","168000","24000","1","16","8c69ce1c434e7713bbe89f09f9fd6922c832e607d32b37c9d8784ade0069902a","f69d44f106e11c661ae5dcb6be0248bedf5daddd8de3d4b2a20ab4ebad906f12","Assets/_Project/Audio/Voice/Story/Main16/main16_canyon_hearing_serin_01.wav","b5e0293ed7fa43adbcc7786d5760034e","companion_serin","b5e0293ed7fa43adbcc7786d5760034e","3","1","28","0.25","0.21916667","NEEDS_LISTENING","False","False","False","False","MEDIUM","SEMANTIC_LISTENING_PRIORITY_MEDIUM","45","LONG_MULTI_SENTENCE_OR_3_LINES;IMPORTANT_STORY_UNLISTENED","LISTEN_COMPARE_FULL_RUNTIME_TEXT","False","False","False","False","False","False","False","False","False","False","False",""
140,213,"LISTEN_IN_GAMEPLAY_SEQUENCE_COMPARE_FULL_TEXT","16","main_16_shape_in_the_ash","Field_07/World_ArbelVillage","canyon","9","4","shared","canyon/hearing:4;canyon/default:4;","main16_canyon_taeon_01","companion_taeon","태온","오늘은 여기까지 확인하는 편이 좋겠습니다.","오늘은 여기까지 확인하는 편이 좋겠습니다.","Limitless_TTS_Output_Main16/dialogue_manifest_main16.csv","Limitless_TTS_Output_Main16","Limitless_TTS_Output_Main16","Gacrux","main16_canyon_taeon_01.wav","Unity/Client/Assets/_Project/Audio/Voice/Story/Main16/main16_canyon_taeon_01.wav","6.63","-19.19183876","-2.16492094","159120","24000","1","16","4c718461b052a9e467e5ec217271d1741f52840c5292432c109b09537f14058f","53e45dd6fe1befffe2a30e3dd65a20506e66e0d911295d3d947ffdb09bf75d01","Assets/_Project/Audio/Voice/Story/Main16/main16_canyon_taeon_01.wav","6b9acdc68cb9456faf7dd54bcdd4dbae","companion_taeon","6b9acdc68cb9456faf7dd54bcdd4dbae","1","1","18","0.36833333","0.221875","NEEDS_LISTENING","False","False","False","False","MEDIUM","SEMANTIC_LISTENING_PRIORITY_MEDIUM","20","IMPORTANT_STORY_UNLISTENED","LISTEN_COMPARE_FULL_RUNTIME_TEXT","False","False","False","False","False","False","False","False","False","False","False",""
141,214,"LISTEN_IN_GAMEPLAY_SEQUENCE_COMPARE_FULL_TEXT","16","main_16_shape_in_the_ash","Field_07/World_ArbelVillage","canyon","9","5","shared","canyon/hearing:5;canyon/default:5;","main16_canyon_paul_01","companion_paul","폴","찬성입니다. 확인과 무모함은 다른 일이니까요.","찬성입니다. 확인과 무모함은 다른 일이니까요.","Limitless_TTS_Output_Main16/dialogue_manifest_main16.csv","Limitless_TTS_Output_Main16","Limitless_TTS_Output_Main16","Achird","main16_canyon_paul_01.wav","Unity/Client/Assets/_Project/Audio/Voice/Story/Main16/main16_canyon_paul_01.wav","6.66","-21.58377158","-2.49842131","159840","24000","1","16","38f4c128c6c51f140b4acc985c749fff8e56559219ba3b1f6d16425f01608c37","adf12af0669de8dd3173488fe618f3dc4de50db3d272774e7e3f4c8ef65f5f65","Assets/_Project/Audio/Voice/Story/Main16/main16_canyon_paul_01.wav","53ec7f3611174d55bcf8464dea828d73","companion_paul","53ec7f3611174d55bcf8464dea828d73","2","1","19","0.35052632","0.2308","NEEDS_LISTENING","False","False","False","False","MEDIUM","SEMANTIC_LISTENING_PRIORITY_MEDIUM","20","IMPORTANT_STORY_UNLISTENED","LISTEN_COMPARE_FULL_RUNTIME_TEXT","False","False","False","False","False","False","False","False","False","False","False",""
142,215,"LISTEN_IN_GAMEPLAY_SEQUENCE_COMPARE_FULL_TEXT","16","main_16_shape_in_the_ash","Field_07/World_ArbelVillage","canyon","9","6","shared","canyon/hearing:6;canyon/default:6;","main16_canyon_miel_01","companion_miel","미엘","아르벨에 먼저 알려야겠어요.","아르벨에 먼저 알려야겠어요.","Limitless_TTS_Output_Main16/dialogue_manifest_main16.csv","Limitless_TTS_Output_Main16","Limitless_TTS_Output_Main16","Sulafat","main16_canyon_miel_01.wav","Unity/Client/Assets/_Project/Audio/Voice/Story/Main16/main16_canyon_miel_01.wav","4.28","-20.00859238","-3.66588727","102720","24000","1","16","b7c3eea7155ba02f7b73fa24ffd5438d9f99d3cb2265d04071c35da9de138ed2","f42a10227b9853723f50b513a9a89e8cbab67ba059ae7503c0a6195a9c4610ea","Assets/_Project/Audio/Voice/Story/Main16/main16_canyon_miel_01.wav","2b1e02c695e543bcb48aaa8565b622db","companion_miel","2b1e02c695e543bcb48aaa8565b622db","1","1","12","0.35666667","0.219375","NEEDS_LISTENING","False","False","False","False","MEDIUM","SEMANTIC_LISTENING_PRIORITY_MEDIUM","20","IMPORTANT_STORY_UNLISTENED","LISTEN_COMPARE_FULL_RUNTIME_TEXT","False","False","False","False","False","False","False","False","False","False","False",""
143,216,"LISTEN_IN_GAMEPLAY_SEQUENCE_COMPARE_FULL_TEXT","16","main_16_shape_in_the_ash","Field_07/World_ArbelVillage","canyon","9","2","default","canyon/default:2;","main16_canyon_default_serin_01","companion_serin","세린","진동은 붉은 균열 협곡 방향에서 더 강해요. 정확한 발생 위치는 아직 모르겠습니다.","진동은 붉은 균열 협곡 방향에서 더 강해요. 정확한 발생 위치는 아직 모르겠습니다.","Limitless_TTS_Output_Main16/dialogue_manifest_main16.csv","Limitless_TTS_Output_Main16","Limitless_TTS_Output_Main16","Schedar","main16_canyon_default_serin_01.wav","Unity/Client/Assets/_Project/Audio/Voice/Story/Main16/main16_canyon_default_serin_01.wav","7.26","-18.70658399","-2.55942246","174240","24000","1","16","7903abe509ac92fa49433ef50946a5f91b7a7eb4aedd7c1e2857bbdbbdcc7260","8cdc2be65f34c0f55fa4e37ea63227cf55ffa9f54a4ff6f99ac30aab2a464c8b","Assets/_Project/Audio/Voice/Story/Main16/main16_canyon_default_serin_01.wav","cddb00b17d404589a63d9de81d794ffb","companion_serin","cddb00b17d404589a63d9de81d794ffb","2","1","33","0.22","0.21916667","NEEDS_LISTENING","False","False","False","False","MEDIUM","SEMANTIC_LISTENING_PRIORITY_MEDIUM","20","IMPORTANT_STORY_UNLISTENED","LISTEN_COMPARE_FULL_RUNTIME_TEXT","False","False","False","False","False","False","False","False","False","False","False",""
144,217,"LISTEN_IN_GAMEPLAY_SEQUENCE_COMPARE_FULL_TEXT","16","main_16_shape_in_the_ash","Field_07/World_ArbelVillage","report","10","2","shared","report/hearing:2;report/default:2;","main16_report_taeon_01","companion_taeon","태온","열기의 일부가 지하에서 올라올 가능성은 있습니다. 가설일 뿐이며 재와 진동의 원인, 형체의 정체는 아직 모릅니다.","열기의 일부가 지하에서 올라올 가능성은 있습니다. 가설일 뿐이며 재와 진동의 원인, 형체의 정체는 아직 모릅니다.","Limitless_TTS_Output_Main16/dialogue_manifest_main16.csv","Limitless_TTS_Output_Main16","Limitless_TTS_Output_Main16","Gacrux","main16_report_taeon_01.wav","Unity/Client/Assets/_Project/Audio/Voice/Story/Main16/main16_report_taeon_01.wav","10.69","-16.76733927","-1.80810121","256560","24000","1","16","da6a4e3a6a64c244ceccbf91b3daae27289585cbd3537508d066ee8f68e10199","310629110ad041487d1f33ea10c191f8d70c4756df1a3f3be61b2090f30193b9","Assets/_Project/Audio/Voice/Story/Main16/main16_report_taeon_01.wav","1a1976f805164200a9abdf8e0a097d95","companion_taeon","1a1976f805164200a9abdf8e0a097d95","2","1","46","0.2323913","0.221875","NEEDS_LISTENING","False","False","False","False","MEDIUM","SEMANTIC_LISTENING_PRIORITY_MEDIUM","45","LONG_MULTI_SENTENCE_OR_3_LINES;IMPORTANT_STORY_UNLISTENED","LISTEN_COMPARE_FULL_RUNTIME_TEXT","False","False","False","False","False","False","False","False","False","False","False",""
145,218,"LISTEN_IN_GAMEPLAY_SEQUENCE_COMPARE_FULL_TEXT","16","main_16_shape_in_the_ash","Field_07/World_ArbelVillage","report","10","3","shared","report/hearing:3;report/default:3;","main16_report_leon_01","arbel-leon","레온","그러면 동물들만 변하고 있는 게 아니군요.","그러면 동물들만 변하고 있는 게 아니군요.","Limitless_TTS_Output_Main16/dialogue_manifest_main16.csv","Limitless_TTS_Output_Main16","Limitless_TTS_Output_Main16","Orus","main16_report_leon_01.wav","Unity/Client/Assets/_Project/Audio/Voice/Story/Main16/main16_report_leon_01.wav","5.51","-20.67406429","-3.88075874","132240","24000","1","16","7bcb8f08332453268c16f141e9f4d7bcb01580808690c233fcbbeb09fb76479b","fdcffbe04ec27f1a1b7826439f0264bff04112a0b79c18229f54796eb1bfbeb2","Assets/_Project/Audio/Voice/Story/Main16/main16_report_leon_01.wav","fbbe2eb6dd8144eca816dd50fedb4a92","arbel-leon","fbbe2eb6dd8144eca816dd50fedb4a92","1","1","17","0.32411765","0.34411011","NEEDS_LISTENING","False","False","False","False","MEDIUM","SEMANTIC_LISTENING_PRIORITY_MEDIUM","20","IMPORTANT_STORY_UNLISTENED","LISTEN_COMPARE_FULL_RUNTIME_TEXT","False","False","False","False","False","False","False","False","False","False","False",""
146,219,"LISTEN_IN_GAMEPLAY_SEQUENCE_COMPARE_FULL_TEXT","16","main_16_shape_in_the_ash","Field_07/World_ArbelVillage","report","10","4","shared","report/hearing:4;report/default:4;","main16_report_paul_01","companion_paul","폴","네. 적어도 이제는 그렇게 보는 편이 맞겠습니다.","네. 적어도 이제는 그렇게 보는 편이 맞겠습니다.","Limitless_TTS_Output_Main16/dialogue_manifest_main16.csv","Limitless_TTS_Output_Main16","Limitless_TTS_Output_Main16","Achird","main16_report_paul_01.wav","Unity/Client/Assets/_Project/Audio/Voice/Story/Main16/main16_report_paul_01.wav","6.1","-21.33192855","-2.02290494","146400","24000","1","16","7906771fae1cedcaf4145a63edf15c3337ac3e9aa6943cfadcb554eb006b072c","c7ca723c66d53ff2d07789ac0f13917f2a1b814f11748f31d82d92e0fbc56371","Assets/_Project/Audio/Voice/Story/Main16/main16_report_paul_01.wav","1330c9a31d554747b55e742f55dcd206","companion_paul","1330c9a31d554747b55e742f55dcd206","2","1","19","0.32105263","0.2308","NEEDS_LISTENING","False","False","False","False","MEDIUM","SEMANTIC_LISTENING_PRIORITY_MEDIUM","20","IMPORTANT_STORY_UNLISTENED","LISTEN_COMPARE_FULL_RUNTIME_TEXT","False","False","False","False","False","False","False","False","False","False","False",""
147,19,"LISTEN_IN_GAMEPLAY_SEQUENCE_COMPARE_FULL_TEXT","3","main_03_unfamiliar_companion","Field_01","TryReach","4","1","shared","","main03_taeon_supp_001","companion_taeon","태온","바닥에 간단히 치료한 흔적과 떨어진 붕대가 남아 있습니다.","바닥에 간단히 치료한 흔적과 떨어진 붕대가 남아 있습니다.","Limitless_TTS_Output_Missing_Main01_05_08_12_v2/dialogue_manifest_missing_main01_05_08_12_v2.csv","Limitless_TTS_Output_Missing_Main01_05_08_12_v2","Limitless_TTS_Output_Missing_Main01_05_08_12_v2","Gacrux","main03_taeon_supp_001.wav","Unity/Client/Assets/_Project/Audio/Voice/Story/Main03/main03_taeon_supp_001.wav","4.9","-20.20931377","-1.49427952","117600","24000","1","16","ea895d4960cba09021d863b7349370fdb4ade354b53fc98b94a53c7f12722f07","fcbf39366cae130de12d86a1a2e42b9c1ff9eef6ee09e6e878f287a34c52f5a3","Assets/_Project/Audio/Voice/Story/Main03/main03_taeon_supp_001.wav","b05384306c5fa854dbc912630b330974","companion_taeon","b05384306c5fa854dbc912630b330974","1","1","24","0.20416667","0.221875","NEEDS_LISTENING","False","False","False","False","HIGH","SEMANTIC_LISTENING_PRIORITY_HIGH","90","PREVIOUS_PROBLEM_SUPPLEMENT_BATCH;SUPPLEMENT_PACK_UNLISTENED","LISTEN_COMPARE_FULL_RUNTIME_TEXT","False","False","False","False","False","False","False","False","False","False","False",""
148,20,"LISTEN_IN_GAMEPLAY_SEQUENCE_COMPARE_FULL_TEXT","3","main_03_unfamiliar_companion","Field_01","TryReach","4","2","shared","","main03_taeon_supp_002","companion_taeon","태온","누군가 먼저 이곳을 지나간 것 같습니다.","누군가 먼저 이곳을 지나간 것 같습니다.","Limitless_TTS_Output_Missing_Main01_05_08_12_v2/dialogue_manifest_missing_main01_05_08_12_v2.csv","Limitless_TTS_Output_Missing_Main01_05_08_12_v2","Limitless_TTS_Output_Missing_Main01_05_08_12_v2","Gacrux","main03_taeon_supp_002.wav","Unity/Client/Assets/_Project/Audio/Voice/Story/Main03/main03_taeon_supp_002.wav","3.94","-23.58277114","-5.81833745","94560","24000","1","16","45a20c2e28f54151c4385867cd5753a079f7d71671f1a5b62abf99412643324e","f988703b8daa8e3900fc59997e54e6e53114e156e855945eb62f330547792864","Assets/_Project/Audio/Voice/Story/Main03/main03_taeon_supp_002.wav","09e41a7b9fed74348b429c7c07a813f1","companion_taeon","09e41a7b9fed74348b429c7c07a813f1","1","1","16","0.24625","0.221875","NEEDS_LISTENING","False","False","False","False","HIGH","SEMANTIC_LISTENING_PRIORITY_HIGH","90","PREVIOUS_PROBLEM_SUPPLEMENT_BATCH;SUPPLEMENT_PACK_UNLISTENED","LISTEN_COMPARE_FULL_RUNTIME_TEXT","False","False","False","False","False","False","False","False","False","False","False",""
149,159,"LISTEN_IN_GAMEPLAY_SEQUENCE_COMPARE_FULL_TEXT","14","main_14_ground_pulse","World_ArbelVillage/Field_05","QuestSequence01","1","1","shared","","main14_leon_001","arbel-leon","레온","서쪽 땅이 마른 건 오래됐지만 최근 속도가 빠릅니다. 주민들이 쓸 우물부터 확인해 주시겠습니까?","서쪽 땅이 마른 건 오래됐지만 최근 속도가 빠릅니다. 주민들이 쓸 우물부터 확인해 주시겠습니까?","Limitless_TTS_Output_Main13_15/dialogue_manifest_main13_15.csv","Limitless_TTS_Output_Main13_15","Limitless_TTS_Output_Main13_15","Orus","main14_leon_001.wav","Unity/Client/Assets/_Project/Audio/Voice/Story/Main14/main14_leon_001.wav","14.2","-21.941829","-1.82182145","340800","24000","1","16","4c9905a9aef30dfb311fda946bdefdcfac2a51f1cec7dbbff7082e41ae53c5d4","41672f5e24eaddd25153937aa1fd94ad9fa474276f9f69442707fdada2ed4e6d","Assets/_Project/Audio/Voice/Story/Main14/main14_leon_001.wav","94c96f49759593a42ad5fc77b23a2a99","arbel-leon","94c96f49759593a42ad5fc77b23a2a99","2","1","39","0.36410256","0.34411011","NEEDS_LISTENING","False","False","False","False","MEDIUM","SEMANTIC_LISTENING_PRIORITY_MEDIUM","45","LONG_MULTI_SENTENCE_OR_3_LINES;IMPORTANT_STORY_UNLISTENED","LISTEN_COMPARE_FULL_RUNTIME_TEXT","False","False","False","False","False","False","False","False","False","False","False",""
150,160,"LISTEN_IN_GAMEPLAY_SEQUENCE_COMPARE_FULL_TEXT","14","main_14_ground_pulse","World_ArbelVillage/Field_05","QuestSequence02","2","1","shared","","main14_paul_001","companion_paul","폴","서쪽 우물의 수위가 더 낮습니다. 지하 흐름 차이는 가능성일 뿐입니다.","서쪽 우물의 수위가 더 낮습니다. 지하 흐름 차이는 가능성일 뿐입니다.","Limitless_TTS_Output_Main13_15/dialogue_manifest_main13_15.csv","Limitless_TTS_Output_Main13_15","Limitless_TTS_Output_Main13_15","Achird","main14_paul_001.wav","Unity/Client/Assets/_Project/Audio/Voice/Story/Main14/main14_paul_001.wav","5.28","-19.77597463","-2.33249736","126720","24000","1","16","49ea4527be0a3bf9ca55fb8bc6a8def306010525bdbe5094c854fef489e81164","c840c3382dc066e10a9f8d749bea00759eafd3e5466a6aa8cca9faaa8bd8d680","Assets/_Project/Audio/Voice/Story/Main14/main14_paul_001.wav","876b41e19f2eb85459d1056df48cb5ed","companion_paul","876b41e19f2eb85459d1056df48cb5ed","2","1","28","0.18857143","0.2308","NEEDS_LISTENING","False","False","False","False","MEDIUM","SEMANTIC_LISTENING_PRIORITY_MEDIUM","20","IMPORTANT_STORY_UNLISTENED","LISTEN_COMPARE_FULL_RUNTIME_TEXT","False","False","False","False","False","False","False","False","False","False","False",""
151,161,"LISTEN_IN_GAMEPLAY_SEQUENCE_COMPARE_FULL_TEXT","14","main_14_ground_pulse","World_ArbelVillage/Field_05","QuestSequence03","3","1","shared","","main14_paul_002","companion_paul","폴","수로는 거의 말랐고 그늘의 바닥도 미세하게 따뜻합니다.","수로는 거의 말랐고 그늘의 바닥도 미세하게 따뜻합니다.","Limitless_TTS_Output_Main13_15/dialogue_manifest_main13_15.csv","Limitless_TTS_Output_Main13_15","Limitless_TTS_Output_Main13_15","Achird","main14_paul_002.wav","Unity/Client/Assets/_Project/Audio/Voice/Story/Main14/main14_paul_002.wav","1.05","-57.17483173","-39.40285637","25200","24000","1","16","526ff3f01aa4dda666ee1e330ac93020bca70bf60375d7eeda0f7423e041216e","3b7b423d3ebe3494c736d7f86458317a56e4efde4808209724f5b8f9d8520848","Assets/_Project/Audio/Voice/Story/Main14/main14_paul_002.wav","5da30b2a43457004793dbabb963e0112","companion_paul","5da30b2a43457004793dbabb963e0112","1","1","23","0.04565217","0.2308","NEEDS_LISTENING","False","False","False","False","HIGH","SEMANTIC_LISTENING_PRIORITY_HIGH","170","LOW_RMS_BELOW_MINUS45_DBFS;EXTREME_SHORT_TEXT_DURATION_RATIO;IMPORTANT_STORY_UNLISTENED","LISTEN_COMPARE_FULL_RUNTIME_TEXT","False","False","False","False","False","True","True","False","False","False","False",""
152,162,"LISTEN_IN_GAMEPLAY_SEQUENCE_COMPARE_FULL_TEXT","14","main_14_ground_pulse","World_ArbelVillage/Field_05","QuestSequence04","4","1","shared","","main14_serin_001","companion_serin","세린","마을 안에서는 약한데 서쪽으로 갈수록 진동이 커져요. 일정한 간격으로 반복되고요.","마을 안에서는 약한데 서쪽으로 갈수록 진동이 커져요. 일정한 간격으로 반복되고요.","Limitless_TTS_Output_Main13_15/dialogue_manifest_main13_15.csv","Limitless_TTS_Output_Main13_15","Limitless_TTS_Output_Main13_15","Schedar","main14_serin_001.wav","Unity/Client/Assets/_Project/Audio/Voice/Story/Main14/main14_serin_001.wav","7","-18.0229931","-1.88811374","168000","24000","1","16","fe67be396a028b76e23bd58790f7fea67bb0964f0d5ca1f097bd3fe05d199f41","2e098881c5788b52d50e85bd08f7c3ae2555dcada0d8d3c85481c1b4793f7e82","Assets/_Project/Audio/Voice/Story/Main14/main14_serin_001.wav","f648bd02b7f026744b77de3ee838d11e","companion_serin","f648bd02b7f026744b77de3ee838d11e","2","1","34","0.20588235","0.21916667","NEEDS_LISTENING","False","False","False","False","MEDIUM","SEMANTIC_LISTENING_PRIORITY_MEDIUM","20","IMPORTANT_STORY_UNLISTENED","LISTEN_COMPARE_FULL_RUNTIME_TEXT","False","False","False","False","False","False","False","False","False","False","False",""
153,163,"LISTEN_IN_GAMEPLAY_SEQUENCE_COMPARE_FULL_TEXT","14","main_14_ground_pulse","World_ArbelVillage/Field_05","QuestSequence04","4","2","shared","","main14_taeon_001","companion_taeon","태온","열기는 계속 이어집니다. 같은 원인인지는 더 확인해야겠습니다.","열기는 계속 이어집니다. 같은 원인인지는 더 확인해야겠습니다.","Limitless_TTS_Output_Main13_15/dialogue_manifest_main13_15.csv","Limitless_TTS_Output_Main13_15","Limitless_TTS_Output_Main13_15","Gacrux","main14_taeon_001.wav","Unity/Client/Assets/_Project/Audio/Voice/Story/Main14/main14_taeon_001.wav","6.95","-17.31038664","-1.60613219","166800","24000","1","16","ba2fdbe936d03b2ecb9af8c2a702a00d00a2fce102d19edece0572bc1cc42147","f64e722425c14b34ad2dd581899f82ff432e47d75bb11c006fed24ced8852c5d","Assets/_Project/Audio/Voice/Story/Main14/main14_taeon_001.wav","39db0bfc29bc54d4687733277abac61f","companion_taeon","39db0bfc29bc54d4687733277abac61f","2","1","26","0.26730769","0.221875","NEEDS_LISTENING","False","False","False","False","MEDIUM","SEMANTIC_LISTENING_PRIORITY_MEDIUM","20","IMPORTANT_STORY_UNLISTENED","LISTEN_COMPARE_FULL_RUNTIME_TEXT","False","False","False","False","False","False","False","False","False","False","False",""
154,164,"LISTEN_IN_GAMEPLAY_SEQUENCE_COMPARE_FULL_TEXT","14","main_14_ground_pulse","World_ArbelVillage/Field_05","QuestSequence05","5","1","shared","","main14_paul_003","companion_paul","폴","타버린 풀과 갈라진 돌입니다. 열이 잠깐 발생했거나 무언가 지나갔을 수 있습니다.","타버린 풀과 갈라진 돌입니다. 열이 잠깐 발생했거나 무언가 지나갔을 수 있습니다.","Limitless_TTS_Output_Main13_15/dialogue_manifest_main13_15.csv","Limitless_TTS_Output_Main13_15","Limitless_TTS_Output_Main13_15","Achird","main14_paul_003.wav","Unity/Client/Assets/_Project/Audio/Voice/Story/Main14/main14_paul_003.wav","7.07","-20.93511699","-3.38937626","169680","24000","1","16","b58f26d71fc7aaf9278d8fb850e691aaefda215143e97d594cd2fcd57c92ba07","32d62a4380b111f5aead0b2be3c4f7c7e9ec485ef27ac9c3616cf5bd59e8aa9f","Assets/_Project/Audio/Voice/Story/Main14/main14_paul_003.wav","de8715557db747748a5612c3964ebce5","companion_paul","de8715557db747748a5612c3964ebce5","2","1","33","0.21424242","0.2308","NEEDS_LISTENING","False","False","False","False","MEDIUM","SEMANTIC_LISTENING_PRIORITY_MEDIUM","20","IMPORTANT_STORY_UNLISTENED","LISTEN_COMPARE_FULL_RUNTIME_TEXT","False","False","False","False","False","False","False","False","False","False","False",""
155,165,"LISTEN_IN_GAMEPLAY_SEQUENCE_COMPARE_FULL_TEXT","14","main_14_ground_pulse","World_ArbelVillage/Field_05","QuestSequence06","6","1","shared","","main14_serin_002","companion_serin","세린","그 야수는 이쪽으로 오던 게 아니에요. 서쪽에서 도망치고 있었어요.","그 야수는 이쪽으로 오던 게 아니에요. 서쪽에서 도망치고 있었어요.","Limitless_TTS_Output_Main13_15/dialogue_manifest_main13_15.csv","Limitless_TTS_Output_Main13_15","Limitless_TTS_Output_Main13_15","Schedar","main14_serin_002.wav","Unity/Client/Assets/_Project/Audio/Voice/Story/Main14/main14_serin_002.wav","5.21","-17.81987008","-2.38326778","125040","24000","1","16","339d47f6366a852ddbd4c3adc45647aad0c379b2169fcb82fee54b60c3e09d70","f10f54955d72ab69f26b5fdaf316ee08d4ad40e50da31cb63128cc9206b56e19","Assets/_Project/Audio/Voice/Story/Main14/main14_serin_002.wav","b2af673c2bcd1024f881de6e21bcf592","companion_serin","b2af673c2bcd1024f881de6e21bcf592","2","1","27","0.19296296","0.21916667","NEEDS_LISTENING","False","False","False","False","MEDIUM","SEMANTIC_LISTENING_PRIORITY_MEDIUM","20","IMPORTANT_STORY_UNLISTENED","LISTEN_COMPARE_FULL_RUNTIME_TEXT","False","False","False","False","False","False","False","False","False","False","False",""
156,166,"LISTEN_IN_GAMEPLAY_SEQUENCE_COMPARE_FULL_TEXT","14","main_14_ground_pulse","World_ArbelVillage/Field_05","QuestSequence06","6","2","shared","","main14_miel_001","companion_miel","미엘","그럼 저쪽에 무언가 있나요?","그럼 저쪽에 무언가 있나요?","Limitless_TTS_Output_Main13_15/dialogue_manifest_main13_15.csv","Limitless_TTS_Output_Main13_15","Limitless_TTS_Output_Main13_15","Sulafat","main14_miel_001.wav","Unity/Client/Assets/_Project/Audio/Voice/Story/Main14/main14_miel_001.wav","8.57","-19.02608245","-1.71137032","205680","24000","1","16","040936ce2c2e6eee678ee6bd8b2a7cb68005c1472ef2e581f9cb64c748f944e0","91fe9e63a5b3a095d3c7520e9a9fc20308b5c1bb0e4a6b5d4801216d17fd5af6","Assets/_Project/Audio/Voice/Story/Main14/main14_miel_001.wav","c0bfefc9a5b1a1e4691f8d67523c67ea","companion_miel","c0bfefc9a5b1a1e4691f8d67523c67ea","1","1","11","0.77909091","0.219375","NEEDS_LISTENING","False","False","False","False","MEDIUM","SEMANTIC_LISTENING_PRIORITY_MEDIUM","20","IMPORTANT_STORY_UNLISTENED","LISTEN_COMPARE_FULL_RUNTIME_TEXT","False","False","False","False","False","False","False","False","False","False","False",""
157,167,"LISTEN_IN_GAMEPLAY_SEQUENCE_COMPARE_FULL_TEXT","14","main_14_ground_pulse","World_ArbelVillage/Field_05","QuestSequence06","6","3","shared","","main14_serin_003","companion_serin","세린","이번 건 큽니다.","이번 건 큽니다.","Limitless_TTS_Output_Main13_15/dialogue_manifest_main13_15.csv","Limitless_TTS_Output_Main13_15","Limitless_TTS_Output_Main13_15","Schedar","main14_serin_003.wav","Unity/Client/Assets/_Project/Audio/Voice/Story/Main14/main14_serin_003.wav","1.91","-17.62623102","-1.93038414","45840","24000","1","16","d76f0b7d1b162f917682469236c39646dcd2c0e1e738e5cbcc4a0c9f409313ea","dcd9a0209b37c3e34ee47ef2576bfda94e8cb1f207194211f4f9172e4eee3a87","Assets/_Project/Audio/Voice/Story/Main14/main14_serin_003.wav","94660d6c1d15d904e8f1a3ba33f333c3","companion_serin","94660d6c1d15d904e8f1a3ba33f333c3","1","1","6","0.31833333","0.21916667","NEEDS_LISTENING","False","False","False","False","MEDIUM","SEMANTIC_LISTENING_PRIORITY_MEDIUM","20","IMPORTANT_STORY_UNLISTENED","LISTEN_COMPARE_FULL_RUNTIME_TEXT","False","False","False","False","False","False","False","False","False","False","False",""
158,168,"LISTEN_IN_GAMEPLAY_SEQUENCE_COMPARE_FULL_TEXT","14","main_14_ground_pulse","World_ArbelVillage/Field_05","QuestSequence06","6","4","shared","","main14_taeon_002","companion_taeon","태온","이번에는 저도 느꼈습니다. 아직 원인은 알 수 없습니다.","이번에는 저도 느꼈습니다. 아직 원인은 알 수 없습니다.","Limitless_TTS_Output_Main13_15/dialogue_manifest_main13_15.csv","Limitless_TTS_Output_Main13_15","Limitless_TTS_Output_Main13_15","Gacrux","main14_taeon_002.wav","Unity/Client/Assets/_Project/Audio/Voice/Story/Main14/main14_taeon_002.wav","5.86","-19.03728789","-1.69137977","140640","24000","1","16","a3b4eefd74e357de5b8f344f8345a954cb5ae66f3f81a50b3a7115503f6d2009","353662420ed8d1dea044cc71d96c6ebf650557686583a72ca8c873f697d11d6c","Assets/_Project/Audio/Voice/Story/Main14/main14_taeon_002.wav","7a0e572c48a03164f8aa9af2c1722589","companion_taeon","7a0e572c48a03164f8aa9af2c1722589","2","1","22","0.26636364","0.221875","NEEDS_LISTENING","False","False","False","False","MEDIUM","SEMANTIC_LISTENING_PRIORITY_MEDIUM","20","IMPORTANT_STORY_UNLISTENED","LISTEN_COMPARE_FULL_RUNTIME_TEXT","False","False","False","False","False","False","False","False","False","False","False",""
159,169,"LISTEN_IN_GAMEPLAY_SEQUENCE_COMPARE_FULL_TEXT","14","main_14_ground_pulse","World_ArbelVillage/Field_05","QuestSequence07","7","1","shared","","main14_leon_002","arbel-leon","레온","건조, 열기, 주기적인 진동, 도망친 야수까지 확인됐군요. 원인을 단정하지 않고 주민을 대비시키겠습니다.","건조, 열기, 주기적인 진동, 도망친 야수까지 확인됐군요. 원인을 단정하지 않고 주민을 대비시키겠습니다.","Limitless_TTS_Output_Main13_15/dialogue_manifest_main13_15.csv","Limitless_TTS_Output_Main13_15","Limitless_TTS_Output_Main13_15","Orus","main14_leon_002.wav","Unity/Client/Assets/_Project/Audio/Voice/Story/Main14/main14_leon_002.wav","17.3","-22.75629364","-1.42529126","415200","24000","1","16","ef7c44bca227ea40d5c7f39f146af63e106d40aa80d228ed7da102723b04cbf7","c8b4d5ea46b0a6257ece9e5d6462b61999d4f226d3f75a9b450928b8304ebd2c","Assets/_Project/Audio/Voice/Story/Main14/main14_leon_002.wav","2c142ec6f1ea197479c658746feaf86d","arbel-leon","2c142ec6f1ea197479c658746feaf86d","2","1","42","0.41190476","0.34411011","NEEDS_LISTENING","False","False","False","False","MEDIUM","SEMANTIC_LISTENING_PRIORITY_MEDIUM","45","LONG_MULTI_SENTENCE_OR_3_LINES;IMPORTANT_STORY_UNLISTENED","LISTEN_COMPARE_FULL_RUNTIME_TEXT","False","False","False","False","False","False","False","False","False","False","False",""
160,170,"LISTEN_IN_GAMEPLAY_SEQUENCE_COMPARE_FULL_TEXT","15","main_15_burning_traces","Field_06/World_ArbelVillage","QuestSequence01","1","1","shared","","main15_leon_001","arbel-leon","레온","서쪽 길을 다녀온 사람들이 땅이 뜨겁다고 합니다. 작은 불 흔적은 있지만 큰 불길을 본 사람은 없어요.","서쪽 길을 다녀온 사람들이 땅이 뜨겁다고 합니다. 작은 불 흔적은 있지만 큰 불길을 본 사람은 없어요.","Limitless_TTS_Output_Main13_15/dialogue_manifest_main13_15.csv","Limitless_TTS_Output_Main13_15","Limitless_TTS_Output_Main13_15","Orus","main15_leon_001.wav","Unity/Client/Assets/_Project/Audio/Voice/Story/Main15/main15_leon_001.wav","14.79","-22.21883127","-3.19537178","354960","24000","1","16","ed7083be85277bf862afd5b1fd9bf43d5073bc2c0c04fb750d2ffb1223822c4c","bcb29d83c2df446ae1c9313ddd524114d6943b695cc8627617e25de5dfe0b0fe","Assets/_Project/Audio/Voice/Story/Main15/main15_leon_001.wav","95b34bc2883935a478621ff1fc37ef0b","arbel-leon","95b34bc2883935a478621ff1fc37ef0b","2","1","40","0.36975","0.34411011","NEEDS_LISTENING","False","False","False","False","MEDIUM","SEMANTIC_LISTENING_PRIORITY_MEDIUM","45","LONG_MULTI_SENTENCE_OR_3_LINES;IMPORTANT_STORY_UNLISTENED","LISTEN_COMPARE_FULL_RUNTIME_TEXT","False","False","False","False","False","False","False","False","False","False","False",""
161,171,"LISTEN_IN_GAMEPLAY_SEQUENCE_COMPARE_FULL_TEXT","15","main_15_burning_traces","Field_06/World_ArbelVillage","QuestSequence01","1","2","shared","","main15_serin_001","companion_serin","세린","저도 계속 서쪽을 확인할 생각이에요. 같이 살펴보죠.","저도 계속 서쪽을 확인할 생각이에요. 같이 살펴보죠.","Limitless_TTS_Output_Main13_15/dialogue_manifest_main13_15.csv","Limitless_TTS_Output_Main13_15","Limitless_TTS_Output_Main13_15","Schedar","main15_serin_001.wav","Unity/Client/Assets/_Project/Audio/Voice/Story/Main15/main15_serin_001.wav","4.26","-18.04186085","-1.58415508","102240","24000","1","16","64420ff99c2f829fb76f8c499095b4c8844a0cbb0ca89f88b2904e2546a978b3","71becb82b06cbf88601dcb0c677c3e2400d631d6ed7ee18a1282af6a8e045e5d","Assets/_Project/Audio/Voice/Story/Main15/main15_serin_001.wav","d58749bc65f51ef43991ae78562dfeaf","companion_serin","d58749bc65f51ef43991ae78562dfeaf","2","1","21","0.20285714","0.21916667","NEEDS_LISTENING","False","False","False","False","MEDIUM","SEMANTIC_LISTENING_PRIORITY_MEDIUM","20","IMPORTANT_STORY_UNLISTENED","LISTEN_COMPARE_FULL_RUNTIME_TEXT","False","False","False","False","False","False","False","False","False","False","False",""
162,172,"LISTEN_IN_GAMEPLAY_SEQUENCE_COMPARE_FULL_TEXT","15","main_15_burning_traces","Field_06/World_ArbelVillage","QuestSequence02","2","1","shared","QuestSequence02:1;","main15_miel_001","companion_miel","미엘","몸에 불이 붙은 건가요?","몸에 불이 붙은 건가요?","Limitless_TTS_Output_Main13_15/dialogue_manifest_main13_15.csv","Limitless_TTS_Output_Main13_15","Limitless_TTS_Output_Main13_15","Sulafat","main15_miel_001.wav","Unity/Client/Assets/_Project/Audio/Voice/Story/Main15/main15_miel_001.wav","1.14","-40.64250658","-20.01538782","27360","24000","1","16","f281460d7529f5941a996c2b399103f547081ed10b732f6ec077b4e85a6da6be","0a80bed7edbaf8325f4faa79f0fa93a3c0211b3293db7e60df3fd32b5b7634c2","Assets/_Project/Audio/Voice/Story/Main15/main15_miel_001.wav","b2639392087718345a8f62829dd456a6","companion_miel","b2639392087718345a8f62829dd456a6","1","1","9","0.12666667","0.219375","NEEDS_LISTENING","False","False","False","False","MEDIUM","SEMANTIC_LISTENING_PRIORITY_MEDIUM","20","IMPORTANT_STORY_UNLISTENED","LISTEN_COMPARE_FULL_RUNTIME_TEXT","False","False","False","False","False","False","False","False","False","False","False",""
163,173,"LISTEN_IN_GAMEPLAY_SEQUENCE_COMPARE_FULL_TEXT","15","main_15_burning_traces","Field_06/World_ArbelVillage","QuestSequence02","2","2","shared","QuestSequence02:2;","main15_paul_001","companion_paul","폴","불이 붙었다기보다 몸 자체가 변한 것 같습니다.","불이 붙었다기보다 몸 자체가 변한 것 같습니다.","Limitless_TTS_Output_Main13_15/dialogue_manifest_main13_15.csv","Limitless_TTS_Output_Main13_15","Limitless_TTS_Output_Main13_15","Achird","main15_paul_001.wav","Unity/Client/Assets/_Project/Audio/Voice/Story/Main15/main15_paul_001.wav","5.18","-24.15716217","-4.95664807","124320","24000","1","16","ee7a4d5eb75e9f0942acbe385b599a0f3d957786ce36b7466a427e923de07025","1c387ae04553e36e88f5798e04cefba91c4bc8928fe85c7f082af501415c0ca3","Assets/_Project/Audio/Voice/Story/Main15/main15_paul_001.wav","415037a69576e1c40a0cac13a66da4dc","companion_paul","415037a69576e1c40a0cac13a66da4dc","1","1","19","0.27263158","0.2308","NEEDS_LISTENING","False","False","False","False","MEDIUM","SEMANTIC_LISTENING_PRIORITY_MEDIUM","20","IMPORTANT_STORY_UNLISTENED","LISTEN_COMPARE_FULL_RUNTIME_TEXT","False","False","False","False","False","False","False","False","False","False","False",""
164,174,"LISTEN_IN_GAMEPLAY_SEQUENCE_COMPARE_FULL_TEXT","15","main_15_burning_traces","Field_06/World_ArbelVillage","QuestSequence02","2","3","shared","QuestSequence02:3;","main15_taeon_001","companion_taeon","태온","가까이 가기 전에 상태를 확인하죠.","가까이 가기 전에 상태를 확인하죠.","Limitless_TTS_Output_Main13_15/dialogue_manifest_main13_15.csv","Limitless_TTS_Output_Main13_15","Limitless_TTS_Output_Main13_15","Gacrux","main15_taeon_001.wav","Unity/Client/Assets/_Project/Audio/Voice/Story/Main15/main15_taeon_001.wav","1.32","-57.71293557","-44.37569489","31680","24000","1","16","be96ee77c1bd2b2cdde7bbd3385d7dfb2914a7da49d99afc0cbababd8166e620","136ca15773e3293441c11e38836aa467bc03729059e568c8a3f844415720c90e","Assets/_Project/Audio/Voice/Story/Main15/main15_taeon_001.wav","9aa2646d26e839b428c04ff4009c647b","companion_taeon","9aa2646d26e839b428c04ff4009c647b","1","1","14","0.09428571","0.221875","NEEDS_LISTENING","False","False","False","False","HIGH","SEMANTIC_LISTENING_PRIORITY_HIGH","100","LOW_RMS_BELOW_MINUS45_DBFS;IMPORTANT_STORY_UNLISTENED","LISTEN_COMPARE_FULL_RUNTIME_TEXT","False","False","False","False","False","True","False","False","False","False","False",""
165,175,"LISTEN_IN_GAMEPLAY_SEQUENCE_COMPARE_FULL_TEXT","15","main_15_burning_traces","Field_06/World_ArbelVillage","QuestSequence02","2","4","shared","QuestSequence02:4;","main15_serin_002","companion_serin","세린","움직임은 보통 야생동물과 비슷해요.","움직임은 보통 야생동물과 비슷해요.","Limitless_TTS_Output_Main13_15/dialogue_manifest_main13_15.csv","Limitless_TTS_Output_Main13_15","Limitless_TTS_Output_Main13_15","Schedar","main15_serin_002.wav","Unity/Client/Assets/_Project/Audio/Voice/Story/Main15/main15_serin_002.wav","3.33","-15.68366308","-1.74630282","79920","24000","1","16","b94a2644650b032bcb5ede0c19c31462a5dae28bc14b52e90b119ec5b7aa739f","5153521977bad90209d95cb3be88c62383d0426a0e6b9f2c5f6145023f8271aa","Assets/_Project/Audio/Voice/Story/Main15/main15_serin_002.wav","8b6306d2d4e62cf44800fe49337f3d5f","companion_serin","8b6306d2d4e62cf44800fe49337f3d5f","1","1","15","0.222","0.21916667","NEEDS_LISTENING","False","False","False","False","MEDIUM","SEMANTIC_LISTENING_PRIORITY_MEDIUM","20","IMPORTANT_STORY_UNLISTENED","LISTEN_COMPARE_FULL_RUNTIME_TEXT","False","False","False","False","False","False","False","False","False","False","False",""
166,176,"LISTEN_IN_GAMEPLAY_SEQUENCE_COMPARE_FULL_TEXT","15","main_15_burning_traces","Field_06/World_ArbelVillage","QuestSequence03","3","1","shared","QuestSequence03:1;","main15_taeon_002","companion_taeon","태온","발자국이 동쪽으로 향합니다. 이곳에서 도망치는 듯합니다.","발자국이 동쪽으로 향합니다. 이곳에서 도망치는 듯합니다.","Limitless_TTS_Output_Main13_15/dialogue_manifest_main13_15.csv","Limitless_TTS_Output_Main13_15","Limitless_TTS_Output_Main13_15","Gacrux","main15_taeon_002.wav","Unity/Client/Assets/_Project/Audio/Voice/Story/Main15/main15_taeon_002.wav","11.06","-21.21466533","-1.58988288","265440","24000","1","16","66190ccf7cc8abba3325a7436024b2db5045103d5f2717ee611774ca82492de9","c613a09aaf42089c4c8c80935c11ccb4d5a5d23ece261e829621c0eee562f26d","Assets/_Project/Audio/Voice/Story/Main15/main15_taeon_002.wav","961abb73ba4179847a8f4edf51b0ae35","companion_taeon","961abb73ba4179847a8f4edf51b0ae35","2","1","24","0.46083333","0.221875","NEEDS_LISTENING","False","False","False","False","MEDIUM","SEMANTIC_LISTENING_PRIORITY_MEDIUM","20","IMPORTANT_STORY_UNLISTENED","LISTEN_COMPARE_FULL_RUNTIME_TEXT","False","False","False","False","False","False","False","False","False","False","False",""
167,177,"LISTEN_IN_GAMEPLAY_SEQUENCE_COMPARE_FULL_TEXT","15","main_15_burning_traces","Field_06/World_ArbelVillage","QuestSequence04","4","1","shared","QuestSequence04:1;","main15_serin_003","companion_serin","세린","또 시작됐어요. 간격은 조금 짧고 강해졌지만 완전히 일정하지는 않아요.","또 시작됐어요. 간격은 조금 짧고 강해졌지만 완전히 일정하지는 않아요.","Limitless_TTS_Output_Main13_15/dialogue_manifest_main13_15.csv","Limitless_TTS_Output_Main13_15","Limitless_TTS_Output_Main13_15","Schedar","main15_serin_003.wav","Unity/Client/Assets/_Project/Audio/Voice/Story/Main15/main15_serin_003.wav","6.19","-17.23491043","-1.4854687","148560","24000","1","16","6337c384f840fc9f91023ee0bfed2ab3bdc51a76b9df3c7e1d9590da6908b797","a6a4e93f38fda465745d79ec7508379a0c682c9af378b16eb55a5beddef6dd8c","Assets/_Project/Audio/Voice/Story/Main15/main15_serin_003.wav","9b841e9953df1f649b7370fb7e4019eb","companion_serin","9b841e9953df1f649b7370fb7e4019eb","2","1","29","0.21344828","0.21916667","NEEDS_LISTENING","False","False","False","False","MEDIUM","SEMANTIC_LISTENING_PRIORITY_MEDIUM","20","IMPORTANT_STORY_UNLISTENED","LISTEN_COMPARE_FULL_RUNTIME_TEXT","False","False","False","False","False","False","False","False","False","False","False",""
168,178,"LISTEN_IN_GAMEPLAY_SEQUENCE_COMPARE_FULL_TEXT","15","main_15_burning_traces","Field_06/World_ArbelVillage","QuestSequence05","5","1","shared","QuestSequence05:1;","main15_paul_004","companion_paul","폴","이 아래에 열원이 있는 건 맞는 것 같습니다.","이 아래에 열원이 있는 건 맞는 것 같습니다.","Limitless_TTS_Output_Main13_15/dialogue_manifest_main13_15.csv","Limitless_TTS_Output_Main13_15","Limitless_TTS_Output_Main13_15","Achird","main15_paul_004.wav","Unity/Client/Assets/_Project/Audio/Voice/Story/Main15/main15_paul_004.wav","3.99","-21.09779582","-6.70877632","95760","24000","1","16","dc57379a322efea0c7495b7dd2e4343828e187a0ec4a8501c5e9402bfc0af93c","16df0d1869289c289a7c95c086479e0028e7d70aa2648546210504d3d47ca32f","Assets/_Project/Audio/Voice/Story/Main15/main15_paul_004.wav","bbae33f026dbe3e469b3046e3b07b94c","companion_paul","bbae33f026dbe3e469b3046e3b07b94c","1","1","17","0.23470588","0.2308","NEEDS_LISTENING","False","False","False","False","MEDIUM","SEMANTIC_LISTENING_PRIORITY_MEDIUM","20","IMPORTANT_STORY_UNLISTENED","LISTEN_COMPARE_FULL_RUNTIME_TEXT","False","False","False","False","False","False","False","False","False","False","False",""
169,179,"LISTEN_IN_GAMEPLAY_SEQUENCE_COMPARE_FULL_TEXT","15","main_15_burning_traces","Field_06/World_ArbelVillage","QuestSequence05","5","2","shared","QuestSequence05:2;","main15_taeon_003","companion_taeon","태온","그렇다고 여기가 시작점이라고 단정할 수는 없습니다.","그렇다고 여기가 시작점이라고 단정할 수는 없습니다.","Limitless_TTS_Output_Main13_15/dialogue_manifest_main13_15.csv","Limitless_TTS_Output_Main13_15","Limitless_TTS_Output_Main13_15","Gacrux","main15_taeon_003.wav","Unity/Client/Assets/_Project/Audio/Voice/Story/Main15/main15_taeon_003.wav","5.57","-19.34847253","-2.36306316","133680","24000","1","16","86c971c5cc4acaae90a08e7921de24ebb8c4fb8f238487d717b86ab2795bd8fe","816c121ff07744c630cf75af2130286e82c1080a5180d8fe4617ce68294a129c","Assets/_Project/Audio/Voice/Story/Main15/main15_taeon_003.wav","f79d5cb764674794cbcbd1150b783c2f","companion_taeon","f79d5cb764674794cbcbd1150b783c2f","1","1","22","0.25318182","0.221875","NEEDS_LISTENING","False","False","False","False","MEDIUM","SEMANTIC_LISTENING_PRIORITY_MEDIUM","20","IMPORTANT_STORY_UNLISTENED","LISTEN_COMPARE_FULL_RUNTIME_TEXT","False","False","False","False","False","False","False","False","False","False","False",""
170,180,"LISTEN_IN_GAMEPLAY_SEQUENCE_COMPARE_FULL_TEXT","15","main_15_burning_traces","Field_06/World_ArbelVillage","QuestSequence05","5","3","shared","QuestSequence05:3;","main15_serin_006","companion_serin","세린","진동은 더 서쪽에서 옵니다.","진동은 더 서쪽에서 옵니다.","Limitless_TTS_Output_Main13_15/dialogue_manifest_main13_15.csv","Limitless_TTS_Output_Main13_15","Limitless_TTS_Output_Main13_15","Schedar","main15_serin_006.wav","Unity/Client/Assets/_Project/Audio/Voice/Story/Main15/main15_serin_006.wav","2.53","-16.61098821","-1.29355049","60720","24000","1","16","9b52e8f2ff3f18f9653ca22ab09dc063401cfe1f4e672ccac4392058d9fef7a8","99d922854318b11024e926063be6c01dd2e4ef0ab311c466b9aed624bdd91f05","Assets/_Project/Audio/Voice/Story/Main15/main15_serin_006.wav","77d7df44b78a96945abf508590727efd","companion_serin","77d7df44b78a96945abf508590727efd","1","1","11","0.23","0.21916667","NEEDS_LISTENING","False","False","False","False","MEDIUM","SEMANTIC_LISTENING_PRIORITY_MEDIUM","20","IMPORTANT_STORY_UNLISTENED","LISTEN_COMPARE_FULL_RUNTIME_TEXT","False","False","False","False","False","False","False","False","False","False","False",""
171,181,"LISTEN_IN_GAMEPLAY_SEQUENCE_COMPARE_FULL_TEXT","15","main_15_burning_traces","Field_06/World_ArbelVillage","QuestSequence06","6","1","shared","QuestSequence06:1;","main15_paul_005","companion_paul","폴","바위는 일부 검고 식물은 말랐습니다. 큰 산불 흔적 없이 지면의 열이 오른 것 같군요.","바위는 일부 검고 식물은 말랐습니다. 큰 산불 흔적 없이 지면의 열이 오른 것 같군요.","Limitless_TTS_Output_Main13_15/dialogue_manifest_main13_15.csv","Limitless_TTS_Output_Main13_15","Limitless_TTS_Output_Main13_15","Achird","main15_paul_005.wav","Unity/Client/Assets/_Project/Audio/Voice/Story/Main15/main15_paul_005.wav","3.84","-19.09660164","-2.24796165","92160","24000","1","16","734c9e249478a854bd3c2a813cbc7cd792b9b13c9d50fceb0fb1f07ab7d29e91","987141f60b915e09c89b9c37af48c7c81a3e072030359d9960738b2b8ad8b515","Assets/_Project/Audio/Voice/Story/Main15/main15_paul_005.wav","64f1aff20b1dd3847b08303563c44180","companion_paul","64f1aff20b1dd3847b08303563c44180","2","1","33","0.11636364","0.2308","NEEDS_LISTENING","False","False","False","False","MEDIUM","SEMANTIC_LISTENING_PRIORITY_MEDIUM","20","IMPORTANT_STORY_UNLISTENED","LISTEN_COMPARE_FULL_RUNTIME_TEXT","False","False","False","False","False","False","False","False","False","False","False",""
172,182,"LISTEN_IN_GAMEPLAY_SEQUENCE_COMPARE_FULL_TEXT","15","main_15_burning_traces","Field_06/World_ArbelVillage","QuestSequence07","7","1","shared","","main15_serin_004","companion_serin","세린","또 시작됐어요. 지난번보다 간격이 조금 짧아요. 서쪽에서 오지만 위치까지는 모르겠습니다.","또 시작됐어요. 지난번보다 간격이 조금 짧아요. 서쪽에서 오지만 위치까지는 모르겠습니다.","Limitless_TTS_Output_Main13_15/dialogue_manifest_main13_15.csv","Limitless_TTS_Output_Main13_15","Limitless_TTS_Output_Main13_15","Schedar","main15_serin_004.wav","Unity/Client/Assets/_Project/Audio/Voice/Story/Main15/main15_serin_004.wav","7.65","-17.53695282","-1.23773982","183600","24000","1","16","8b9d79b1e8f265dbb3b6c7ae2ca024a3db0c63b86e5ead50202d5448aa4c6a45","bbe1f34b1503c148aa302f0bd28f3ebb3e818137b5fefa0be74ed09c36aeb52e","Assets/_Project/Audio/Voice/Story/Main15/main15_serin_004.wav","5c88d3f77a017c940b0fd2071fda9618","companion_serin","5c88d3f77a017c940b0fd2071fda9618","3","1","37","0.20675676","0.21916667","NEEDS_LISTENING","False","False","False","False","MEDIUM","SEMANTIC_LISTENING_PRIORITY_MEDIUM","45","LONG_MULTI_SENTENCE_OR_3_LINES;IMPORTANT_STORY_UNLISTENED","LISTEN_COMPARE_FULL_RUNTIME_TEXT","False","False","False","False","False","False","False","False","False","False","False",""
173,183,"LISTEN_IN_GAMEPLAY_SEQUENCE_COMPARE_FULL_TEXT","15","main_15_burning_traces","Field_06/World_ArbelVillage","QuestSequence07","7","2","shared","","main15_paul_002","companion_paul","폴","이 지면은 제 휠에도 별로 반갑지 않네요.","이 지면은 제 휠에도 별로 반갑지 않네요.","Limitless_TTS_Output_Main13_15/dialogue_manifest_main13_15.csv","Limitless_TTS_Output_Main13_15","Limitless_TTS_Output_Main13_15","Achird","main15_paul_002.wav","Unity/Client/Assets/_Project/Audio/Voice/Story/Main15/main15_paul_002.wav","7.87","-23.90055208","-5.30792131","188880","24000","1","16","64eb273849c7c4830dab5f4be2c486491eda9369db8335c4690cb021f0ed96be","926c383dd38b123b5fb6515bf232202aa062930038080a2340295345245950ec","Assets/_Project/Audio/Voice/Story/Main15/main15_paul_002.wav","a9119f9a2fbcd514aa875b6f6601d573","companion_paul","a9119f9a2fbcd514aa875b6f6601d573","1","1","16","0.491875","0.2308","NEEDS_LISTENING","False","False","False","False","MEDIUM","SEMANTIC_LISTENING_PRIORITY_MEDIUM","20","IMPORTANT_STORY_UNLISTENED","LISTEN_COMPARE_FULL_RUNTIME_TEXT","False","False","False","False","False","False","False","False","False","False","False",""
174,184,"LISTEN_IN_GAMEPLAY_SEQUENCE_COMPARE_FULL_TEXT","15","main_15_burning_traces","Field_06/World_ArbelVillage","QuestSequence07","7","3","shared","","main15_serin_005","companion_serin","세린","땅이 뜨거워서요?","땅이 뜨거워서요?","Limitless_TTS_Output_Main13_15/dialogue_manifest_main13_15.csv","Limitless_TTS_Output_Main13_15","Limitless_TTS_Output_Main13_15","Schedar","main15_serin_005.wav","Unity/Client/Assets/_Project/Audio/Voice/Story/Main15/main15_serin_005.wav","1.83","-20.39037639","-4.00471084","43920","24000","1","16","75355e27161a07b071bff636d747a9528d816b6668437f3ff1285ae52f1511d1","5ee95fc84b7234bb0d72251390c0d5f474d29e4457f68c889528fff8ceae6cc5","Assets/_Project/Audio/Voice/Story/Main15/main15_serin_005.wav","4689c68730c43dc468d24919a59586bc","companion_serin","4689c68730c43dc468d24919a59586bc","1","1","7","0.26142857","0.21916667","NEEDS_LISTENING","False","False","False","False","MEDIUM","SEMANTIC_LISTENING_PRIORITY_MEDIUM","20","IMPORTANT_STORY_UNLISTENED","LISTEN_COMPARE_FULL_RUNTIME_TEXT","False","False","False","False","False","False","False","False","False","False","False",""
175,185,"LISTEN_IN_GAMEPLAY_SEQUENCE_COMPARE_FULL_TEXT","15","main_15_burning_traces","Field_06/World_ArbelVillage","QuestSequence07","7","4","shared","","main15_paul_003","companion_paul","폴","타이어도 오늘은 기분이 나쁜 모양입니다.","타이어도 오늘은 기분이 나쁜 모양입니다.","Limitless_TTS_Output_Main13_15/dialogue_manifest_main13_15.csv","Limitless_TTS_Output_Main13_15","Limitless_TTS_Output_Main13_15","Achird","main15_paul_003.wav","Unity/Client/Assets/_Project/Audio/Voice/Story/Main15/main15_paul_003.wav","5.02","-18.28370997","-0.95920444","120480","24000","1","16","867469c31e137e79988f1e1c406ace2ce38795b23d3dcbf40854511fee9bf64f","1ba43a4a5b313391852d811c508368baf2e92f7d558406b3200f8a0ea02e4427","Assets/_Project/Audio/Voice/Story/Main15/main15_paul_003.wav","39be4777cb7af5a469a5e9ea4d040535","companion_paul","39be4777cb7af5a469a5e9ea4d040535","1","1","17","0.29529412","0.2308","NEEDS_LISTENING","False","False","False","False","MEDIUM","SEMANTIC_LISTENING_PRIORITY_MEDIUM","20","IMPORTANT_STORY_UNLISTENED","LISTEN_COMPARE_FULL_RUNTIME_TEXT","False","False","False","False","False","False","False","False","False","False","False",""
176,186,"LISTEN_IN_GAMEPLAY_SEQUENCE_COMPARE_FULL_TEXT","15","main_15_burning_traces","Field_06/World_ArbelVillage","QuestSequence08","8","1","shared","","main15_leon_002","arbel-leon","레온","변한 동물과 균열, 더 강한 열기와 진동이 있었군요. 원인을 단정하지 않고 주민들에게 대비를 알리겠습니다.","변한 동물과 균열, 더 강한 열기와 진동이 있었군요. 원인을 단정하지 않고 주민들에게 대비를 알리겠습니다.","Limitless_TTS_Output_Main13_15/dialogue_manifest_main13_15.csv","Limitless_TTS_Output_Main13_15","Limitless_TTS_Output_Main13_15","Orus","main15_leon_002.wav","Unity/Client/Assets/_Project/Audio/Voice/Story/Main15/main15_leon_002.wav","12","-21.79312229","-3.2199147","288000","24000","1","16","6929be8f97d72f93057189e9016d4e93531c36fccaf6399f0efa30a2515ec112","341f9c72e91237d169937c5699dcb2a290db5ce804fccd34645d225959c61418","Assets/_Project/Audio/Voice/Story/Main15/main15_leon_002.wav","a5260d8c9f7495a45a0d06ea12733376","arbel-leon","a5260d8c9f7495a45a0d06ea12733376","2","1","43","0.27906977","0.34411011","NEEDS_LISTENING","False","False","False","False","MEDIUM","SEMANTIC_LISTENING_PRIORITY_MEDIUM","45","LONG_MULTI_SENTENCE_OR_3_LINES;IMPORTANT_STORY_UNLISTENED","LISTEN_COMPARE_FULL_RUNTIME_TEXT","False","False","False","False","False","False","False","False","False","False","False",""
177,187,"LISTEN_IN_GAMEPLAY_SEQUENCE_COMPARE_FULL_TEXT","15","main_15_burning_traces","Field_06/World_ArbelVillage","QuestSequence09","9","1","shared","","main15_serin_007","companion_serin","세린","저도 계속 서쪽을 확인할 생각이에요. 혼자보다 함께 움직이는 편이 낫겠습니다.","저도 계속 서쪽을 확인할 생각이에요. 혼자보다 함께 움직이는 편이 낫겠습니다.","Limitless_TTS_Output_Main13_15/dialogue_manifest_main13_15.csv","Limitless_TTS_Output_Main13_15","Limitless_TTS_Output_Main13_15","Schedar","main15_serin_007.wav","Unity/Client/Assets/_Project/Audio/Voice/Story/Main15/main15_serin_007.wav","5.7","-17.51663284","-1.10427611","136800","24000","1","16","319c2471f72b1788d522c7024ae4b030b0ff5cc674dde8e85b5556193495ea77","02641ec66da0e6c8858860b28bfa1aaf46674e5b3e760d1df48200f55fbef647","Assets/_Project/Audio/Voice/Story/Main15/main15_serin_007.wav","5c62785020163b146a9b7fd1b5a5e00c","companion_serin","5c62785020163b146a9b7fd1b5a5e00c","2","1","32","0.178125","0.21916667","NEEDS_LISTENING","False","False","False","False","MEDIUM","SEMANTIC_LISTENING_PRIORITY_MEDIUM","20","IMPORTANT_STORY_UNLISTENED","LISTEN_COMPARE_FULL_RUNTIME_TEXT","False","False","False","False","False","False","False","False","False","False","False",""
178,188,"LISTEN_IN_GAMEPLAY_SEQUENCE_COMPARE_FULL_TEXT","15","main_15_burning_traces","Field_06/World_ArbelVillage","QuestSequence09","9","2","shared","","main15_taeon_004","companion_taeon","태온","그렇다면 앞으로도 함께하시겠습니까?","그렇다면 앞으로도 함께하시겠습니까?","Limitless_TTS_Output_Main13_15/dialogue_manifest_main13_15.csv","Limitless_TTS_Output_Main13_15","Limitless_TTS_Output_Main13_15","Gacrux","main15_taeon_004.wav","Unity/Client/Assets/_Project/Audio/Voice/Story/Main15/main15_taeon_004.wav","4.84","-21.29752206","-2.61368936","116160","24000","1","16","b3e55c9587b03828cdcd103888709d9c4467901dad63c2ef00a81faeed8a653c","1d31b31edb7a5900146ba4113fb715c04d00adfef52668ccd3bb246b731f53a5","Assets/_Project/Audio/Voice/Story/Main15/main15_taeon_004.wav","b0e79f907fc0ed740ac0e3f20702ce60","companion_taeon","b0e79f907fc0ed740ac0e3f20702ce60","1","1","16","0.3025","0.221875","NEEDS_LISTENING","False","False","False","False","MEDIUM","SEMANTIC_LISTENING_PRIORITY_MEDIUM","20","IMPORTANT_STORY_UNLISTENED","LISTEN_COMPARE_FULL_RUNTIME_TEXT","False","False","False","False","False","False","False","False","False","False","False",""
179,189,"LISTEN_IN_GAMEPLAY_SEQUENCE_COMPARE_FULL_TEXT","15","main_15_burning_traces","Field_06/World_ArbelVillage","QuestSequence09","9","3","shared","","main15_serin_008","companion_serin","세린","네. 당분간이 아니어도 괜찮다면요.","네. 당분간이 아니어도 괜찮다면요.","Limitless_TTS_Output_Main13_15/dialogue_manifest_main13_15.csv","Limitless_TTS_Output_Main13_15","Limitless_TTS_Output_Main13_15","Schedar","main15_serin_008.wav","Unity/Client/Assets/_Project/Audio/Voice/Story/Main15/main15_serin_008.wav","3.65","-16.07644202","-1.55779232","87600","24000","1","16","f2ad235edb28138b45716b8f1ed865ee6bca5007592bc2c089a056f1e5564718","a6b98794c39058c0bcc2f49023c3d61a234f8343978236bce97ad8795b742d01","Assets/_Project/Audio/Voice/Story/Main15/main15_serin_008.wav","e09674083ac0c7c44b0bb77805e98f34","companion_serin","e09674083ac0c7c44b0bb77805e98f34","2","1","14","0.26071429","0.21916667","NEEDS_LISTENING","False","False","False","False","MEDIUM","SEMANTIC_LISTENING_PRIORITY_MEDIUM","20","IMPORTANT_STORY_UNLISTENED","LISTEN_COMPARE_FULL_RUNTIME_TEXT","False","False","False","False","False","False","False","False","False","False","False",""
180,190,"LISTEN_IN_GAMEPLAY_SEQUENCE_COMPARE_FULL_TEXT","15","main_15_burning_traces","Field_06/World_ArbelVillage","QuestSequence09","9","4","shared","","main15_miel_002","companion_miel","미엘","물론이에요.","물론이에요.","Limitless_TTS_Output_Main13_15/dialogue_manifest_main13_15.csv","Limitless_TTS_Output_Main13_15","Limitless_TTS_Output_Main13_15","Sulafat","main15_miel_002.wav","Unity/Client/Assets/_Project/Audio/Voice/Story/Main15/main15_miel_002.wav","1.41","-17.14822233","-4.06375858","33840","24000","1","16","9f1728c4ead6e2ef63617636bc9e304fb30a43e643dd5402531352ffb2c4b654","9beac32b3f5b095e864e1f121afc8d221e23fea62270a44befa822296552ca86","Assets/_Project/Audio/Voice/Story/Main15/main15_miel_002.wav","c2bfd3fa3e092884ba85d91c3302f7c7","companion_miel","c2bfd3fa3e092884ba85d91c3302f7c7","1","1","5","0.282","0.219375","NEEDS_LISTENING","False","False","False","False","MEDIUM","SEMANTIC_LISTENING_PRIORITY_MEDIUM","20","IMPORTANT_STORY_UNLISTENED","LISTEN_COMPARE_FULL_RUNTIME_TEXT","False","False","False","False","False","False","False","False","False","False","False",""
181,191,"LISTEN_IN_GAMEPLAY_SEQUENCE_COMPARE_FULL_TEXT","15","main_15_burning_traces","Field_06/World_ArbelVillage","QuestSequence09","9","5","shared","","main15_paul_006","companion_paul","폴","제 일이 줄어든다면 언제나 환영입니다.","제 일이 줄어든다면 언제나 환영입니다.","Limitless_TTS_Output_Main13_15/dialogue_manifest_main13_15.csv","Limitless_TTS_Output_Main13_15","Limitless_TTS_Output_Main13_15","Achird","main15_paul_006.wav","Unity/Client/Assets/_Project/Audio/Voice/Story/Main15/main15_paul_006.wav","3.68","-20.5451891","-1.89536435","88320","24000","1","16","c027a828e1fa3b6464005d30c60a2486262d3601fdddea8cfd5240f23b1945b5","347b64c1263aba43da96588a1da5f799da4ad3af71d2ad608451c2210f058fec","Assets/_Project/Audio/Voice/Story/Main15/main15_paul_006.wav","22e404e19e889474eb5975e4d25d6388","companion_paul","22e404e19e889474eb5975e4d25d6388","1","1","16","0.23","0.2308","NEEDS_LISTENING","False","False","False","False","MEDIUM","SEMANTIC_LISTENING_PRIORITY_MEDIUM","20","IMPORTANT_STORY_UNLISTENED","LISTEN_COMPARE_FULL_RUNTIME_TEXT","False","False","False","False","False","False","False","False","False","False","False",""
182,148,"LISTEN_IN_GAMEPLAY_SEQUENCE_COMPARE_FULL_TEXT","12","main_12_remaining_record","Field_03/World_StarterVillage","QuestSequence01","1","1","shared","","main12_paul_supp_001","companion_paul","폴","지하묘지와 같은 반복 문양입니다. 아주 오래된 기록이지만 의미는 아직 알 수 없습니다.","지하묘지와 같은 반복 문양입니다. 아주 오래된 기록이지만 의미는 아직 알 수 없습니다.","Limitless_TTS_Output_Missing_Main01_05_08_12_v2/dialogue_manifest_missing_main01_05_08_12_v2.csv","Limitless_TTS_Output_Missing_Main01_05_08_12_v2","Limitless_TTS_Output_Missing_Main01_05_08_12_v2","Achird","main12_paul_supp_001.wav","Unity/Client/Assets/_Project/Audio/Voice/Story/Main12/main12_paul_supp_001.wav","8.58","-22.3092029","-4.74948377","205920","24000","1","16","1cb22cd8c89ce85d91c271153afae3f06ae421cab3d89246168349cf583a36f8","a45e8cf62c84b081e64c2f8b2973ae8a0e4e9bb28572115df233523877c0941b","Assets/_Project/Audio/Voice/Story/Main12/main12_paul_supp_001.wav","f9788bca675b04b418201d5d910d5b75","companion_paul","f9788bca675b04b418201d5d910d5b75","2","1","35","0.24514286","0.2308","NEEDS_LISTENING","False","False","False","False","MEDIUM","SEMANTIC_LISTENING_PRIORITY_MEDIUM","65","LONG_MULTI_SENTENCE_OR_3_LINES;SUPPLEMENT_PACK_UNLISTENED;IMPORTANT_STORY_UNLISTENED","LISTEN_COMPARE_FULL_RUNTIME_TEXT","False","False","False","False","False","False","False","False","False","False","False",""
183,149,"LISTEN_IN_GAMEPLAY_SEQUENCE_COMPARE_FULL_TEXT","12","main_12_remaining_record","Field_03/World_StarterVillage","QuestSequence02","2","1","shared","","main12_paul_supp_002","companion_paul","폴","같은 문양은 맞습니다. 다만 같은 원인이라는 뜻인지는 아직 모르겠군요.","같은 문양은 맞습니다. 다만 같은 원인이라는 뜻인지는 아직 모르겠군요.","Limitless_TTS_Output_Missing_Main01_05_08_12_v2/dialogue_manifest_missing_main01_05_08_12_v2.csv","Limitless_TTS_Output_Missing_Main01_05_08_12_v2","Limitless_TTS_Output_Missing_Main01_05_08_12_v2","Achird","main12_paul_supp_002.wav","Unity/Client/Assets/_Project/Audio/Voice/Story/Main12/main12_paul_supp_002.wav","10.82","-21.96300101","-5.55058737","259680","24000","1","16","ab96312d11e1f1a67ab88f605b5bcdeb3facc29ca25c7eed19ff90923b53de60","1cb7e51bdf42b4cae09c745de97b617fc350b4f9066ac65e6a71fb44e130f1c4","Assets/_Project/Audio/Voice/Story/Main12/main12_paul_supp_002.wav","5739d8d9122681445bd408a4c7c718d9","companion_paul","5739d8d9122681445bd408a4c7c718d9","2","1","29","0.37310345","0.2308","NEEDS_LISTENING","False","False","False","False","MEDIUM","SEMANTIC_LISTENING_PRIORITY_MEDIUM","40","SUPPLEMENT_PACK_UNLISTENED;IMPORTANT_STORY_UNLISTENED","LISTEN_COMPARE_FULL_RUNTIME_TEXT","False","False","False","False","False","False","False","False","False","False","False",""
184,150,"LISTEN_IN_GAMEPLAY_SEQUENCE_COMPARE_FULL_TEXT","12","main_12_remaining_record","Field_03/World_StarterVillage","QuestSequence03","3","1","shared","","main12_taeon_supp_001","companion_taeon","태온","직접 확인하는 편이 좋겠습니다. 미엘도 서쪽으로 가볼 이유는 충분하다고 합니다.","직접 확인하는 편이 좋겠습니다. 미엘도 서쪽으로 가볼 이유는 충분하다고 합니다.","Limitless_TTS_Output_Missing_Main01_05_08_12_v2/dialogue_manifest_missing_main01_05_08_12_v2.csv","Limitless_TTS_Output_Missing_Main01_05_08_12_v2","Limitless_TTS_Output_Missing_Main01_05_08_12_v2","Gacrux","main12_taeon_supp_001.wav","Unity/Client/Assets/_Project/Audio/Voice/Story/Main12/main12_taeon_supp_001.wav","6.55","-19.43238293","-2.26411505","157200","24000","1","16","af8b3909f2925a9d1a035da3ad2aa2eae2445e29fd843c51f6742b60f304237a","f89d79085e7893d25043ba58973e755e4e8e1fbdfac00977512b31ef2a6558c2","Assets/_Project/Audio/Voice/Story/Main12/main12_taeon_supp_001.wav","d0423b2b15a7e4643b85d966181ed25a","companion_taeon","d0423b2b15a7e4643b85d966181ed25a","2","1","33","0.19848485","0.221875","NEEDS_LISTENING","False","False","False","False","MEDIUM","SEMANTIC_LISTENING_PRIORITY_MEDIUM","40","SUPPLEMENT_PACK_UNLISTENED;IMPORTANT_STORY_UNLISTENED","LISTEN_COMPARE_FULL_RUNTIME_TEXT","False","False","False","False","False","False","False","False","False","False","False",""
185,1,"LISTEN_IN_GAMEPLAY_SEQUENCE_COMPARE_FULL_TEXT","0","OpeningIntro","OpeningIntro","Intro","1","1","shared","","opening_001","narrator","Narrator","태초에, 신은 세상을 창조했다.","태초에, 신은 세상을 창조했다.","Tools/TTS/opening_narration.csv","Opening","Opening","","opening_001.wav","Unity/Client/Assets/_Project/Audio/Voice/Opening/opening_001.wav","4.06","-20.52797728","-5.52100684","97440","24000","1","16","0f6aa2903fda54f0dee187a3c42603b81885cbb4de4f73cfee373ade983234d0","e2c36149e771b5beb731fa211813330f1b588e0e5d1c9f43510318d47f0ae88f","Assets/_Project/Audio/Voice/Opening/opening_001.wav","898a4dc5497d4cb89e69e12a3b775454","","898a4dc5497d4cb89e69e12a3b775454","1","1","12","0.33833333","0.27136364","NEEDS_LISTENING","False","False","False","False","MEDIUM","SEMANTIC_LISTENING_PRIORITY_MEDIUM","20","IMPORTANT_STORY_UNLISTENED","LISTEN_COMPARE_FULL_RUNTIME_TEXT","False","False","False","False","False","False","False","False","False","False","False",""
186,2,"LISTEN_IN_GAMEPLAY_SEQUENCE_COMPARE_FULL_TEXT","0","OpeningIntro","OpeningIntro","Intro","1","2","shared","","opening_002","narrator","Narrator","그 세상은 완전했다.","그 세상은 완전했다.","Tools/TTS/opening_narration.csv","Opening","Opening","","opening_002.wav","Unity/Client/Assets/_Project/Audio/Voice/Opening/opening_002.wav","3.21","-22.65825665","-8.47284676","77040","24000","1","16","e283a7c284bb38daf7761edcf2f29f81392cf199c414b185224c5b65bce6346a","c882812d957440eefcf053fdea75d83a09288e3e99832b81a4cdb151d3b55bf5","Assets/_Project/Audio/Voice/Opening/opening_002.wav","6d60a144bd8f4cd4829e46775d17749f","","6d60a144bd8f4cd4829e46775d17749f","1","1","8","0.40125","0.27136364","NEEDS_LISTENING","False","False","False","False","MEDIUM","SEMANTIC_LISTENING_PRIORITY_MEDIUM","20","IMPORTANT_STORY_UNLISTENED","LISTEN_COMPARE_FULL_RUNTIME_TEXT","False","False","False","False","False","False","False","False","False","False","False",""
187,3,"LISTEN_IN_GAMEPLAY_SEQUENCE_COMPARE_FULL_TEXT","0","OpeningIntro","OpeningIntro","Intro","1","3","shared","","opening_003","narrator","Narrator","아픔도 없었고,
슬픔도 없었으며,
부족함도 없었다.","아픔도 없었고,
슬픔도 없었으며,
부족함도 없었다.","Tools/TTS/opening_narration.csv","Opening","Opening","","opening_003.wav","Unity/Client/Assets/_Project/Audio/Voice/Opening/opening_003.wav","6.63","-24.77270611","-4.78665892","159120","24000","1","16","dcdf306ac193519e12aa8cdae113ef55404150f97116b76409d639db1025db29","72ab89634b12e4cadafa4fe7c949b6b2b62c3ad567bf32c206bed5262b132e0d","Assets/_Project/Audio/Voice/Opening/opening_003.wav","b160e6e630bd46b1bc0ec62ec4f25a2f","","b160e6e630bd46b1bc0ec62ec4f25a2f","1","3","20","0.3315","0.27136364","NEEDS_LISTENING","False","False","False","False","MEDIUM","SEMANTIC_LISTENING_PRIORITY_MEDIUM","45","LONG_MULTI_SENTENCE_OR_3_LINES;IMPORTANT_STORY_UNLISTENED","LISTEN_COMPARE_FULL_RUNTIME_TEXT","False","False","False","False","False","False","False","False","False","False","False",""
188,4,"LISTEN_IN_GAMEPLAY_SEQUENCE_COMPARE_FULL_TEXT","0","OpeningIntro","OpeningIntro","Intro","1","4","shared","","opening_004","narrator","Narrator","모든 존재는 강했고,
누구의 도움도 필요로 하지 않았다.","모든 존재는 강했고,
누구의 도움도 필요로 하지 않았다.","Tools/TTS/opening_narration.csv","Opening","Opening","","opening_004.wav","Unity/Client/Assets/_Project/Audio/Voice/Opening/opening_004.wav","5.97","-21.27199172","-4.10193092","143280","24000","1","16","2cbde3ef967e1a2745afb018ba5cbddc4035d77520d5351d18cbc769d7b478db","145db63284de593901131fc87821b09f6d0652a6298ccb074b3afe40d98ec68d","Assets/_Project/Audio/Voice/Opening/opening_004.wav","ab7d8b89bc2a4030845802c462a866d9","","ab7d8b89bc2a4030845802c462a866d9","1","2","22","0.27136364","0.27136364","NEEDS_LISTENING","False","False","False","False","MEDIUM","SEMANTIC_LISTENING_PRIORITY_MEDIUM","20","IMPORTANT_STORY_UNLISTENED","LISTEN_COMPARE_FULL_RUNTIME_TEXT","False","False","False","False","False","False","False","False","False","False","False",""
189,5,"LISTEN_IN_GAMEPLAY_SEQUENCE_COMPARE_FULL_TEXT","0","OpeningIntro","OpeningIntro","Intro","1","5","shared","","opening_005","narrator","Narrator","완벽한 존재는 누구도 필요로 하지 않는다.","완벽한 존재는 누구도 필요로 하지 않는다.","Tools/TTS/opening_narration.csv","Opening","Opening","","opening_005.wav","Unity/Client/Assets/_Project/Audio/Voice/Opening/opening_005.wav","4.45","-22.56412674","-5.16358905","106800","24000","1","16","e8c459908dde7cb230fd55a4306a288c9050b6e232c5ba5e02c37f6dc6e385a9","1c631d9fb0818a36e6b981e90bd08e3e9bd92023056a0ab6f2990ec878eadf65","Assets/_Project/Audio/Voice/Opening/opening_005.wav","6ab436724ad54c988981dcc955675a84","","6ab436724ad54c988981dcc955675a84","1","1","17","0.26176471","0.27136364","NEEDS_LISTENING","False","False","False","False","MEDIUM","SEMANTIC_LISTENING_PRIORITY_MEDIUM","20","IMPORTANT_STORY_UNLISTENED","LISTEN_COMPARE_FULL_RUNTIME_TEXT","False","False","False","False","False","False","False","False","False","False","False",""
190,6,"LISTEN_IN_GAMEPLAY_SEQUENCE_COMPARE_FULL_TEXT","0","OpeningIntro","OpeningIntro","Intro","1","6","shared","","opening_006","narrator","Narrator","그러나 시간이 흐를수록
세상은 조금씩 멈춰 갔다.","그러나 시간이 흐를수록
세상은 조금씩 멈춰 갔다.","Tools/TTS/opening_narration.csv","Opening","Opening","","opening_006.wav","Unity/Client/Assets/_Project/Audio/Voice/Opening/opening_006.wav","5.5","-22.7576305","-6.63335567","132000","24000","1","16","b0b56b18aa31165522790a158b7a3bfe79f7aa738a2478a2169ec079d7d47099","670085fd400936e83ab56d968188d617d1e073901eeb37c18b6d887c631ca29c","Assets/_Project/Audio/Voice/Opening/opening_006.wav","a9a1d71cb4234fe2916222ed673964b9","","a9a1d71cb4234fe2916222ed673964b9","1","2","20","0.275","0.27136364","NEEDS_LISTENING","False","False","False","False","MEDIUM","SEMANTIC_LISTENING_PRIORITY_MEDIUM","20","IMPORTANT_STORY_UNLISTENED","LISTEN_COMPARE_FULL_RUNTIME_TEXT","False","False","False","False","False","False","False","False","False","False","False",""
191,7,"LISTEN_IN_GAMEPLAY_SEQUENCE_COMPARE_FULL_TEXT","0","OpeningIntro","OpeningIntro","Intro","1","7","shared","","opening_007","narrator","Narrator","누구도 서로를 필요로 하지 않았기 때문이다.","누구도 서로를 필요로 하지 않았기 때문이다.","Tools/TTS/opening_narration.csv","Opening","Opening","","opening_007.wav","Unity/Client/Assets/_Project/Audio/Voice/Opening/opening_007.wav","4.04","-21.99422715","-7.35361777","96960","24000","1","16","de1b9e02db27284a8a19f429463473df392f63c13e145cbe751f4eba0fd1e010","7f799031e49fe79588e9da3266fb2b9b69d0b514225962ea6e2136cf6c77167f","Assets/_Project/Audio/Voice/Opening/opening_007.wav","d7b78bb93e5a44e2bb6881a5455baf36","","d7b78bb93e5a44e2bb6881a5455baf36","1","1","18","0.22444444","0.27136364","NEEDS_LISTENING","False","False","False","False","MEDIUM","SEMANTIC_LISTENING_PRIORITY_MEDIUM","20","IMPORTANT_STORY_UNLISTENED","LISTEN_COMPARE_FULL_RUNTIME_TEXT","False","False","False","False","False","False","False","False","False","False","False",""
192,8,"LISTEN_IN_GAMEPLAY_SEQUENCE_COMPARE_FULL_TEXT","0","OpeningIntro","OpeningIntro","Intro","1","8","shared","","opening_008","narrator","Narrator","신은 자신이 만든 세상을 바라보았다.","신은 자신이 만든 세상을 바라보았다.","Tools/TTS/opening_narration.csv","Opening","Opening","","opening_008.wav","Unity/Client/Assets/_Project/Audio/Voice/Opening/opening_008.wav","3.94","-20.79900544","-3.63924713","94560","24000","1","16","fd59c1358baa5936e3ced73b6b78ad3ab86369cec173cbe02db937e8b0a35c07","c96c8a0e9eb28bef900936edb68ae022f060c75257eab7f10129c98078f44406","Assets/_Project/Audio/Voice/Opening/opening_008.wav","af25648b3a3a4439b06adae3a184669f","","af25648b3a3a4439b06adae3a184669f","1","1","15","0.26266667","0.27136364","NEEDS_LISTENING","False","False","False","False","MEDIUM","SEMANTIC_LISTENING_PRIORITY_MEDIUM","20","IMPORTANT_STORY_UNLISTENED","LISTEN_COMPARE_FULL_RUNTIME_TEXT","False","False","False","False","False","False","False","False","False","False","False",""
193,9,"LISTEN_IN_GAMEPLAY_SEQUENCE_COMPARE_FULL_TEXT","0","OpeningIntro","OpeningIntro","Intro","1","9","shared","","opening_009","narrator","Narrator","그리고 세상에 하나의 선물을 남겼다.","그리고 세상에 하나의 선물을 남겼다.","Tools/TTS/opening_narration.csv","Opening","Opening","","opening_009.wav","Unity/Client/Assets/_Project/Audio/Voice/Opening/opening_009.wav","4.44","-22.56120035","-6.04555252","106560","24000","1","16","2d1565a577c367f97ce0059734d35fe0f0c0f482f6b1a06b93a3dfc6bbf049ee","10fe3722d140c5e264e47d580d415c1c0b231afc5d368e9acc2284c33db28f44","Assets/_Project/Audio/Voice/Opening/opening_009.wav","1bd4e4be00544f36b37abfca1a275ddd","","1bd4e4be00544f36b37abfca1a275ddd","1","1","15","0.296","0.27136364","NEEDS_LISTENING","False","False","False","False","MEDIUM","SEMANTIC_LISTENING_PRIORITY_MEDIUM","20","IMPORTANT_STORY_UNLISTENED","LISTEN_COMPARE_FULL_RUNTIME_TEXT","False","False","False","False","False","False","False","False","False","False","False",""
194,10,"LISTEN_IN_GAMEPLAY_SEQUENCE_COMPARE_FULL_TEXT","0","OpeningIntro","OpeningIntro","Intro","1","10","shared","","opening_010","narrator","Narrator","Limit","Limit","Tools/TTS/opening_narration.csv","Opening","Opening","","opening_010.wav","Unity/Client/Assets/_Project/Audio/Voice/Opening/opening_010.wav","1.82","-21.62841648","-5.88488835","43680","24000","1","16","fa68a5dd52ca3c8af937a0c520171c92aab732ff8be3eac3e88045c32dedc59e","cae27b063782d0d654b10b613bc450b015cb00f503f61564bc341081878082e7","Assets/_Project/Audio/Voice/Opening/opening_010.wav","c14e94ebcb1447279492ae87ff6466af","","c14e94ebcb1447279492ae87ff6466af","1","1","5","0.364","0.27136364","NEEDS_LISTENING","False","False","False","False","MEDIUM","SEMANTIC_LISTENING_PRIORITY_MEDIUM","20","IMPORTANT_STORY_UNLISTENED","LISTEN_COMPARE_FULL_RUNTIME_TEXT","False","False","False","False","False","False","False","False","False","False","False",""
195,11,"LISTEN_IN_GAMEPLAY_SEQUENCE_COMPARE_FULL_TEXT","0","OpeningIntro","OpeningIntro","Intro","1","11","shared","","opening_011","narrator","Narrator","사람들은 서로 달라졌다.","사람들은 서로 달라졌다.","Tools/TTS/opening_narration.csv","Opening","Opening","","opening_011.wav","Unity/Client/Assets/_Project/Audio/Voice/Opening/opening_011.wav","3.01","-22.76939024","-6.09567381","72240","24000","1","16","6cf54a3897ae70716ffe004ac91f76f634cc51fb0a38355c99f70a9aed3d0955","f01661c781605a1f52d135bef662ff0abcd1d9b67a8ac110782886a562ca8287","Assets/_Project/Audio/Voice/Opening/opening_011.wav","56ea0ef7c1ea4440bff2555168092651","","56ea0ef7c1ea4440bff2555168092651","1","1","10","0.301","0.27136364","NEEDS_LISTENING","False","False","False","False","MEDIUM","SEMANTIC_LISTENING_PRIORITY_MEDIUM","20","IMPORTANT_STORY_UNLISTENED","LISTEN_COMPARE_FULL_RUNTIME_TEXT","False","False","False","False","False","False","False","False","False","False","False",""
196,12,"LISTEN_IN_GAMEPLAY_SEQUENCE_COMPARE_FULL_TEXT","0","OpeningIntro","OpeningIntro","Intro","1","12","shared","","opening_012","narrator","Narrator","혼자서는 할 수 없는 일이 생겼고,
때로는 누군가의 손이 필요해졌다.","혼자서는 할 수 없는 일이 생겼고,
때로는 누군가의 손이 필요해졌다.","Tools/TTS/opening_narration.csv","Opening","Opening","","opening_012.wav","Unity/Client/Assets/_Project/Audio/Voice/Opening/opening_012.wav","6.59","-19.91787358","-5.78009404","158160","24000","1","16","d17633f46a695843840e7ba3ade618d8999b51c6eb6b89aaf6fa2a904f809317","c6edac6b686e6ad881a6296bf6b2afdf82c7b34748c26a28d55a6cf648c2bb3b","Assets/_Project/Audio/Voice/Opening/opening_012.wav","b6b90e6dfc3241a49333fc34c25a728c","","b6b90e6dfc3241a49333fc34c25a728c","1","2","27","0.24407407","0.27136364","NEEDS_LISTENING","False","False","False","False","MEDIUM","SEMANTIC_LISTENING_PRIORITY_MEDIUM","20","IMPORTANT_STORY_UNLISTENED","LISTEN_COMPARE_FULL_RUNTIME_TEXT","False","False","False","False","False","False","False","False","False","False","False",""
197,13,"LISTEN_IN_GAMEPLAY_SEQUENCE_COMPARE_FULL_TEXT","0","OpeningIntro","OpeningIntro","Intro","1","13","shared","","opening_013","narrator","Narrator","그리고 아주 오랜 시간이 흐른 뒤
사람들은 조금씩 깨닫기 시작했다.","그리고 아주 오랜 시간이 흐른 뒤
사람들은 조금씩 깨닫기 시작했다.","Tools/TTS/opening_narration.csv","Opening","Opening","","opening_013.wav","Unity/Client/Assets/_Project/Audio/Voice/Opening/opening_013.wav","7.36","-22.39539864","-5.52401043","176640","24000","1","16","66690a9065abafe874c60a88d736554abd87e63f712e5713133a30f3b64cd207","029bc20167a28e9b7ddf762e7fcc5971d7c9c09626ad6cc9465f126e68118cfe","Assets/_Project/Audio/Voice/Opening/opening_013.wav","32bdcbfa215e41fcad3fb552a2a5857b","","32bdcbfa215e41fcad3fb552a2a5857b","1","2","27","0.27259259","0.27136364","NEEDS_LISTENING","False","False","False","False","MEDIUM","SEMANTIC_LISTENING_PRIORITY_MEDIUM","20","IMPORTANT_STORY_UNLISTENED","LISTEN_COMPARE_FULL_RUNTIME_TEXT","False","False","False","False","False","False","False","False","False","False","False",""
198,14,"LISTEN_IN_GAMEPLAY_SEQUENCE_COMPARE_FULL_TEXT","0","OpeningIntro","OpeningIntro","Intro","1","14","shared","","opening_014","narrator","Narrator","한계는 단지 약함이 아니었다.","한계는 단지 약함이 아니었다.","Tools/TTS/opening_narration.csv","Opening","Opening","","opening_014.wav","Unity/Client/Assets/_Project/Audio/Voice/Opening/opening_014.wav","3.56","-20.02352033","-5.4457564","85440","24000","1","16","0941c1781a899884cf82febb11159a1ba075ea67d86545927cf0f8426ec5e1d3","baeb56b8fa026c1564ad4b60afda06cf46bd8279815da3175185ceb64ab9812d","Assets/_Project/Audio/Voice/Opening/opening_014.wav","bf47465911e34e25a98f2b7e8eb8be81","","bf47465911e34e25a98f2b7e8eb8be81","1","1","12","0.29666667","0.27136364","NEEDS_LISTENING","False","False","False","False","MEDIUM","SEMANTIC_LISTENING_PRIORITY_MEDIUM","20","IMPORTANT_STORY_UNLISTENED","LISTEN_COMPARE_FULL_RUNTIME_TEXT","False","False","False","False","False","False","False","False","False","False","False",""
199,15,"LISTEN_IN_GAMEPLAY_SEQUENCE_COMPARE_FULL_TEXT","0","OpeningIntro","OpeningIntro","Intro","1","15","shared","","opening_015","narrator","Narrator","서로를 만나게 하는 이유였고,
서로 다른 힘을 이어 주는 시작이었다.","서로를 만나게 하는 이유였고,
서로 다른 힘을 이어 주는 시작이었다.","Tools/TTS/opening_narration.csv","Opening","Opening","","opening_015.wav","Unity/Client/Assets/_Project/Audio/Voice/Opening/opening_015.wav","6.11","-20.11522194","-5.93093968","146640","24000","1","16","1ba51dda21ac85a2c3d98c6d2960bb36a5571431d6e09c6b0b121b0792a92fea","94e92074a53deb35d7f3fa43b17cf6633abc3dcbfc879f7de3c3c6445dd07c88","Assets/_Project/Audio/Voice/Opening/opening_015.wav","5f085a66aaa24d5dbd22994323623ef3","","5f085a66aaa24d5dbd22994323623ef3","1","2","27","0.2262963","0.27136364","NEEDS_LISTENING","False","False","False","False","MEDIUM","SEMANTIC_LISTENING_PRIORITY_MEDIUM","20","IMPORTANT_STORY_UNLISTENED","LISTEN_COMPARE_FULL_RUNTIME_TEXT","False","False","False","False","False","False","False","False","False","False","False",""
200,16,"LISTEN_IN_GAMEPLAY_SEQUENCE_COMPARE_FULL_TEXT","0","OpeningIntro","OpeningIntro","Intro","1","16","shared","","opening_016","narrator","Narrator","모든 사람에게는 한계가 있다.","모든 사람에게는 한계가 있다.","Tools/TTS/opening_narration.csv","Opening","Opening","","opening_016.wav","Unity/Client/Assets/_Project/Audio/Voice/Opening/opening_016.wav","3.33","-19.7673961","-4.32975506","79920","24000","1","16","fd263a8bf537c0a286acc888e622fb58b7f14f71dcdf42254fa8f1c025061236","1b70d398ab0b92010978023ed0828880d1518792775329561aeeaa6ad664a06d","Assets/_Project/Audio/Voice/Opening/opening_016.wav","6223342999d7401b89a9fb8edc7f92b1","","6223342999d7401b89a9fb8edc7f92b1","1","1","12","0.2775","0.27136364","NEEDS_LISTENING","False","False","False","False","MEDIUM","SEMANTIC_LISTENING_PRIORITY_MEDIUM","20","IMPORTANT_STORY_UNLISTENED","LISTEN_COMPARE_FULL_RUNTIME_TEXT","False","False","False","False","False","False","False","False","False","False","False",""
201,17,"LISTEN_IN_GAMEPLAY_SEQUENCE_COMPARE_FULL_TEXT","0","OpeningIntro","OpeningIntro","Intro","1","17","shared","","opening_017","narrator","Narrator","그리고 모든 사람에게는
그 너머로 나아갈 길이 있다.","그리고 모든 사람에게는
그 너머로 나아갈 길이 있다.","Tools/TTS/opening_narration.csv","Opening","Opening","","opening_017.wav","Unity/Client/Assets/_Project/Audio/Voice/Opening/opening_017.wav","5.4","-21.05661966","-5.87914906","129600","24000","1","16","a0ed16c17d7a0257209984c1e0d0d3e9a537ef36865206cb709a1d4134bea4a0","ee0aea79469518ff89b4aeddff54326cb235647bb4c1c022461dfc74b2585ee1","Assets/_Project/Audio/Voice/Opening/opening_017.wav","fc6c3fc29e86496cb252ee6c8f30274d","","fc6c3fc29e86496cb252ee6c8f30274d","1","2","21","0.25714286","0.27136364","NEEDS_LISTENING","False","False","False","False","MEDIUM","SEMANTIC_LISTENING_PRIORITY_MEDIUM","20","IMPORTANT_STORY_UNLISTENED","LISTEN_COMPARE_FULL_RUNTIME_TEXT","False","False","False","False","False","False","False","False","False","False","False",""
202,18,"LISTEN_IN_GAMEPLAY_SEQUENCE_COMPARE_FULL_TEXT","0","OpeningIntro","OpeningIntro","Intro","1","18","shared","","opening_018","narrator","Narrator","이제, 당신의 길을 선택할 시간이다.","이제, 당신의 길을 선택할 시간이다.","Tools/TTS/opening_narration.csv","Opening","Opening","","opening_018.wav","Unity/Client/Assets/_Project/Audio/Voice/Opening/opening_018.wav","3.78","-22.99938864","-4.97777991","90720","24000","1","16","9abbcd549044e41ee11cea90b08d49de9a3bfd6dade45db19326c371c8853f5d","adc11e6175fb5adbda6a3a3da49e13eef0581cbe49ce988dd98b3fc3a25a3df2","Assets/_Project/Audio/Voice/Opening/opening_018.wav","1c3c8094ed314d9abe729fd92016d1ae","","1c3c8094ed314d9abe729fd92016d1ae","1","1","14","0.27","0.27136364","NEEDS_LISTENING","False","False","False","False","MEDIUM","SEMANTIC_LISTENING_PRIORITY_MEDIUM","20","IMPORTANT_STORY_UNLISTENED","LISTEN_COMPARE_FULL_RUNTIME_TEXT","False","False","False","False","False","False","False","False","False","False","False",""
203,151,"LISTEN_IN_GAMEPLAY_SEQUENCE_COMPARE_FULL_TEXT","13","main_13_drying_land","Field_04/World_ArbelVillage","QuestSequence01","1","1","shared","","main13_paul_001","companion_paul","폴","서쪽으로 갈수록 흙이 더 말라 있습니다. 계절 탓인지는 아직 판단할 수 없겠어요.","서쪽으로 갈수록 흙이 더 말라 있습니다. 계절 탓인지는 아직 판단할 수 없겠어요.","Limitless_TTS_Output_Main13_15/dialogue_manifest_main13_15.csv","Limitless_TTS_Output_Main13_15","Limitless_TTS_Output_Main13_15","Achird","main13_paul_001.wav","Unity/Client/Assets/_Project/Audio/Voice/Story/Main13/main13_paul_001.wav","6.72","-20.82719953","-2.56725593","161280","24000","1","16","611f46289e6e7b9f929c96fd6db058acfac865517c7a8236a2d59d706f55e6b7","a04f44ec16af6f1039f755aaec87543b70c0d8f96614094dea7a4fd0649ec6d2","Assets/_Project/Audio/Voice/Story/Main13/main13_paul_001.wav","611db5f0a0bfce040a5379689d59cef1","companion_paul","611db5f0a0bfce040a5379689d59cef1","2","1","32","0.21","0.2308","NEEDS_LISTENING","False","False","False","False","MEDIUM","SEMANTIC_LISTENING_PRIORITY_MEDIUM","20","IMPORTANT_STORY_UNLISTENED","LISTEN_COMPARE_FULL_RUNTIME_TEXT","False","False","False","False","False","False","False","False","False","False","False",""
204,152,"LISTEN_IN_GAMEPLAY_SEQUENCE_COMPARE_FULL_TEXT","13","main_13_drying_land","Field_04/World_ArbelVillage","QuestSequence02","2","1","shared","","main13_paul_002","companion_paul","폴","물길이 눈에 띄게 줄었습니다. 주변의 살아 있는 나무와 비교해 기록해 두죠.","물길이 눈에 띄게 줄었습니다. 주변의 살아 있는 나무와 비교해 기록해 두죠.","Limitless_TTS_Output_Main13_15/dialogue_manifest_main13_15.csv","Limitless_TTS_Output_Main13_15","Limitless_TTS_Output_Main13_15","Achird","main13_paul_002.wav","Unity/Client/Assets/_Project/Audio/Voice/Story/Main13/main13_paul_002.wav","15.1","-19.55659172","-1.69331233","362400","24000","1","16","ad56d7c106424a4aba78d2ce7646b066262aa850a43cf9d4aa3d0e377195c14c","01decf61fd25ffd4c77607f4d52aec0355e5182bcdc0eb38913fb1fa7c640835","Assets/_Project/Audio/Voice/Story/Main13/main13_paul_002.wav","96d0a9fd69a37824d9a90f47cd2d4514","companion_paul","96d0a9fd69a37824d9a90f47cd2d4514","2","1","30","0.50333333","0.2308","NEEDS_LISTENING","False","False","False","False","MEDIUM","SEMANTIC_LISTENING_PRIORITY_MEDIUM","20","IMPORTANT_STORY_UNLISTENED","LISTEN_COMPARE_FULL_RUNTIME_TEXT","False","False","False","False","False","False","False","False","False","False","False",""
205,153,"LISTEN_IN_GAMEPLAY_SEQUENCE_COMPARE_FULL_TEXT","13","main_13_drying_land","Field_04/World_ArbelVillage","QuestSequence03","3","1","shared","","main13_miel_001","companion_miel","미엘","괜찮으세요?","괜찮으세요?","Limitless_TTS_Output_Main13_15/dialogue_manifest_main13_15.csv","Limitless_TTS_Output_Main13_15","Limitless_TTS_Output_Main13_15","Sulafat","main13_miel_001.wav","Unity/Client/Assets/_Project/Audio/Voice/Story/Main13/main13_miel_001.wav","1.56","-18.17089128","-3.07406434","37440","24000","1","16","73a4eb39c94a75064cd2433dff8961f01a8acc5744cc0c92e0ea02c0b4036355","5a1250dd8eb0bddfc2b0ca69e08267576d11e94621f01644ffac88885004cd3a","Assets/_Project/Audio/Voice/Story/Main13/main13_miel_001.wav","07243826a3cf8cb41a3ee227f6dd6afe","companion_miel","07243826a3cf8cb41a3ee227f6dd6afe","1","1","5","0.312","0.219375","NEEDS_LISTENING","False","False","False","False","MEDIUM","SEMANTIC_LISTENING_PRIORITY_MEDIUM","20","IMPORTANT_STORY_UNLISTENED","LISTEN_COMPARE_FULL_RUNTIME_TEXT","False","False","False","False","False","False","False","False","False","False","False",""
206,154,"LISTEN_IN_GAMEPLAY_SEQUENCE_COMPARE_FULL_TEXT","13","main_13_drying_land","Field_04/World_ArbelVillage","QuestSequence03","3","2","shared","","main13_serin_001","companion_serin","세린","잠시만요. 바람이 강하면 말소리가 흐려져서요.","잠시만요. 바람이 강하면 말소리가 흐려져서요.","Limitless_TTS_Output_Main13_15/dialogue_manifest_main13_15.csv","Limitless_TTS_Output_Main13_15","Limitless_TTS_Output_Main13_15","Schedar","main13_serin_001.wav","Unity/Client/Assets/_Project/Audio/Voice/Story/Main13/main13_serin_001.wav","4.9","-18.39300314","-1.32900126","117600","24000","1","16","60fde5017a9c5adbcb1cb8ea93bd5b9eea575b48536fba7e89593638c177073e","3a01877bb1d11d93915c42beec4cb7c6bb1d28aba2df02624e52b5aab420a63f","Assets/_Project/Audio/Voice/Story/Main13/main13_serin_001.wav","40573fc1e17cd504a8edbcb708c21677","companion_serin","40573fc1e17cd504a8edbcb708c21677","2","1","19","0.25789474","0.21916667","NEEDS_LISTENING","False","False","False","False","MEDIUM","SEMANTIC_LISTENING_PRIORITY_MEDIUM","20","IMPORTANT_STORY_UNLISTENED","LISTEN_COMPARE_FULL_RUNTIME_TEXT","False","False","False","False","False","False","False","False","False","False","False",""
207,155,"LISTEN_IN_GAMEPLAY_SEQUENCE_COMPARE_FULL_TEXT","13","main_13_drying_land","Field_04/World_ArbelVillage","QuestSequence03","3","3","shared","","main13_serin_002","companion_serin","세린","이 장치가 땅의 진동을 제가 알아볼 수 있는 신호로 바꿔 줘요. 중요한지는 제가 판단하고요.","이 장치가 땅의 진동을 제가 알아볼 수 있는 신호로 바꿔 줘요. 중요한지는 제가 판단하고요.","Limitless_TTS_Output_Main13_15/dialogue_manifest_main13_15.csv","Limitless_TTS_Output_Main13_15","Limitless_TTS_Output_Main13_15","Schedar","main13_serin_002.wav","Unity/Client/Assets/_Project/Audio/Voice/Story/Main13/main13_serin_002.wav","7.86","-17.63924128","-1.71815176","188640","24000","1","16","a948fa452fb5996afc105c4f0d02cb4ac1622eef0f1e2f30b3df04f2da06cb2e","ec74ce5cd692d48d547cb25a82289bd3f538a3a643c1ac3ab39a15a5c2ba3c91","Assets/_Project/Audio/Voice/Story/Main13/main13_serin_002.wav","92a29c3a042998f4dbba2cfe00926506","companion_serin","92a29c3a042998f4dbba2cfe00926506","2","1","36","0.21833333","0.21916667","NEEDS_LISTENING","False","False","False","False","MEDIUM","SEMANTIC_LISTENING_PRIORITY_MEDIUM","45","LONG_MULTI_SENTENCE_OR_3_LINES;IMPORTANT_STORY_UNLISTENED","LISTEN_COMPARE_FULL_RUNTIME_TEXT","False","False","False","False","False","False","False","False","False","False","False",""
208,156,"LISTEN_IN_GAMEPLAY_SEQUENCE_COMPARE_FULL_TEXT","13","main_13_drying_land","Field_04/World_ArbelVillage","QuestSequence03","3","4","shared","","main13_serin_003","companion_serin","세린","잠깐만요. 앞에 둘, 오른쪽 뒤에 하나 더 있어요. 발밑으로 울립니다.","잠깐만요. 앞에 둘, 오른쪽 뒤에 하나 더 있어요. 발밑으로 울립니다.","Limitless_TTS_Output_Main13_15/dialogue_manifest_main13_15.csv","Limitless_TTS_Output_Main13_15","Limitless_TTS_Output_Main13_15","Schedar","main13_serin_003.wav","Unity/Client/Assets/_Project/Audio/Voice/Story/Main13/main13_serin_003.wav","6.47","-18.9226311","-1.87692016","155280","24000","1","16","acf68d4299b8b24ffdf3c461124bcf9319adcf4be0ff8d9cac135e73b26e8214","c5344fd9a4999482361d93aa781fc30f7dd1b5d186782568cf4884cda24b2778","Assets/_Project/Audio/Voice/Story/Main13/main13_serin_003.wav","c30628720589e6f4abd44bf6d19318b2","companion_serin","c30628720589e6f4abd44bf6d19318b2","3","1","26","0.24884615","0.21916667","NEEDS_LISTENING","False","False","False","False","MEDIUM","SEMANTIC_LISTENING_PRIORITY_MEDIUM","45","LONG_MULTI_SENTENCE_OR_3_LINES;IMPORTANT_STORY_UNLISTENED","LISTEN_COMPARE_FULL_RUNTIME_TEXT","False","False","False","False","False","False","False","False","False","False","False",""
209,157,"LISTEN_IN_GAMEPLAY_SEQUENCE_COMPARE_FULL_TEXT","13","main_13_drying_land","Field_04/World_ArbelVillage","QuestSequence04","4","1","shared","","main13_serin_004","companion_serin","세린","저도 아르벨로 갑니다. 그곳까지 함께 움직이죠.","저도 아르벨로 갑니다. 그곳까지 함께 움직이죠.","Limitless_TTS_Output_Main13_15/dialogue_manifest_main13_15.csv","Limitless_TTS_Output_Main13_15","Limitless_TTS_Output_Main13_15","Schedar","main13_serin_004.wav","Unity/Client/Assets/_Project/Audio/Voice/Story/Main13/main13_serin_004.wav","3.95","-18.44978071","-1.84080414","94800","24000","1","16","e9467ace9360dc61f071091e5ced7278f1dda41686e7627f7714988f1e91ea52","d1b5dadce60b063138d4f45fb24cd7814bd8fa2cde60b45cffda0e1c9a672e22","Assets/_Project/Audio/Voice/Story/Main13/main13_serin_004.wav","434410bf05fda1a4ba5b5b600e17a74f","companion_serin","434410bf05fda1a4ba5b5b600e17a74f","2","1","19","0.20789474","0.21916667","NEEDS_LISTENING","False","False","False","False","MEDIUM","SEMANTIC_LISTENING_PRIORITY_MEDIUM","20","IMPORTANT_STORY_UNLISTENED","LISTEN_COMPARE_FULL_RUNTIME_TEXT","False","False","False","False","False","False","False","False","False","False","False",""
210,158,"LISTEN_IN_GAMEPLAY_SEQUENCE_COMPARE_FULL_TEXT","13","main_13_drying_land","Field_04/World_ArbelVillage","QuestSequence05","5","1","shared","","main13_leon_001","arbel-leon","레온","아르벨에 오신 걸 환영합니다. 세린은 잠시 자기 조사를 마치고 오겠다고 했습니다.","아르벨에 오신 걸 환영합니다. 세린은 잠시 자기 조사를 마치고 오겠다고 했습니다.","Limitless_TTS_Output_Main13_15/dialogue_manifest_main13_15.csv","Limitless_TTS_Output_Main13_15","Limitless_TTS_Output_Main13_15","Orus","main13_leon_001.wav","Unity/Client/Assets/_Project/Audio/Voice/Story/Main13/main13_leon_001.wav","9.59","-19.83200798","-0.81331341","230160","24000","1","16","bb0d5f54a413142055dc554f39d6d25760e6ae73c50023f314f8627d233651cd","78f4a61a49b417ba256b3422077febc94f6617850a3fa46b708e94864702c7c7","Assets/_Project/Audio/Voice/Story/Main13/main13_leon_001.wav","7688fc9ef88479442a7ed56541506a94","arbel-leon","7688fc9ef88479442a7ed56541506a94","2","1","33","0.29060606","0.34411011","NEEDS_LISTENING","False","False","False","False","MEDIUM","SEMANTIC_LISTENING_PRIORITY_MEDIUM","20","IMPORTANT_STORY_UNLISTENED","LISTEN_COMPARE_FULL_RUNTIME_TEXT","False","False","False","False","False","False","False","False","False","False","False",""
211,21,"LISTEN_IN_GAMEPLAY_SEQUENCE_COMPARE_FULL_TEXT","5","main_05_return_of_three","World_StarterVillage","GuardReport","1","3","shared","GuardReport:3;","main05_taeon_supp_001","companion_taeon","태온","몬스터들이 마을 쪽으로 움직이는 건 맞습니다.
하지만 마을을 노리고 있는 것 같지는 않습니다.","몬스터들이 마을 쪽으로 움직이는 건 맞습니다.
하지만 마을을 노리고 있는 것 같지는 않습니다.","Limitless_TTS_Output_Missing_Main01_05_08_12_v2/dialogue_manifest_missing_main01_05_08_12_v2.csv","Limitless_TTS_Output_Missing_Main01_05_08_12_v2","Limitless_TTS_Output_Missing_Main01_05_08_12_v2","Gacrux","main05_taeon_supp_001.wav","Unity/Client/Assets/_Project/Audio/Voice/Story/Main05/main05_taeon_supp_001.wav","10.55","-21.51250688","-2.45330153","253200","24000","1","16","7d3389e5572169ba64e158be7561aa0e6dbfb518b240217aa6bf4a304a9f5f7b","f599aaa20b9cb4cbd70212133c13ade2a6ced53555c9abf84ffab20e70c4bc68","Assets/_Project/Audio/Voice/Story/Main05/main05_taeon_supp_001.wav","ce4de626ea7fb7244b8e8ae2f02f5e53","companion_taeon","ce4de626ea7fb7244b8e8ae2f02f5e53","2","2","38","0.27763158","0.221875","NEEDS_LISTENING","False","False","False","False","MEDIUM","SEMANTIC_LISTENING_PRIORITY_MEDIUM","45","LONG_MULTI_SENTENCE_OR_3_LINES;SUPPLEMENT_PACK_UNLISTENED","LISTEN_COMPARE_FULL_RUNTIME_TEXT","False","False","False","False","False","False","False","False","False","False","False",""
212,22,"LISTEN_IN_GAMEPLAY_SEQUENCE_COMPARE_FULL_TEXT","5","main_05_return_of_three","World_StarterVillage","GuardReport","1","4","shared","GuardReport:4;","main05_miel_supp_001","companion_miel","미엘","무언가를 피해서 내려오고 있는 것 같아요.","무언가를 피해서 내려오고 있는 것 같아요.","Limitless_TTS_Output_Missing_Main01_05_08_12_v2/dialogue_manifest_missing_main01_05_08_12_v2.csv","Limitless_TTS_Output_Missing_Main01_05_08_12_v2","Limitless_TTS_Output_Missing_Main01_05_08_12_v2","Sulafat","main05_miel_supp_001.wav","Unity/Client/Assets/_Project/Audio/Voice/Story/Main05/main05_miel_supp_001.wav","3.04","-16.93182294","-3.95692386","72960","24000","1","16","2ecba957758ed107f3060d79a998023e6f63fd398e13da326fd642bdeeb5583f","3153a8aa8e784edcc1472ff4c0c56b2a8fe41dfc16476f9db8d496722cbe91df","Assets/_Project/Audio/Voice/Story/Main05/main05_miel_supp_001.wav","25bf6448d0ef95440acce32e564d5647","companion_miel","25bf6448d0ef95440acce32e564d5647","1","1","17","0.17882353","0.219375","NEEDS_LISTENING","False","False","False","False","MEDIUM","SEMANTIC_LISTENING_PRIORITY_MEDIUM","20","SUPPLEMENT_PACK_UNLISTENED","LISTEN_COMPARE_FULL_RUNTIME_TEXT","False","False","False","False","False","False","False","False","False","False","False",""
213,23,"LISTEN_IN_GAMEPLAY_SEQUENCE_COMPARE_FULL_TEXT","5","main_05_return_of_three","World_StarterVillage","RepresentativeReport","2","4","shared","RepresentativeReport:4;","main05_taeon_supp_002","companion_taeon","태온","저도 이 움직임이
어디서 시작됐는지 확인하고 싶습니다.","저도 이 움직임이
어디서 시작됐는지 확인하고 싶습니다.","Limitless_TTS_Output_Missing_Main01_05_08_12_v2/dialogue_manifest_missing_main01_05_08_12_v2.csv","Limitless_TTS_Output_Missing_Main01_05_08_12_v2","Limitless_TTS_Output_Missing_Main01_05_08_12_v2","Gacrux","main05_taeon_supp_002.wav","Unity/Client/Assets/_Project/Audio/Voice/Story/Main05/main05_taeon_supp_002.wav","1.81","-25.26071681","-5.62574231","43440","24000","1","16","7542570369d2a1a92d9611b5b81c978040c8c01ef42b0d9aa5b3c402595e8b55","b3ebaf08bc1a42c031075c4ab6e15fe23a55314576d0b91086240d4a26695e67","Assets/_Project/Audio/Voice/Story/Main05/main05_taeon_supp_002.wav","b48a7ef6325de664f9cc8de19ad9b729","companion_taeon","b48a7ef6325de664f9cc8de19ad9b729","1","2","23","0.07869565","0.221875","NEEDS_LISTENING","False","False","False","False","MEDIUM","SEMANTIC_LISTENING_PRIORITY_MEDIUM","20","SUPPLEMENT_PACK_UNLISTENED","LISTEN_COMPARE_FULL_RUNTIME_TEXT","False","False","False","False","False","False","False","False","False","False","False",""
214,24,"LISTEN_IN_GAMEPLAY_SEQUENCE_COMPARE_FULL_TEXT","5","main_05_return_of_three","World_StarterVillage","RepresentativeReport","2","5","shared","RepresentativeReport:5;","main05_taeon_supp_003","companion_taeon","태온","괜찮으시다면…
조금 더 함께 가겠습니다.","괜찮으시다면…
조금 더 함께 가겠습니다.","Limitless_TTS_Output_Missing_Main01_05_08_12_v2/dialogue_manifest_missing_main01_05_08_12_v2.csv","Limitless_TTS_Output_Missing_Main01_05_08_12_v2","Limitless_TTS_Output_Missing_Main01_05_08_12_v2","Gacrux","main05_taeon_supp_003.wav","Unity/Client/Assets/_Project/Audio/Voice/Story/Main05/main05_taeon_supp_003.wav","2.22","-23.48090463","-5.11664336","53280","24000","1","16","dd9441de43f1128341209aa60aa83308f04c7df801a53aef6ea1751e83fa206d","87690009d384024d9e62bbf5fad47cdb1fb2c6986f8cef97b715a5a84f922bc9","Assets/_Project/Audio/Voice/Story/Main05/main05_taeon_supp_003.wav","214a4ae0abdd7944095eb85ed5e23b1b","companion_taeon","214a4ae0abdd7944095eb85ed5e23b1b","2","2","16","0.13875","0.221875","NEEDS_LISTENING","False","False","False","False","MEDIUM","SEMANTIC_LISTENING_PRIORITY_MEDIUM","20","SUPPLEMENT_PACK_UNLISTENED","LISTEN_COMPARE_FULL_RUNTIME_TEXT","False","False","False","False","False","False","False","False","False","False","False",""
215,25,"LISTEN_IN_GAMEPLAY_SEQUENCE_COMPARE_FULL_TEXT","5","main_05_return_of_three","World_StarterVillage","RepresentativeReport","2","6","shared","RepresentativeReport:6;","main05_miel_supp_002","companion_miel","미엘","이대로 두면
다치는 사람이 더 생길 겁니다.","이대로 두면
다치는 사람이 더 생길 겁니다.","Limitless_TTS_Output_Missing_Main01_05_08_12_v2/dialogue_manifest_missing_main01_05_08_12_v2.csv","Limitless_TTS_Output_Missing_Main01_05_08_12_v2","Limitless_TTS_Output_Missing_Main01_05_08_12_v2","Sulafat","main05_miel_supp_002.wav","Unity/Client/Assets/_Project/Audio/Voice/Story/Main05/main05_miel_supp_002.wav","3.54","-17.60935431","-2.53951455","84960","24000","1","16","bd67fe2e2f5b986c58cf8f40cd496e077da1167332ec79e6b307cc2da8adc1c3","a4281727271bf18fb9c60b1ae31547993bde209c7e30d8433163429c654de1c4","Assets/_Project/Audio/Voice/Story/Main05/main05_miel_supp_002.wav","26ff1e3155ece364ab5eef1fcf1d522a","companion_miel","26ff1e3155ece364ab5eef1fcf1d522a","1","2","17","0.20823529","0.219375","NEEDS_LISTENING","False","False","False","False","MEDIUM","SEMANTIC_LISTENING_PRIORITY_MEDIUM","20","SUPPLEMENT_PACK_UNLISTENED","LISTEN_COMPARE_FULL_RUNTIME_TEXT","False","False","False","False","False","False","False","False","False","False","False",""
216,26,"LISTEN_IN_GAMEPLAY_SEQUENCE_COMPARE_FULL_TEXT","5","main_05_return_of_three","World_StarterVillage","RepresentativeReport","2","7","shared","RepresentativeReport:7;","main05_miel_supp_003","companion_miel","미엘","저도 같이 가겠습니다.
제가 할 수 있는 일이 있을 거예요.","저도 같이 가겠습니다.
제가 할 수 있는 일이 있을 거예요.","Limitless_TTS_Output_Missing_Main01_05_08_12_v2/dialogue_manifest_missing_main01_05_08_12_v2.csv","Limitless_TTS_Output_Missing_Main01_05_08_12_v2","Limitless_TTS_Output_Missing_Main01_05_08_12_v2","Sulafat","main05_miel_supp_003.wav","Unity/Client/Assets/_Project/Audio/Voice/Story/Main05/main05_miel_supp_003.wav","4.06","-20.22414633","-3.24876448","97440","24000","1","16","ef92ab806ebc0fd5ba5c8a63abb00049a8372f4bba0776fee02f55bc308cc141","2ee34bfc9ed1f64e4c83f9dae4e5cd6bbdcbe78da961947023db010ba091ae2e","Assets/_Project/Audio/Voice/Story/Main05/main05_miel_supp_003.wav","f044a709c1d02394bbaa849ef7eec8fe","companion_miel","f044a709c1d02394bbaa849ef7eec8fe","2","2","22","0.18454545","0.219375","NEEDS_LISTENING","False","False","False","False","MEDIUM","SEMANTIC_LISTENING_PRIORITY_MEDIUM","20","SUPPLEMENT_PACK_UNLISTENED","LISTEN_COMPARE_FULL_RUNTIME_TEXT","False","False","False","False","False","False","False","False","False","False","False",""
217,27,"LISTEN_IN_GAMEPLAY_SEQUENCE_COMPARE_FULL_TEXT","6","main_06_into_the_forest","Field_02","OnInteract","1","1","shared","","main06_taeon_001","companion_taeon","태온","초원에서 봤던 움직임과 비슷합니다.","초원에서 봤던 움직임과 비슷합니다.","Limitless_TTS_Output_PreSerin/dialogue_manifest_main01_12.csv","Limitless_TTS_Output_PreSerin","Limitless_TTS_Output_PreSerin","Gacrux","main06_taeon_001.wav","Unity/Client/Assets/_Project/Audio/Voice/Story/Main06/main06_taeon_001.wav","3.36","-19.08976074","-2.19865656","80640","24000","1","16","8151c0cce098d202a40046b7e6109b508f59e62b644e2551b26909cfedaf0b0a","ac7a761c129207242b410dc1d7e9f0a28a7b549b502450f5083ff6ac850a40e8","Assets/_Project/Audio/Voice/Story/Main06/main06_taeon_001.wav","23e83f7f88f624a449aafa5a901bb52a","companion_taeon","23e83f7f88f624a449aafa5a901bb52a","1","1","15","0.224","0.221875","NEEDS_LISTENING","False","False","False","False","LOW","SEMANTIC_LISTENING_PRIORITY_LOW","0","NORMAL_METADATA_SEMANTICS_UNCONFIRMED","LISTEN_COMPARE_FULL_RUNTIME_TEXT","False","False","False","False","False","False","False","False","False","False","False",""
218,28,"LISTEN_IN_GAMEPLAY_SEQUENCE_COMPARE_FULL_TEXT","6","main_06_into_the_forest","Field_02","OnInteract","1","2","shared","","main06_taeon_002","companion_taeon","태온","하지만 여기서는 더 넓게 퍼져 있어요.","하지만 여기서는 더 넓게 퍼져 있어요.","Limitless_TTS_Output_PreSerin/dialogue_manifest_main01_12.csv","Limitless_TTS_Output_PreSerin","Limitless_TTS_Output_PreSerin","Gacrux","main06_taeon_002.wav","Unity/Client/Assets/_Project/Audio/Voice/Story/Main06/main06_taeon_002.wav","4.1","-20.99376879","-3.10773869","98400","24000","1","16","dd6b1722b398a6e6b5fdcb733e9e524858db7ee2dcce4008a7ade73b3d9ddac1","e437a9d9bbea5304cb772a907c73812a4296e3b37653d28439aea12be71fe1fc","Assets/_Project/Audio/Voice/Story/Main06/main06_taeon_002.wav","f5821461fa87641489e5e85008d7f4d4","companion_taeon","f5821461fa87641489e5e85008d7f4d4","1","1","15","0.27333333","0.221875","NEEDS_LISTENING","False","False","False","False","LOW","SEMANTIC_LISTENING_PRIORITY_LOW","0","NORMAL_METADATA_SEMANTICS_UNCONFIRMED","LISTEN_COMPARE_FULL_RUNTIME_TEXT","False","False","False","False","False","False","False","False","False","False","False",""
219,29,"LISTEN_IN_GAMEPLAY_SEQUENCE_COMPARE_FULL_TEXT","6","main_06_into_the_forest","Field_02","OnInteract","1","3","shared","","main06_miel_001","companion_miel","미엘","그럼 초원의 문제만은 아니었던 거네요.","그럼 초원의 문제만은 아니었던 거네요.","Limitless_TTS_Output_PreSerin/dialogue_manifest_main01_12.csv","Limitless_TTS_Output_PreSerin","Limitless_TTS_Output_PreSerin","Sulafat","main06_miel_001.wav","Unity/Client/Assets/_Project/Audio/Voice/Story/Main06/main06_miel_001.wav","3.51","-19.82379055","-4.68560323","84240","24000","1","16","f7dccd47ca8e84378660f2566a15a99c45d88f510854fe87b682a9a2793856d9","cc59819a74ea1c9a3fbce9f8de04f3ead4d0126a04eaaf33c4ddd70e7d2f9a10","Assets/_Project/Audio/Voice/Story/Main06/main06_miel_001.wav","721262a7710b5b348a9911c08536c296","companion_miel","721262a7710b5b348a9911c08536c296","1","1","16","0.219375","0.219375","NEEDS_LISTENING","False","False","False","False","LOW","SEMANTIC_LISTENING_PRIORITY_LOW","0","NORMAL_METADATA_SEMANTICS_UNCONFIRMED","LISTEN_COMPARE_FULL_RUNTIME_TEXT","False","False","False","False","False","False","False","False","False","False","False",""
